<?xml version="1.0" encoding="utf-8"?>
<COLLADA xmlns="http://www.collada.org/2005/11/COLLADASchema" version="1.4.1" xmlns:xsi="http://www.w3.org/2001/XMLSchema-instance">
  <asset>
    <contributor>
      <author>Blender User</author>
      <authoring_tool>Blender 3.6.4 commit date:2023-09-25, commit time:13:24, hash:21bfc5e7fe3f</authoring_tool>
    </contributor>
    <created>2025-04-04T17:39:13</created>
    <modified>2025-04-04T17:39:13</modified>
    <unit name="meter" meter="1"/>
    <up_axis>Z_UP</up_axis>
  </asset>
  <library_effects>
    <effect id="ramp_Material-effect">
      <profile_COMMON>
        <newparam sid="Concrete042A_2K-JPG_Color_jpg-surface">
          <surface type="2D">
            <init_from>Concrete042A_2K-JPG_Color_jpg</init_from>
          </surface>
        </newparam>
        <newparam sid="Concrete042A_2K-JPG_Color_jpg-sampler">
          <sampler2D>
            <source>Concrete042A_2K-JPG_Color_jpg-surface</source>
          </sampler2D>
        </newparam>
        <technique sid="common">
          <lambert>
            <emission>
              <color sid="emission">0 0 0 1</color>
            </emission>
            <diffuse>
              <texture texture="Concrete042A_2K-JPG_Color_jpg-sampler" texcoord="UVMap"/>
            </diffuse>
            <index_of_refraction>
              <float sid="ior">1.45</float>
            </index_of_refraction>
          </lambert>
        </technique>
      </profile_COMMON>
    </effect>
  </library_effects>
  <library_images>
    <image id="Concrete042A_2K-JPG_Color_jpg" name="Concrete042A_2K-JPG_Color_jpg">
      <init_from>Concrete042A_2K-JPG_Color.jpg</init_from>
    </image>
  </library_images>
  <library_materials>
    <material id="ramp_Material-material" name="ramp_Material">
      <instance_effect url="#ramp_Material-effect"/>
    </material>
  </library_materials>
  <library_geometries>
    <geometry id="Cube-mesh" name="Cube">
      <mesh>
        <source id="Cube-mesh-positions">
          <float_array id="Cube-mesh-positions-array" count="5484">-13.72465 -121.4585 20.90954 -13.72465 -122.2634 19.65342 -13.72465 -152.8108 44.41216 -13.72465 -153.6388 43.17113 13.72465 -121.4585 20.90954 13.72465 -122.2634 19.65343 13.72465 -152.8108 44.41216 13.72465 -153.6388 43.17114 13.72465 -127.4228 23.13982 13.72465 -126.5746 22.54174 13.72465 -125.7219 21.95025 13.72465 -124.8645 21.36541 13.72465 -124.0024 20.78733 13.72465 -123.1353 20.21672 13.72465 -122.3201 21.4662 13.72465 -123.177 22.03016 13.72465 -124.0291 22.60155 13.72465 -124.8767 23.17967 13.72465 -125.7197 23.76444 13.72465 -126.5583 24.35574 13.72465 -127.3923 24.9535 13.72465 -128.2217 25.55762 13.72465 -129.0467 26.168 13.72465 -129.8669 26.78471 13.72465 -130.6819 27.40847 13.72465 -131.4923 28.03824 13.72465 -132.2989 28.67453 13.72465 -133.104 29.31603 13.72465 -133.9096 29.96017 13.72465 -134.7165 30.60435 13.72465 -135.524 31.24791 13.72465 -136.332 31.8908 13.72465 -137.1407 32.53297 13.72465 -137.95 33.17437 13.72465 -138.7601 33.81494 13.72465 -139.571 34.45461 13.72465 -140.3828 35.09332 13.72465 -141.1955 35.73099 13.72465 -142.0092 36.36753 13.72465 -142.8242 37.0027 13.72465 -143.6405 37.63644 13.72465 -144.4581 38.26866 13.72465 -145.2776 38.89894 13.72465 -146.099 39.52724 13.72465 -146.9225 40.15322 13.72465 -147.7488 40.77635 13.72465 -148.5783 41.39622 13.72465 -149.4118 42.01205 13.72465 -150.2501 42.62318 13.72465 -151.0946 43.22818 13.72465 -151.9473 43.82542 -13.72465 -151.9473 43.82542 -13.72465 -151.0946 43.22818 -13.72465 -150.2501 42.62318 -13.72465 -149.4118 42.01206 -13.72465 -148.5783 41.39622 -13.72465 -147.7489 40.77635 -13.72465 -146.9225 40.15322 -13.72465 -146.099 39.52725 -13.72465 -145.2776 38.89894 -13.72465 -144.4582 38.26867 -13.72465 -143.6405 37.63644 -13.72465 -142.8242 37.0027 -13.72465 -142.0092 36.36754 -13.72465 -141.1955 35.73099 -13.72465 -140.3828 35.09332 -13.72465 -139.571 34.45462 -13.72465 -138.7601 33.81495 -13.72465 -137.95 33.17438 -13.72465 -137.1407 32.53298 -13.72465 -136.332 31.8908 -13.72465 -135.524 31.24791 -13.72465 -134.7165 30.60436 -13.72465 -133.9096 29.96018 -13.72465 -133.104 29.31604 -13.72465 -132.2989 28.67454 -13.72465 -131.4923 28.03824 -13.72465 -130.6819 27.40848 -13.72465 -129.8669 26.78472 -13.72465 -129.0467 26.16801 -13.72465 -128.2217 25.55763 -13.72465 -127.3923 24.95351 -13.72465 -126.5583 24.35575 -13.72465 -125.7198 23.76444 -13.72465 -124.8767 23.17968 -13.72465 -124.0291 22.60155 -13.72465 -123.177 22.03016 -13.72465 -122.3201 21.46621 13.72465 -128.2662 23.74436 13.72465 -129.105 24.35528 13.72465 -129.9392 24.97249 13.72465 -130.7685 25.59605 13.72465 -131.5925 26.22666 13.72465 -132.4117 26.86329 13.72465 -133.2255 27.50523 13.72465 -134.0345 28.14987 13.72465 -134.8408 28.79457 13.72465 -135.6468 29.43803 13.72465 -136.4533 30.08082 13.72465 -137.2603 30.72289 13.72465 -138.0679 31.36419 13.72465 -138.876 32.00463 13.72465 -139.6848 32.64417 13.72465 -140.4943 33.28273 13.72465 -141.3045 33.92022 13.72465 -142.1156 34.55655 13.72465 -142.9274 35.19164 13.72465 -143.7403 35.82516 13.72465 -144.5542 36.45708 13.72465 -145.3693 37.08728 13.72465 -146.1857 37.71524 13.72465 -147.0036 38.34089 13.72465 -147.8231 38.9638 13.72465 -148.6447 39.58333 13.72465 -149.4684 40.19891 13.72465 -150.2948 40.80953 13.72465 -151.1243 41.41424 13.72465 -151.9575 42.01111 13.72465 -152.7952 42.59793 -13.72465 -123.1353 20.21672 -13.72465 -124.0024 20.78733 -13.72465 -124.8645 21.36541 -13.72465 -125.7219 21.95025 -13.72465 -126.5746 22.54175 -13.72465 -127.4228 23.13982 -13.72465 -128.2662 23.74436 -13.72465 -129.105 24.35528 -13.72465 -129.9392 24.97249 -13.72465 -130.7685 25.59605 -13.72465 -131.5925 26.22666 -13.72465 -132.4117 26.86329 -13.72465 -133.2255 27.50523 -13.72465 -134.0345 28.14987 -13.72465 -134.8408 28.79457 -13.72465 -135.6468 29.43803 -13.72465 -136.4533 30.08082 -13.72465 -137.2603 30.72289 -13.72465 -138.0679 31.36419 -13.72465 -138.876 32.00463 -13.72465 -139.6848 32.64418 -13.72465 -140.4943 33.28273 -13.72465 -141.3045 33.92022 -13.72465 -142.1156 34.55656 -13.72465 -142.9274 35.19164 -13.72465 -143.7403 35.82516 -13.72465 -144.5542 36.45708 -13.72465 -145.3693 37.08728 -13.72465 -146.1857 37.71524 -13.72465 -147.0036 38.34089 -13.72465 -147.8231 38.9638 -13.72465 -148.6447 39.58333 -13.72465 -149.4684 40.19891 -13.72465 -150.2948 40.80954 -13.72465 -151.1243 41.41425 -13.72465 -151.9575 42.01111 -13.72465 -152.7952 42.59793 -13.72465 -85.73017 5.993219 -13.72465 -86.02721 4.531181 13.72465 -85.73017 5.993215 13.72465 -86.02722 4.53118 13.72465 -92.09722 5.978803 13.72465 -91.09261 5.709652 13.72465 -90.08502 5.451477 13.72465 -89.07462 5.204416 13.72465 -88.06142 4.96859 13.72465 -87.0456 4.74414 13.72465 -86.73194 6.202705 13.72465 -87.73134 6.423527 13.72465 -88.72826 6.655567 13.72465 -89.72261 6.898701 13.72465 -90.7143 7.1528 13.72465 -91.70322 7.417747 13.72465 -92.68927 7.69341 13.72465 -93.67238 7.979668 13.72465 -94.65245 8.276395 13.72465 -95.62941 8.58347 13.72465 -96.60314 8.900856 13.72465 -97.57352 9.22856 13.72465 -98.54053 9.566262 13.72465 -99.50411 9.913828 13.72465 -100.4642 10.27114 13.72465 -101.4207 10.63806 13.72465 -102.3736 11.01448 13.72465 -103.3228 11.40028 13.72465 -104.2683 11.79532 13.72465 -105.2099 12.19949 13.72465 -106.1477 12.61267 13.72465 -107.0816 13.03473 13.72465 -108.0116 13.46556 13.72465 -108.9376 13.90503 13.72465 -109.8596 14.35304 13.72465 -110.7775 14.80947 13.72465 -111.6912 15.27419 13.72465 -112.6009 15.7471 13.72465 -113.5063 16.22808 13.72465 -114.4072 16.71769 13.72465 -115.3038 17.21528 13.72465 -116.1961 17.72062 13.72465 -117.0841 18.2336 13.72465 -117.9677 18.75413 13.72465 -118.847 19.2821 13.72465 -119.7219 19.81739 13.72465 -120.5924 20.3599 -13.72465 -120.5924 20.3599 -13.72465 -119.7219 19.81739 -13.72465 -118.847 19.2821 -13.72465 -117.9677 18.75413 -13.72465 -117.0841 18.23361 -13.72465 -116.1961 17.72062 -13.72465 -115.3038 17.21528 -13.72465 -114.4072 16.71769 -13.72465 -113.5063 16.22809 -13.72465 -112.6009 15.7471 -13.72465 -111.6912 15.2742 -13.72465 -110.7775 14.80947 -13.72465 -109.8596 14.35305 -13.72465 -108.9376 13.90504 -13.72465 -108.0116 13.46556 -13.72465 -107.0817 13.03473 -13.72465 -106.1477 12.61267 -13.72465 -105.2099 12.1995 -13.72465 -104.2683 11.79533 -13.72465 -103.3228 11.40029 -13.72465 -102.3736 11.01449 -13.72465 -101.4207 10.63807 -13.72465 -100.4642 10.27114 -13.72465 -99.50412 9.913833 -13.72465 -98.54055 9.566266 -13.72465 -97.57353 9.228566 -13.72465 -96.60314 8.90086 -13.72465 -95.62941 8.583472 -13.72465 -94.65247 8.276402 -13.72465 -93.67238 7.979673 -13.72465 -92.68929 7.693417 -13.72465 -91.70322 7.417751 -13.72465 -90.71431 7.152808 -13.72465 -89.72261 6.898704 -13.72465 -88.72827 6.655573 -13.72465 -87.73133 6.423532 -13.72465 -86.73194 6.202705 13.72465 -93.0988 6.258807 13.72465 -94.09725 6.549534 13.72465 -95.09249 6.850852 13.72465 -96.0844 7.162635 13.72465 -97.07292 7.48484 13.72465 -98.05792 7.817481 13.72465 -99.03937 8.160216 13.72465 -100.0172 8.512918 13.72465 -100.9913 8.875464 13.72465 -101.9618 9.247719 13.72465 -102.9284 9.629557 13.72465 -103.8911 10.02086 13.72465 -104.8499 10.42148 13.72465 -105.8048 10.83132 13.72465 -106.7556 11.25023 13.72465 -107.7024 11.67811 13.72465 -108.6451 12.11481 13.72465 -109.5836 12.56024 13.72465 -110.5179 13.01425 13.72465 -111.448 13.47675 13.72465 -112.3738 13.9476 13.72465 -113.2954 14.42669 13.72465 -114.2125 14.91391 13.72465 -115.125 15.4098 13.72465 -116.033 15.91371 13.72465 -116.9366 16.42542 13.72465 -117.8357 16.94482 13.72465 -118.7303 17.47181 13.72465 -119.6203 18.00627 13.72465 -120.5059 18.5481 13.72465 -121.387 19.09718 -13.72465 -87.0456 4.74414 -13.72465 -88.06142 4.968595 -13.72465 -89.0746 5.204419 -13.72465 -90.08502 5.451479 -13.72465 -91.09261 5.709655 -13.72465 -92.09722 5.978807 -13.72465 -93.0988 6.258812 -13.72465 -94.09725 6.549536 -13.72465 -95.09249 6.850855 -13.72465 -96.0844 7.162635 -13.72465 -97.07292 7.484845 -13.72465 -98.05792 7.817483 -13.72465 -99.03937 8.160219 -13.72465 -100.0172 8.512923 -13.72465 -100.9913 8.875464 -13.72465 -101.9618 9.247722 -13.72465 -102.9284 9.629559 -13.72465 -103.8911 10.02086 -13.72465 -104.8499 10.42149 -13.72465 -105.8048 10.83132 -13.72465 -106.7556 11.25023 -13.72465 -107.7024 11.67811 -13.72465 -108.6451 12.11482 -13.72465 -109.5836 12.56024 -13.72465 -110.5179 13.01426 -13.72465 -111.448 13.47675 -13.72465 -112.3738 13.9476 -13.72465 -113.2954 14.42669 -13.72465 -114.2125 14.91391 -13.72465 -115.125 15.4098 -13.72465 -116.033 15.91371 -13.72465 -116.9366 16.42542 -13.72465 -117.8357 16.94483 -13.72465 -118.7303 17.47181 -13.72465 -119.6203 18.00627 -13.72465 -120.5059 18.5481 -13.72465 -121.387 19.09718 -13.72465 -47.15401 6.744151 -13.72465 -46.79983 5.294893 13.72465 -47.15401 6.744149 13.72465 -46.79985 5.294887 13.72465 -52.91902 4.043281 13.72465 -51.89325 4.22047 13.72465 -50.8696 4.410032 13.72465 -49.84822 4.612078 13.72465 -48.82931 4.826704 13.72465 -47.81305 5.053999 13.72465 -48.14865 6.507673 13.72465 -49.14646 6.284514 13.72465 -50.14707 6.073748 13.72465 -51.15029 5.8753 13.72465 -52.15596 5.689067 13.72465 -53.16391 5.514955 13.72465 -54.17398 5.352847 13.72465 -55.18599 5.202639 13.72465 -56.19983 5.064192 13.72465 -57.21542 4.938316 13.72465 -58.2325 4.823927 13.72465 -59.2509 4.720858 13.72465 -60.27051 4.628953 13.72465 -61.29117 4.548074 13.72465 -62.31277 4.478058 13.72465 -63.33516 4.418753 13.72465 -64.35826 4.369999 13.72465 -65.38193 4.331634 13.72465 -66.40605 4.303491 13.72465 -67.43056 4.285408 13.72465 -68.45531 4.27721 13.72465 -69.47966 4.278729 13.72465 -70.50276 4.291326 13.72465 -71.52492 4.316776 13.72465 -72.54666 4.355208 13.72465 -73.56792 4.40653 13.72465 -74.58852 4.47081 13.72465 -75.60828 4.547912 13.72465 -76.62709 4.637591 13.72465 -77.64478 4.739754 13.72465 -78.66123 4.85429 13.72465 -79.67627 4.981089 13.72465 -80.68981 5.120049 13.72465 -81.70169 5.271053 13.72465 -82.71179 5.433988 13.72465 -83.71997 5.608738 13.72465 -84.72615 5.795191 -13.72465 -84.72615 5.795192 -13.72465 -83.71997 5.60874 -13.72465 -82.71179 5.433993 -13.72465 -81.70169 5.271054 -13.72465 -80.68981 5.120053 -13.72465 -79.67627 4.981091 -13.72465 -78.66123 4.85429 -13.72465 -77.64478 4.739757 -13.72465 -76.62709 4.637597 -13.72465 -75.60829 4.547916 -13.72465 -74.58852 4.470814 -13.72465 -73.56795 4.406534 -13.72465 -72.54666 4.355212 -13.72465 -71.52492 4.316781 -13.72465 -70.50276 4.291328 -13.72465 -69.47966 4.278734 -13.72465 -68.45532 4.277213 -13.72465 -67.43056 4.28541 -13.72465 -66.40607 4.303494 -13.72465 -65.38193 4.331637 -13.72465 -64.35826 4.370002 -13.72465 -63.33516 4.418758 -13.72465 -62.31277 4.478061 -13.72465 -61.29117 4.548079 -13.72465 -60.27051 4.628959 -13.72465 -59.25092 4.720861 -13.72465 -58.2325 4.823933 -13.72465 -57.21544 4.938315 -13.72465 -56.19983 5.064197 -13.72465 -55.18601 5.202638 -13.72465 -54.17398 5.352852 -13.72465 -53.16393 5.514953 -13.72465 -52.15596 5.68907 -13.72465 -51.1503 5.875301 -13.72465 -50.14707 6.073752 -13.72465 -49.14648 6.284511 -13.72465 -48.14865 6.507675 13.72465 -53.9467 3.87835 13.72465 -54.97618 3.725557 13.72465 -56.0072 3.584772 13.72465 -57.0398 3.456779 13.72465 -58.07363 3.340502 13.72465 -59.10857 3.235752 13.72465 -60.14446 3.14238 13.72465 -61.18117 3.060224 13.72465 -62.21858 2.989125 13.72465 -63.25653 2.928917 13.72465 -64.29494 2.879435 13.72465 -65.33365 2.840506 13.72465 -66.37259 2.811959 13.72465 -67.41161 2.793618 13.72465 -68.45064 2.785309 13.72465 -69.49011 2.786855 13.72465 -70.5307 2.799677 13.72465 -71.57176 2.825602 13.72465 -72.61237 2.864746 13.72465 -73.65239 2.917015 13.72465 -74.69156 2.982461 13.72465 -75.72977 3.060955 13.72465 -76.76686 3.152244 13.72465 -77.80269 3.256224 13.72465 -78.83712 3.372785 13.72465 -79.86998 3.501809 13.72465 -80.90117 3.643186 13.72465 -81.93053 3.796799 13.72465 -82.95795 3.962524 13.72465 -83.98326 4.140247 13.72465 -85.00641 4.329841 -13.72465 -47.81305 5.054001 -13.72465 -48.82931 4.826704 -13.72465 -49.84822 4.612082 -13.72465 -50.8696 4.410036 -13.72465 -51.89325 4.220473 -13.72465 -52.91902 4.043281 -13.72465 -53.94671 3.878355 -13.72465 -54.97618 3.725559 -13.72465 -56.0072 3.584776 -13.72465 -57.0398 3.456779 -13.72465 -58.07363 3.340507 -13.72465 -59.10857 3.235757 -13.72465 -60.14446 3.142385 -13.72465 -61.18117 3.060228 -13.72465 -62.21858 2.989128 -13.72465 -63.25653 2.928922 -13.72465 -64.29494 2.879438 -13.72465 -65.33365 2.840509 -13.72465 -66.37259 2.811961 -13.72465 -67.41161 2.793621 -13.72465 -68.45064 2.785312 -13.72465 -69.49011 2.78686 -13.72465 -70.5307 2.799679 -13.72465 -71.57176 2.825607 -13.72465 -72.61237 2.86475 -13.72465 -73.65239 2.917018 -13.72465 -74.69156 2.982465 -13.72465 -75.72977 3.06096 -13.72465 -76.76686 3.15225 -13.72465 -77.80269 3.256227 -13.72465 -78.83712 3.372785 -13.72465 -79.86998 3.501812 -13.72465 -80.90117 3.64319 -13.72465 -81.93053 3.7968 -13.72465 -82.95795 3.962529 -13.72465 -83.98326 4.140249 -13.72465 -85.00641 4.329842 -13.72465 -13.25477 24.88454 -13.72465 -12.25985 23.77281 13.72465 -13.25477 24.88454 13.72465 -12.25986 23.7728 13.72465 -17.05166 19.7724 13.72465 -16.23345 20.41552 13.72465 -15.42285 21.06803 13.72465 -14.61878 21.73067 13.72465 -13.82639 22.40421 13.72465 -13.03936 23.08395 13.72465 -14.0218 24.20672 13.72465 -14.79665 23.53753 13.72465 -15.57674 22.87439 13.72465 -16.36538 22.22451 13.72465 -17.16247 21.58287 13.72465 -17.96686 20.95062 13.72465 -18.77852 20.32795 13.72465 -19.59746 19.71504 13.72465 -20.42363 19.1121 13.72465 -21.25699 18.51932 13.72465 -22.09749 17.93688 13.72465 -22.94549 17.36558 13.72465 -23.80082 16.80553 13.72465 -24.66312 16.2564 13.72465 -25.53228 15.71839 13.72465 -26.40823 15.19163 13.72465 -27.29087 14.6763 13.72465 -28.1801 14.17254 13.72465 -29.07605 13.68099 13.72465 -29.97884 13.20221 13.72465 -30.88786 12.73543 13.72465 -31.80295 12.28079 13.72465 -32.72401 11.83839 13.72465 -33.65085 11.40834 13.72465 -34.58336 10.99072 13.72465 -35.5219 10.58681 13.72465 -36.46587 10.19581 13.72465 -37.415 9.81745 13.72465 -38.3691 9.451794 13.72465 -39.32803 9.098871 13.72465 -40.29159 8.758713 13.72465 -41.25979 8.431814 13.72465 -42.23258 8.11871 13.72465 -43.20945 7.818366 13.72465 -44.19018 7.530778 13.72465 -45.17465 7.255902 13.72465 -46.16265 6.993711 -13.72465 -46.16265 6.993711 -13.72465 -45.17466 7.255904 -13.72465 -44.19018 7.530778 -13.72465 -43.20945 7.818367 -13.72465 -42.23258 8.11871 -13.72465 -41.25979 8.431817 -13.72465 -40.29159 8.758713 -13.72465 -39.32803 9.098874 -13.72465 -38.36912 9.451793 -13.72465 -37.415 9.81745 -13.72465 -36.46588 10.1958 -13.72465 -35.52191 10.58682 -13.72465 -34.58337 10.99071 -13.72465 -33.65085 11.40834 -13.72465 -32.72401 11.8384 -13.72465 -31.80295 12.2808 -13.72465 -30.88786 12.73543 -13.72465 -29.97886 13.2022 -13.72465 -29.07605 13.68099 -13.72465 -28.18011 14.17254 -13.72465 -27.29088 14.67629 -13.72465 -26.40823 15.19163 -13.72465 -25.53229 15.71838 -13.72465 -24.66312 16.2564 -13.72465 -23.80084 16.80552 -13.72465 -22.9455 17.36558 -13.72465 -22.09751 17.93687 -13.72465 -21.257 18.51932 -13.72465 -20.42364 19.1121 -13.72465 -19.59747 19.71504 -13.72465 -18.77853 20.32794 -13.72465 -17.96686 20.95063 -13.72465 -17.16247 21.58288 -13.72465 -16.36539 22.22451 -13.72465 -15.57676 22.87438 -13.72465 -14.79665 23.53753 -13.72465 -14.0218 24.20673 13.72465 -17.87747 19.13887 13.72465 -18.71085 18.51517 13.72465 -19.55178 17.90146 13.72465 -20.40019 17.29797 13.72465 -21.25605 16.7049 13.72465 -22.1197 16.12306 13.72465 -22.99099 15.55254 13.72465 -23.86951 14.99308 13.72465 -24.75518 14.44484 13.72465 -25.64789 13.90801 13.72465 -26.54755 13.38275 13.72465 -27.45403 12.86923 13.72465 -28.36747 12.36809 13.72465 -29.28798 11.87989 13.72465 -30.21489 11.40392 13.72465 -31.14808 10.9403 13.72465 -32.08739 10.48913 13.72465 -33.03266 10.05054 13.72465 -33.98373 9.624615 13.72465 -34.94094 9.21267 13.72465 -35.9037 8.813871 13.72465 -36.87167 8.427996 13.72465 -37.84471 8.055082 13.72465 -38.8226 7.695185 13.72465 -39.80516 7.34833 13.72465 -40.79237 7.015017 13.72465 -41.78416 6.695786 13.72465 -42.77999 6.389604 13.72465 -43.77965 6.096464 13.72465 -44.78299 5.81632 13.72465 -45.78977 5.549151 -13.72465 -13.03937 23.08395 -13.72465 -13.82639 22.40421 -13.72465 -14.61878 21.73067 -13.72465 -15.42286 21.06804 -13.72465 -16.23346 20.41552 -13.72465 -17.05166 19.7724 -13.72465 -17.87747 19.13887 -13.72465 -18.71085 18.51517 -13.72465 -19.55178 17.90146 -13.72465 -20.40019 17.29798 -13.72465 -21.25606 16.7049 -13.72465 -22.1197 16.12306 -13.72465 -22.991 15.55254 -13.72465 -23.86951 14.99308 -13.72465 -24.75518 14.44484 -13.72465 -25.64789 13.90801 -13.72465 -26.54755 13.38275 -13.72465 -27.45404 12.86923 -13.72465 -28.36747 12.36809 -13.72465 -29.28798 11.8799 -13.72465 -30.21489 11.40392 -13.72465 -31.14808 10.9403 -13.72465 -32.08739 10.48913 -13.72465 -33.03266 10.05054 -13.72465 -33.98373 9.624617 -13.72465 -34.94094 9.212675 -13.72465 -35.9037 8.81387 -13.72465 -36.87167 8.427996 -13.72465 -37.84471 8.055087 -13.72465 -38.8226 7.695188 -13.72465 -39.80516 7.348329 -13.72465 -40.79237 7.01502 -13.72465 -41.78416 6.695786 -13.72465 -42.77999 6.389606 -13.72465 -43.77965 6.096464 -13.72465 -44.78299 5.816322 -13.72465 -45.78977 5.549151 -13.72465 12.30221 54.34752 -13.72465 13.49781 53.45514 13.72465 12.30221 54.34752 13.72465 13.4978 53.45513 13.72465 9.752945 48.51102 13.72465 10.38328 49.33061 13.72465 11.00918 50.15339 13.72465 11.63451 50.97658 13.72465 12.25724 51.8016 13.72465 12.87791 52.62811 13.72465 11.68428 53.52313 13.72465 11.06562 52.69929 13.72465 10.44499 51.87705 13.72465 9.821887 51.05679 13.72465 9.19825 50.23697 13.72465 8.57038 49.4206 13.72465 7.942504 48.6042 13.72465 7.310407 47.7913 13.72465 6.677431 46.97911 13.72465 6.041239 46.16961 13.72465 5.40282 45.36195 13.72465 4.762079 44.55627 13.72465 4.117866 43.75353 13.72465 3.472074 42.95216 13.72465 2.821697 42.15471 13.72465 2.170291 41.35819 13.72465 1.513374 40.56647 13.72465 0.8557453 39.7754 13.72465 0.1919155 38.98987 13.72465 -0.4726114 38.20494 13.72465 -1.143763 37.42607 13.72465 -1.815903 36.64808 13.72465 -2.494782 35.87636 13.72465 -3.175314 35.10619 13.72465 -3.862324 34.34219 13.72465 -4.552071 33.58082 13.72465 -5.247635 32.82511 13.72465 -5.947479 32.07363 13.72465 -6.652016 31.32685 13.72465 -7.362883 30.5865 13.72465 -8.0768 29.84929 13.72465 -8.799637 29.12145 13.72465 -9.525212 28.3965 13.72465 -10.25919 27.68064 13.72465 -10.99836 26.97055 13.72465 -11.74295 26.26651 13.72465 -12.49675 25.57304 -13.72465 -12.49675 25.57304 -13.72465 -11.74295 26.26651 -13.72465 -10.99836 26.97055 -13.72465 -10.2592 27.68063 -13.72465 -9.525216 28.3965 -13.72465 -8.799651 29.12143 -13.72465 -8.076802 29.84929 -13.72465 -7.362883 30.5865 -13.72465 -6.652018 31.32685 -13.72465 -5.947481 32.07364 -13.72465 -5.247639 32.82511 -13.72465 -4.552071 33.58082 -13.72465 -3.862335 34.34218 -13.72465 -3.175316 35.10619 -13.72465 -2.494795 35.87635 -13.72465 -1.815906 36.64808 -13.72465 -1.143774 37.42605 -13.72465 -0.4726143 38.20495 -13.72465 0.191904 38.98986 -13.72465 0.8557434 39.7754 -13.72465 1.513371 40.56647 -13.72465 2.170279 41.35818 -13.72465 2.821695 42.15472 -13.72465 3.472062 42.95215 -13.72465 4.117865 43.75353 -13.72465 4.762068 44.55627 -13.72465 5.402817 45.36195 -13.72465 6.041227 46.1696 -13.72465 6.677428 46.97911 -13.72465 7.310395 47.79129 -13.72465 7.942504 48.6042 -13.72465 8.570367 49.42059 -13.72465 9.198247 50.23698 -13.72465 9.821883 51.05679 -13.72465 10.44499 51.87705 -13.72465 11.06562 52.69929 -13.72465 11.68428 53.52313 13.72465 9.122611 47.69144 13.72465 8.48783 46.87508 13.72465 7.852136 46.0594 13.72465 7.213041 45.2462 13.72465 6.57162 44.43475 13.72465 5.927732 43.62512 13.72465 5.280207 42.81824 13.72465 4.630984 42.01263 13.72465 3.976952 41.21069 13.72465 3.3218 40.4096 13.72465 2.660853 39.61301 13.72465 1.999125 38.81703 13.72465 1.330832 38.02619 13.72465 0.6617985 37.23597 13.72465 -0.01426887 36.45137 13.72465 -0.6913881 35.66764 13.72465 -1.375681 34.88975 13.72465 -2.061735 34.11335 13.72465 -2.754706 33.3427 13.72465 -3.450596 32.57456 13.72465 -4.15271 31.81174 13.72465 -4.859419 31.0529 13.72465 -5.571165 30.29847 13.72465 -6.289705 29.55012 13.72465 -7.011555 28.80476 13.72465 -7.742998 28.0682 13.72465 -8.477421 27.33446 13.72465 -9.220925 26.60928 13.72465 -9.970061 25.88962 13.72465 -10.72511 25.17573 13.72465 -11.49015 24.47187 -13.72465 12.8779 52.62812 -13.72465 12.25724 51.8016 -13.72465 11.6345 50.97658 -13.72465 11.00917 50.15339 -13.72465 10.38328 49.33061 -13.72465 9.752943 48.51102 -13.72465 9.122611 47.69144 -13.72465 8.487826 46.87508 -13.72465 7.852133 46.0594 -13.72465 7.213039 45.24621 -13.72465 6.571617 44.43475 -13.72465 5.927731 43.62512 -13.72465 5.280205 42.81824 -13.72465 4.630983 42.01263 -13.72465 3.97695 41.2107 -13.72465 3.321797 40.40961 -13.72465 2.660851 39.61301 -13.72465 1.999123 38.81703 -13.72465 1.33083 38.02619 -13.72465 0.6617956 37.23598 -13.72465 -0.01426982 36.45137 -13.72465 -0.691391 35.66764 -13.72465 -1.375683 34.88975 -13.72465 -2.061738 34.11335 -13.72465 -2.754706 33.3427 -13.72465 -3.450596 32.57457 -13.72465 -4.152714 31.81174 -13.72465 -4.859421 31.0529 -13.72465 -5.571167 30.29848 -13.72465 -6.289705 29.55012 -13.72465 -7.011557 28.80476 -13.72465 -7.743002 28.0682 -13.72465 -8.477425 27.33446 -13.72465 -9.220927 26.60929 -13.72465 -9.970065 25.88962 -13.72465 -10.72511 25.17573 -13.72465 -11.49015 24.47187 -13.72465 34.92714 86.33535 -13.72465 36.1579 85.49214 13.72465 34.92714 86.33535 13.72465 36.1579 85.49213 13.72465 32.65079 80.38709 13.72465 33.23635 81.23728 13.72465 33.82126 82.08787 13.72465 34.40619 82.93846 13.72465 34.99052 83.78941 13.72465 35.57422 84.64078 13.72465 34.3438 85.48451 13.72465 33.76046 84.63365 13.72465 33.17651 83.78327 13.72465 32.592 82.93327 13.72465 32.00751 82.08329 13.72465 31.4224 81.23375 13.72465 30.83655 80.38476 13.72465 30.25072 79.53577 13.72465 29.66421 78.68727 13.72465 29.07686 77.8394 13.72465 28.48949 76.99154 13.72465 27.90133 76.14427 13.72465 27.31226 75.29768 13.72465 26.7232 74.45109 13.72465 26.13305 73.60529 13.72465 25.54209 72.76012 13.72465 24.95112 71.91493 13.72465 24.35864 71.07089 13.72465 23.76557 70.22731 13.72465 23.17248 69.3837 13.72465 22.57727 68.54172 13.72465 21.98186 67.69987 13.72465 21.386 66.85837 13.72465 20.78804 66.01844 13.72465 20.19009 65.17853 13.72465 19.59076 64.33966 13.72465 18.99001 63.50186 13.72465 18.38926 62.66406 13.72465 17.78592 61.82825 13.72465 17.18212 60.99278 13.72465 16.57744 60.15801 13.72465 15.97036 59.32509 13.72465 15.36327 58.49216 13.72465 14.75355 57.6613 13.72465 14.14288 56.83114 13.72465 13.53124 56.00178 13.72465 12.91672 55.17465 -13.72465 12.91672 55.17465 -13.72465 13.53124 56.00178 -13.72465 14.14288 56.83114 -13.72465 14.75354 57.66129 -13.72465 15.36327 58.49216 -13.72465 15.97035 59.32508 -13.72465 16.57744 60.15801 -13.72465 17.18212 60.99278 -13.72465 17.78591 61.82825 -13.72465 18.38926 62.66406 -13.72465 18.99001 63.50186 -13.72465 19.59075 64.33966 -13.72465 20.19008 65.17853 -13.72465 20.78804 66.01844 -13.72465 21.38599 66.85836 -13.72465 21.98186 67.69987 -13.72465 22.57726 68.54171 -13.72465 23.17248 69.3837 -13.72465 23.76556 70.22729 -13.72465 24.35864 71.07089 -13.72465 24.95112 71.91493 -13.72465 25.54208 72.76011 -13.72465 26.13305 73.60529 -13.72465 26.72319 74.45108 -13.72465 27.31226 75.29768 -13.72465 27.90132 76.14427 -13.72465 28.48949 76.99154 -13.72465 29.07684 77.83939 -13.72465 29.66421 78.68727 -13.72465 30.2507 79.53576 -13.72465 30.83655 80.38477 -13.72465 31.42239 81.23375 -13.72465 32.0075 82.08329 -13.72465 32.592 82.93327 -13.72465 33.17651 83.78327 -13.72465 33.76046 84.63365 -13.72465 34.3438 85.48451 13.72465 32.06447 79.5374 13.72465 31.47814 78.68771 13.72465 30.89113 77.83847 13.72465 30.3032 76.98978 13.72465 29.71529 76.14112 13.72465 29.12652 75.29299 13.72465 28.53682 74.44549 13.72465 27.94711 73.59796 13.72465 27.35629 72.75119 13.72465 26.76459 71.90496 13.72465 26.17289 71.05875 13.72465 25.57962 70.21358 13.72465 24.98571 69.3688 13.72465 24.39181 68.52404 13.72465 23.79567 67.68074 13.72465 23.19934 66.83758 13.72465 22.60252 65.99473 13.72465 22.00352 65.15335 13.72465 21.40451 64.31195 13.72465 20.80408 63.47153 13.72465 20.20216 62.6321 13.72465 19.60024 61.79267 13.72465 18.9956 60.95507 13.72465 18.3905 60.11779 13.72465 17.78447 59.28115 13.72465 17.17592 58.44621 13.72465 16.56737 57.61129 13.72465 15.95606 56.77825 13.72465 15.34377 55.94589 13.72465 14.73045 55.11427 13.72465 14.11413 54.2847 -13.72465 35.57422 84.64079 -13.72465 34.99052 83.78941 -13.72465 34.40619 82.93846 -13.72465 33.82126 82.08787 -13.72465 33.23635 81.23728 -13.72465 32.65079 80.3871 -13.72465 32.06447 79.53741 -13.72465 31.47814 78.68771 -13.72465 30.89113 77.83847 -13.72465 30.3032 76.98978 -13.72465 29.71529 76.14112 -13.72465 29.12652 75.29299 -13.72465 28.53682 74.44549 -13.72465 27.94711 73.59796 -13.72465 27.35629 72.75119 -13.72465 26.76458 71.90497 -13.72465 26.17289 71.05875 -13.72465 25.57962 70.21358 -13.72465 24.98571 69.3688 -13.72465 24.39181 68.52404 -13.72465 23.79567 67.68074 -13.72465 23.19934 66.83758 -13.72465 22.60252 65.99473 -13.72465 22.00352 65.15335 -13.72465 21.40451 64.31196 -13.72465 20.80408 63.47153 -13.72465 20.20216 62.6321 -13.72465 19.60024 61.79267 -13.72465 18.9956 60.95507 -13.72465 18.3905 60.11779 -13.72465 17.78447 59.28115 -13.72465 17.17591 58.44621 -13.72465 16.56737 57.61129 -13.72465 15.95605 56.77825 -13.72465 15.34377 55.9459 -13.72465 14.73045 55.11427 -13.72465 14.11413 54.2847 -13.72465 56.97225 118.7615 -13.72465 58.20645 117.9233 13.72465 56.97225 118.7615 13.72465 58.20645 117.9233 13.72465 54.72935 112.8007 13.72465 55.30876 113.6545 13.72465 55.88817 114.5084 13.72465 56.46758 115.3622 13.72465 57.04717 116.216 13.72465 57.62681 117.0697 13.72465 56.39254 117.9077 13.72465 55.81283 117.054 13.72465 55.23317 116.2001 13.72465 54.65372 115.3462 13.72465 54.07426 114.4923 13.72465 53.4948 113.6384 13.72465 52.91542 112.7844 13.72465 52.33609 111.9304 13.72465 51.75678 111.0764 13.72465 51.17747 110.2224 13.72465 50.59819 109.3684 13.72465 50.01892 108.5144 13.72465 49.43966 107.6604 13.72465 48.86038 106.8064 13.72465 48.28104 105.9524 13.72465 47.70172 105.0985 13.72465 47.12239 104.2446 13.72465 46.54295 103.3908 13.72465 45.96345 102.537 13.72465 45.38394 101.6833 13.72465 44.80437 100.8296 13.72465 44.22455 99.97602 13.72465 43.64477 99.12251 13.72465 43.06496 98.26897 13.72465 42.48482 97.41569 13.72465 41.90459 96.56251 13.72465 41.32438 95.70934 13.72465 40.74392 94.85631 13.72465 40.16313 94.00355 13.72465 39.58234 93.15077 13.72465 39.00148 92.29807 13.72465 38.42 91.44584 13.72465 37.83851 90.59359 13.72465 37.25703 89.74137 13.72465 36.67481 88.88967 13.72465 36.09248 88.03807 13.72465 35.51014 87.18647 -13.72465 35.51014 87.18647 -13.72465 36.09248 88.03808 -13.72465 36.67481 88.88967 -13.72465 37.25701 89.74136 -13.72465 37.83851 90.59359 -13.72465 38.41999 91.44583 -13.72465 39.00148 92.29808 -13.72465 39.58233 93.15078 -13.72465 40.16312 94.00355 -13.72465 40.74392 94.85631 -13.72465 41.32438 95.70934 -13.72465 41.90459 96.56252 -13.72465 42.48482 97.41569 -13.72465 43.06496 98.26898 -13.72465 43.64475 99.12248 -13.72465 44.22455 99.97602 -13.72465 44.80437 100.8296 -13.72465 45.38393 101.6833 -13.72465 45.96343 102.537 -13.72465 46.54294 103.3908 -13.72465 47.12239 104.2446 -13.72465 47.70171 105.0985 -13.72465 48.28104 105.9524 -13.72465 48.86036 106.8064 -13.72465 49.43966 107.6604 -13.72465 50.01892 108.5144 -13.72465 50.59818 109.3684 -13.72465 51.17745 110.2224 -13.72465 51.75678 111.0764 -13.72465 52.33609 111.9304 -13.72465 52.9154 112.7844 -13.72465 53.49479 113.6384 -13.72465 54.07426 114.4923 -13.72465 54.65371 115.3462 -13.72465 55.23317 116.2001 -13.72465 55.81283 117.054 -13.72465 56.39254 117.9077 13.72465 54.14999 111.9468 13.72465 53.5707 111.0928 13.72465 52.99142 110.2388 13.72465 52.41211 109.3849 13.72465 51.83284 108.5309 13.72465 51.25357 107.6768 13.72465 50.6743 106.8228 13.72465 50.095 105.9688 13.72465 49.51563 105.1148 13.72465 48.93627 104.2609 13.72465 48.35691 103.4069 13.72465 47.7774 102.553 13.72465 47.19781 101.6991 13.72465 46.61825 100.8452 13.72465 46.03861 99.99142 13.72465 45.45868 99.13773 13.72465 44.87876 98.28402 13.72465 44.29887 97.43035 13.72465 43.71858 96.57687 13.72465 43.13821 95.72347 13.72465 42.55784 94.87007 13.72465 41.97721 94.0168 13.72465 41.39623 93.16375 13.72465 40.81524 92.31069 13.72465 40.23419 91.4577 13.72465 39.65246 90.6051 13.72465 39.07073 89.75251 13.72465 38.489 88.89991 13.72465 37.9065 88.04782 13.72465 37.32388 87.19578 13.72465 36.74124 86.34375 -13.72465 57.62681 117.0697 -13.72465 57.04717 116.216 -13.72465 56.46758 115.3622 -13.72465 55.88817 114.5084 -13.72465 55.30876 113.6546 -13.72465 54.72935 112.8007 -13.72465 54.14999 111.9468 -13.72465 53.5707 111.0928 -13.72465 52.99142 110.2388 -13.72465 52.41211 109.3849 -13.72465 51.83283 108.5309 -13.72465 51.25357 107.6769 -13.72465 50.6743 106.8228 -13.72465 50.09499 105.9688 -13.72465 49.51563 105.1148 -13.72465 48.93627 104.2609 -13.72465 48.35691 103.4069 -13.72465 47.7774 102.553 -13.72465 47.19781 101.6991 -13.72465 46.61824 100.8453 -13.72465 46.0386 99.99142 -13.72465 45.45868 99.13773 -13.72465 44.87876 98.28402 -13.72465 44.29886 97.43036 -13.72465 43.71858 96.57687 -13.72465 43.13821 95.72348 -13.72465 42.55784 94.87007 -13.72465 41.97721 94.0168 -13.72465 41.39622 93.16375 -13.72465 40.81524 92.3107 -13.72465 40.23419 91.45771 -13.72465 39.65245 90.6051 -13.72465 39.07073 89.75251 -13.72465 38.489 88.89992 -13.72465 37.9065 88.04782 -13.72465 37.32387 87.19579 -13.72465 36.74124 86.34375 -13.72465 79.10649 151.1371 -13.72465 80.33457 150.2899 13.72465 79.10651 151.1371 13.72465 80.33457 150.2899 13.72465 76.82382 145.1913 13.72465 77.4083 146.0415 13.72465 77.99288 146.8916 13.72465 78.5783 147.7412 13.72465 79.16373 148.5908 13.72465 79.74915 149.4403 13.72465 78.52086 150.2872 13.72465 77.93523 149.4373 13.72465 77.34961 148.5874 13.72465 76.76395 147.7375 13.72465 76.17916 146.8871 13.72465 75.59447 146.0366 13.72465 75.00978 145.186 13.72465 74.42506 144.3355 13.72465 73.84085 143.4847 13.72465 73.25704 142.6336 13.72465 72.67322 141.7825 13.72465 72.08937 140.9313 13.72465 71.50579 140.0801 13.72465 70.92278 139.2284 13.72465 70.33977 138.3768 13.72465 69.75673 137.5251 13.72465 69.1738 136.6734 13.72465 68.59152 135.8213 13.72465 68.00926 134.9692 13.72465 67.42699 134.117 13.72465 66.84471 133.2649 13.72465 66.26309 132.4123 13.72465 65.68149 131.5598 13.72465 65.0999 130.7072 13.72465 64.51828 129.8546 13.72465 63.93722 129.0017 13.72465 63.35622 128.1487 13.72465 62.77521 127.2957 13.72465 62.19419 126.4428 13.72465 61.61365 125.5895 13.72465 61.03317 124.7362 13.72465 60.45269 123.8829 13.72465 59.8722 123.0296 13.72465 59.29211 122.176 13.72465 58.71206 121.3225 13.72465 58.132 120.4689 13.72465 57.55198 119.6153 -13.72465 57.55198 119.6153 -13.72465 58.132 120.4689 -13.72465 58.71205 121.3225 -13.72465 59.29211 122.176 -13.72465 59.87218 123.0296 -13.72465 60.45269 123.8829 -13.72465 61.03317 124.7362 -13.72465 61.61365 125.5895 -13.72465 62.19419 126.4428 -13.72465 62.77521 127.2957 -13.72465 63.35621 128.1487 -13.72465 63.93722 129.0017 -13.72465 64.51828 129.8546 -13.72465 65.09989 130.7072 -13.72465 65.68149 131.5598 -13.72465 66.26309 132.4123 -13.72465 66.84471 133.2649 -13.72465 67.42697 134.117 -13.72465 68.00926 134.9692 -13.72465 68.59152 135.8213 -13.72465 69.17379 136.6735 -13.72465 69.75673 137.5251 -13.72465 70.33975 138.3768 -13.72465 70.92278 139.2284 -13.72465 71.50579 140.0801 -13.72465 72.08937 140.9313 -13.72465 72.67319 141.7825 -13.72465 73.25704 142.6336 -13.72465 73.84085 143.4847 -13.72465 74.42506 144.3355 -13.72465 75.00975 145.186 -13.72465 75.59447 146.0366 -13.72465 76.17916 146.8871 -13.72465 76.76395 147.7375 -13.72465 77.34958 148.5874 -13.72465 77.93523 149.4373 -13.72465 78.52086 150.2872 13.72465 76.23931 144.3411 13.72465 75.65482 143.4908 13.72465 75.07082 142.6403 13.72465 74.48719 141.7895 13.72465 73.90354 140.9386 13.72465 73.31992 140.0878 13.72465 72.73653 139.2368 13.72465 72.15369 138.3854 13.72465 71.57084 137.534 13.72465 70.98801 136.6827 13.72465 70.40525 135.8312 13.72465 69.82315 134.9794 13.72465 69.24105 134.1275 13.72465 68.65894 133.2755 13.72465 68.07683 132.4237 13.72465 67.49536 131.5713 13.72465 66.91392 130.719 13.72465 66.33246 129.8666 13.72465 65.75102 129.0143 13.72465 65.17009 128.1615 13.72465 64.58922 127.3088 13.72465 64.00835 126.456 13.72465 63.42746 125.6032 13.72465 62.84704 124.7501 13.72465 62.26667 123.897 13.72465 61.6863 123.0439 13.72465 61.10592 122.1907 13.72465 60.52594 121.3373 13.72465 59.94599 120.4839 13.72465 59.36603 119.6305 13.72465 58.7861 118.777 -13.72465 79.74915 149.4403 -13.72465 79.16373 148.5908 -13.72465 78.5783 147.7412 -13.72465 77.99288 146.8916 -13.72465 77.4083 146.0415 -13.72465 76.82381 145.1913 -13.72465 76.23931 144.3411 -13.72465 75.65482 143.4908 -13.72465 75.07082 142.6403 -13.72465 74.48719 141.7895 -13.72465 73.90354 140.9386 -13.72465 73.31992 140.0878 -13.72465 72.73652 139.2368 -13.72465 72.15369 138.3854 -13.72465 71.57084 137.534 -13.72465 70.98801 136.6827 -13.72465 70.40525 135.8312 -13.72465 69.82315 134.9794 -13.72465 69.24105 134.1275 -13.72465 68.65894 133.2756 -13.72465 68.07683 132.4237 -13.72465 67.49536 131.5713 -13.72465 66.91391 130.719 -13.72465 66.33246 129.8666 -13.72465 65.75102 129.0143 -13.72465 65.17009 128.1615 -13.72465 64.58922 127.3088 -13.72465 64.00835 126.456 -13.72465 63.42746 125.6032 -13.72465 62.84704 124.7501 -13.72465 62.26667 123.897 -13.72465 61.6863 123.0439 -13.72465 61.10591 122.1907 -13.72465 60.52594 121.3373 -13.72465 59.94598 120.4839 -13.72465 59.36603 119.6305 -13.72465 58.7861 118.777 -13.72465 101.5517 183.3013 -13.72465 102.7702 182.4405 13.72465 101.5517 183.3013 13.72465 102.7702 182.4405 13.72465 99.20377 177.3809 13.72465 99.79712 178.225 13.72465 100.3916 179.0681 13.72465 100.9862 179.9112 13.72465 101.5809 180.7543 13.72465 102.1756 181.5974 13.72465 100.9568 182.4578 13.72465 100.3619 181.6144 13.72465 99.76691 180.7709 13.72465 99.17198 179.9275 13.72465 98.57726 179.0839 13.72465 97.98365 178.2395 13.72465 97.39002 177.3951 13.72465 96.7964 176.5507 13.72465 96.20278 175.7063 13.72465 95.60948 174.8618 13.72465 95.01714 174.0165 13.72465 94.42479 173.1712 13.72465 93.83245 172.3259 13.72465 93.2401 171.4807 13.72465 92.64827 170.6351 13.72465 92.05715 169.7889 13.72465 91.46605 168.9428 13.72465 90.87494 168.0967 13.72465 90.28383 167.2505 13.72465 89.6935 166.4039 13.72465 89.10356 165.5569 13.72465 88.51366 164.71 13.72465 87.92374 163.863 13.72465 87.33382 163.0161 13.72465 86.745 162.1684 13.72465 86.15622 161.3206 13.72465 85.56746 160.4729 13.72465 84.97869 159.6252 13.72465 84.39026 158.7771 13.72465 83.8026 157.9287 13.72465 83.21492 157.0802 13.72465 82.62725 156.2317 13.72465 82.03958 155.3832 13.72465 81.45272 154.5341 13.72465 80.86609 153.6849 13.72465 80.27947 152.8357 13.72465 79.69284 151.9865 -13.72465 79.69284 151.9865 -13.72465 80.27947 152.8357 -13.72465 80.86609 153.6849 -13.72465 81.45272 154.5341 -13.72465 82.03958 155.3832 -13.72465 82.62725 156.2317 -13.72465 83.21492 157.0802 -13.72465 83.8026 157.9287 -13.72465 84.39026 158.7771 -13.72465 84.97869 159.6252 -13.72465 85.56746 160.4729 -13.72465 86.15622 161.3206 -13.72465 86.745 162.1684 -13.72465 87.3338 163.0161 -13.72465 87.92374 163.863 -13.72465 88.51366 164.71 -13.72465 89.10356 165.5569 -13.72465 89.69348 166.4039 -13.72465 90.28383 167.2505 -13.72465 90.87494 168.0967 -13.72465 91.46604 168.9428 -13.72465 92.05715 169.7889 -13.72465 92.64826 170.6351 -13.72465 93.2401 171.4807 -13.72465 93.83245 172.3259 -13.72465 94.42479 173.1712 -13.72465 95.01712 174.0165 -13.72465 95.60948 174.8618 -13.72465 96.20278 175.7063 -13.72465 96.7964 176.5507 -13.72465 97.39 177.3951 -13.72465 97.98365 178.2395 -13.72465 98.57726 179.0839 -13.72465 99.17198 179.9275 -13.72465 99.76691 180.7709 -13.72465 100.3619 181.6144 -13.72465 100.9568 182.4579 13.72465 98.6104 176.5369 13.72465 98.01706 175.6929 13.72465 97.42371 174.8489 13.72465 96.83068 174.0047 13.72465 96.23859 173.1598 13.72465 95.64652 172.3149 13.72465 95.05443 171.47 13.72465 94.46234 170.6251 13.72465 93.87076 169.7799 13.72465 93.27991 168.9341 13.72465 92.68906 168.0884 13.72465 92.09822 167.2426 13.72465 91.50736 166.3969 13.72465 90.91727 165.5506 13.72465 90.32759 164.704 13.72465 89.73795 163.8574 13.72465 89.14827 163.0108 13.72465 88.5586 162.1642 13.72465 87.97002 161.3168 13.72465 87.38149 160.4694 13.72465 86.79297 159.6221 13.72465 86.20444 158.7747 13.72465 85.61626 157.927 13.72465 85.02883 157.0789 13.72465 84.44139 156.2307 13.72465 83.85395 155.3826 13.72465 83.26651 154.5344 13.72465 82.67987 153.6857 13.72465 82.09348 152.8368 13.72465 81.50708 151.9879 13.72465 80.92069 151.139 -13.72465 102.1755 181.5974 -13.72465 101.5809 180.7543 -13.72465 100.9862 179.9112 -13.72465 100.3916 179.0681 -13.72465 99.79712 178.225 -13.72465 99.20377 177.3809 -13.72465 98.6104 176.5369 -13.72465 98.01706 175.6929 -13.72465 97.42371 174.8489 -13.72465 96.83068 174.0047 -13.72465 96.23857 173.1598 -13.72465 95.6465 172.3149 -13.72465 95.05443 171.47 -13.72465 94.46234 170.6251 -13.72465 93.87076 169.7799 -13.72465 93.27991 168.9341 -13.72465 92.68906 168.0884 -13.72465 92.09821 167.2426 -13.72465 91.50736 166.3969 -13.72465 90.91727 165.5506 -13.72465 90.32759 164.704 -13.72465 89.73793 163.8574 -13.72465 89.14827 163.0108 -13.72465 88.55858 162.1642 -13.72465 87.97002 161.3168 -13.72465 87.38149 160.4695 -13.72465 86.79297 159.6221 -13.72465 86.20444 158.7747 -13.72465 85.61626 157.927 -13.72465 85.02883 157.0789 -13.72465 84.44138 156.2307 -13.72465 83.85395 155.3826 -13.72465 83.26651 154.5344 -13.72465 82.67987 153.6857 -13.72465 82.09348 152.8368 -13.72465 81.50708 151.9879 -13.72465 80.92069 151.139 -13.72465 125.6466 214.3251 -13.72465 126.7164 213.2852 13.72465 125.6466 214.3251 13.72465 126.7164 213.2852 13.72465 122.5345 208.7683 13.72465 123.2164 209.5354 13.72465 123.9054 210.296 13.72465 124.5993 211.0518 13.72465 125.2984 211.8028 13.72465 126.0039 212.5474 13.72465 124.9254 213.5782 13.72465 124.2114 212.8247 13.72465 123.5043 212.0651 13.72465 122.8024 211.3006 13.72465 122.1058 210.5316 13.72465 121.4165 209.7562 13.72465 120.733 208.976 13.72465 120.0545 208.1915 13.72465 119.3811 207.4028 13.72465 118.714 206.6089 13.72465 118.0525 205.8106 13.72465 117.3958 205.0085 13.72465 116.7438 204.2027 13.72465 116.0966 203.3932 13.72465 115.4554 202.5791 13.72465 114.8187 201.7617 13.72465 114.1863 200.9411 13.72465 113.5584 200.1173 13.72465 112.9346 199.2905 13.72465 112.3151 198.4607 13.72465 111.6998 197.628 13.72465 111.0885 196.7925 13.72465 110.4809 195.9546 13.72465 109.8767 195.1146 13.72465 109.2757 194.2726 13.72465 108.6776 193.4288 13.72465 108.082 192.5836 13.72465 107.4888 191.7375 13.72465 106.8973 190.8907 13.72465 106.307 190.044 13.72465 105.717 189.1983 13.72465 105.1263 188.3547 13.72465 104.5323 187.5131 13.72465 103.9362 186.6708 13.72465 103.34 185.8285 13.72465 102.7439 184.9861 13.72465 102.1477 184.1438 -13.72465 102.1477 184.1438 -13.72465 102.7439 184.9861 -13.72465 103.34 185.8285 -13.72465 103.9362 186.6708 -13.72465 104.5323 187.5131 -13.72465 105.1262 188.3547 -13.72465 105.717 189.1983 -13.72465 106.307 190.044 -13.72465 106.8973 190.8907 -13.72465 107.4888 191.7375 -13.72465 108.082 192.5836 -13.72465 108.6776 193.4288 -13.72465 109.2757 194.2726 -13.72465 109.8767 195.1146 -13.72465 110.4809 195.9546 -13.72465 111.0885 196.7925 -13.72465 111.6998 197.628 -13.72465 112.3151 198.4607 -13.72465 112.9346 199.2905 -13.72465 113.5584 200.1173 -13.72465 114.1863 200.9411 -13.72465 114.8187 201.7617 -13.72465 115.4554 202.5791 -13.72465 116.0966 203.3932 -13.72465 116.7438 204.2027 -13.72465 117.3958 205.0085 -13.72465 118.0525 205.8106 -13.72465 118.714 206.6089 -13.72465 119.3811 207.4028 -13.72465 120.0545 208.1915 -13.72465 120.733 208.9759 -13.72465 121.4165 209.7562 -13.72465 122.1058 210.5316 -13.72465 122.8024 211.3006 -13.72465 123.5042 212.065 -13.72465 124.2114 212.8247 -13.72465 124.9254 213.5782 13.72465 121.8581 207.9962 13.72465 121.1865 207.2196 13.72465 120.5197 206.4388 13.72465 119.8591 205.6526 13.72465 119.2038 204.8617 13.72465 118.553 204.0669 13.72465 117.9069 203.2683 13.72465 117.2653 202.4658 13.72465 116.6294 201.6585 13.72465 115.9978 200.8478 13.72465 115.3705 200.0336 13.72465 114.7473 199.216 13.72465 114.1281 198.3952 13.72465 113.5129 197.5713 13.72465 112.9017 196.7441 13.72465 112.2943 195.9139 13.72465 111.6903 195.081 13.72465 111.0894 194.2456 13.72465 110.4914 193.4078 13.72465 109.8959 192.5678 13.72465 109.3027 191.7258 13.72465 108.7112 190.8821 13.72465 108.1208 190.0369 13.72465 107.5307 189.1906 13.72465 106.9398 188.3437 13.72465 106.3467 187.4967 13.72465 105.7506 186.652 13.72465 105.1545 185.8097 13.72465 104.5584 184.9674 13.72465 103.9623 184.1251 13.72465 103.3661 183.2829 -13.72465 126.0039 212.5474 -13.72465 125.2984 211.8028 -13.72465 124.5993 211.0518 -13.72465 123.9054 210.296 -13.72465 123.2164 209.5354 -13.72465 122.5345 208.7683 -13.72465 121.8581 207.9962 -13.72465 121.1865 207.2196 -13.72465 120.5197 206.4388 -13.72465 119.8591 205.6526 -13.72465 119.2037 204.8617 -13.72465 118.553 204.0669 -13.72465 117.9069 203.2683 -13.72465 117.2653 202.4658 -13.72465 116.6294 201.6585 -13.72465 115.9978 200.8478 -13.72465 115.3705 200.0336 -13.72465 114.7473 199.216 -13.72465 114.1281 198.3952 -13.72465 113.5129 197.5713 -13.72465 112.9017 196.7441 -13.72465 112.2943 195.9139 -13.72465 111.6903 195.081 -13.72465 111.0894 194.2456 -13.72465 110.4914 193.4078 -13.72465 109.8959 192.5678 -13.72465 109.3027 191.7258 -13.72465 108.7112 190.8821 -13.72465 108.1208 190.0369 -13.72465 107.5307 189.1906 -13.72465 106.9398 188.3437 -13.72465 106.3467 187.4967 -13.72465 105.7506 186.652 -13.72465 105.1545 185.8097 -13.72465 104.5584 184.9674 -13.72465 103.9623 184.1252 -13.72465 103.3661 183.2829 -13.72465 158.6054 235.4236 -13.72465 158.9822 233.98 13.72465 158.6054 235.4236 13.72465 158.9822 233.98 13.72465 153.1893 232.0792 13.72465 154.1393 232.4436 13.72465 155.0961 232.7887 13.72465 156.0581 233.1181 13.72465 157.0265 233.4277 13.72465 158.0021 233.7122 13.72465 157.5948 235.1475 13.72465 156.5893 234.8541 13.72465 155.5918 234.5352 13.72465 154.6014 234.1962 13.72465 153.6169 233.8411 13.72465 152.64 233.4663 13.72465 151.6724 233.0692 13.72465 150.7112 232.6575 13.72465 149.7566 232.2312 13.72465 148.8134 231.7811 13.72465 147.877 231.3179 13.72465 146.9474 230.8416 13.72465 146.0281 230.3466 13.72465 145.1173 229.8368 13.72465 144.2133 229.3154 13.72465 143.318 228.7796 13.72465 142.4329 228.228 13.72465 141.5547 227.666 13.72465 140.6834 227.0935 13.72465 139.8239 226.5043 13.72465 138.971 225.9058 13.72465 138.1248 225.2983 13.72465 137.2888 224.6773 13.72465 136.4608 224.0463 13.72465 135.6392 223.4072 13.72465 134.8259 222.7579 13.72465 134.0218 222.0977 13.72465 133.224 221.4302 13.72465 132.4325 220.7554 13.72465 131.6515 220.069 13.72465 130.8766 219.376 13.72465 130.1076 218.6766 13.72465 129.3471 217.9683 13.72465 128.594 217.2525 13.72465 127.8467 216.5309 13.72465 127.1056 215.8031 13.72465 126.3733 215.0667 -13.72465 126.3733 215.0667 -13.72465 127.1056 215.8031 -13.72465 127.8467 216.5309 -13.72465 128.594 217.2525 -13.72465 129.3471 217.9683 -13.72465 130.1076 218.6766 -13.72465 130.8766 219.376 -13.72465 131.6515 220.069 -13.72465 132.4325 220.7554 -13.72465 133.224 221.4302 -13.72465 134.0218 222.0977 -13.72465 134.8259 222.7579 -13.72465 135.6392 223.4072 -13.72465 136.4607 224.0463 -13.72465 137.2888 224.6773 -13.72465 138.1248 225.2983 -13.72465 138.971 225.9058 -13.72465 139.8238 226.5042 -13.72465 140.6834 227.0935 -13.72465 141.5547 227.666 -13.72465 142.4329 228.228 -13.72465 143.318 228.7796 -13.72465 144.2133 229.3154 -13.72465 145.1173 229.8368 -13.72465 146.0281 230.3466 -13.72465 146.9474 230.8416 -13.72465 147.877 231.3179 -13.72465 148.8134 231.7811 -13.72465 149.7566 232.2312 -13.72465 150.7112 232.6575 -13.72465 151.6724 233.0692 -13.72465 152.64 233.4663 -13.72465 153.6169 233.8411 -13.72465 154.6014 234.1962 -13.72465 155.5918 234.5352 -13.72465 156.5893 234.8541 -13.72465 157.5948 235.1475 13.72465 152.2477 231.6927 13.72465 151.3119 231.2918 13.72465 150.382 230.8767 13.72465 149.4626 230.4378 13.72465 148.5492 229.986 13.72465 147.642 229.5213 13.72465 146.7443 229.0378 13.72465 145.8543 228.5396 13.72465 144.9705 228.0299 13.72465 144.0948 227.5059 13.72465 143.2284 226.9658 13.72465 142.3684 226.4155 13.72465 141.5148 225.8547 13.72465 140.6721 225.2769 13.72465 139.8355 224.6899 13.72465 139.0052 224.0938 13.72465 138.1844 223.4841 13.72465 137.371 222.8643 13.72465 136.5636 222.2362 13.72465 135.764 221.5979 13.72465 134.9731 220.9484 13.72465 134.188 220.2916 13.72465 133.4089 219.6274 13.72465 132.6398 218.9513 13.72465 131.8762 218.2686 13.72465 131.1184 217.5793 13.72465 130.3686 216.881 13.72465 129.6258 216.175 13.72465 128.8885 215.463 13.72465 128.1571 214.7447 13.72465 127.4341 214.0176 -13.72465 158.0021 233.7122 -13.72465 157.0265 233.4277 -13.72465 156.0581 233.1181 -13.72465 155.0961 232.7887 -13.72465 154.1393 232.4436 -13.72465 153.1893 232.0792 -13.72465 152.2477 231.6927 -13.72465 151.3119 231.2918 -13.72465 150.382 230.8767 -13.72465 149.4626 230.4378 -13.72465 148.5492 229.986 -13.72465 147.642 229.5213 -13.72465 146.7443 229.0378 -13.72465 145.8543 228.5396 -13.72465 144.9705 228.0299 -13.72465 144.0948 227.5059 -13.72465 143.2284 226.9658 -13.72465 142.3684 226.4155 -13.72465 141.5148 225.8547 -13.72465 140.6721 225.2769 -13.72465 139.8355 224.6899 -13.72465 139.0052 224.0938 -13.72465 138.1844 223.4841 -13.72465 137.371 222.8643 -13.72465 136.5636 222.2362 -13.72465 135.764 221.5979 -13.72465 134.9731 220.9484 -13.72465 134.188 220.2916 -13.72465 133.4089 219.6274 -13.72465 132.6398 218.9513 -13.72465 131.8762 218.2686 -13.72465 131.1184 217.5793 -13.72465 130.3686 216.881 -13.72465 129.6258 216.175 -13.72465 128.8885 215.463 -13.72465 128.1571 214.7447 -13.72465 127.4341 214.0177 -13.72465 197.8776 236.9481 -13.72465 197.8776 235.4562 13.72465 197.8776 236.9481 13.72465 197.8776 235.4562 13.72465 191.686 235.4562 13.72465 192.7179 235.4562 13.72465 193.7499 235.4562 13.72465 194.7818 235.4562 13.72465 195.8137 235.4562 13.72465 196.8456 235.4562 13.72465 196.8456 236.9481 13.72465 195.8137 236.9481 13.72465 194.7818 236.9481 13.72465 193.7499 236.9481 13.72465 192.7179 236.9481 13.72465 191.686 236.9481 13.72465 190.6541 236.9481 13.72465 189.6221 236.9481 13.72465 188.5902 236.9481 13.72465 187.5583 236.9481 13.72465 186.5263 236.9481 13.72465 185.4944 236.9481 13.72465 184.4625 236.9481 13.72465 183.4306 236.9481 13.72465 182.3987 236.9481 13.72465 181.3667 236.9481 13.72465 180.3348 236.9481 13.72465 179.3029 236.9481 13.72465 178.271 236.9481 13.72465 177.2391 236.9481 13.72465 176.2071 236.9481 13.72465 175.1752 236.9481 13.72465 174.1432 236.9481 13.72465 173.1113 236.9481 13.72465 172.0794 236.9481 13.72465 171.0463 236.9481 13.72465 170.0059 236.9438 13.72465 168.9611 236.9255 13.72465 167.914 236.8801 13.72465 166.8667 236.8156 13.72465 165.8214 236.7251 13.72465 164.7792 236.6063 13.72465 163.7394 236.4685 13.72465 162.7028 236.3081 13.72465 161.6717 236.1178 13.72465 160.6444 235.9091 13.72465 159.621 235.682 -13.72465 159.621 235.682 -13.72465 160.6444 235.9091 -13.72465 161.6717 236.1178 -13.72465 162.7028 236.3081 -13.72465 163.7394 236.4685 -13.72465 164.7792 236.6063 -13.72465 165.8214 236.7251 -13.72465 166.8667 236.8156 -13.72465 167.914 236.8801 -13.72465 168.9611 236.9255 -13.72465 170.0059 236.9438 -13.72465 171.0463 236.9481 -13.72465 172.0794 236.9481 -13.72465 173.1113 236.9481 -13.72465 174.1432 236.9481 -13.72465 175.1752 236.9481 -13.72465 176.2071 236.9481 -13.72465 177.239 236.9481 -13.72465 178.271 236.9481 -13.72465 179.3029 236.9481 -13.72465 180.3348 236.9481 -13.72465 181.3667 236.9481 -13.72465 182.3986 236.9481 -13.72465 183.4306 236.9481 -13.72465 184.4625 236.9481 -13.72465 185.4944 236.9481 -13.72465 186.5263 236.9481 -13.72465 187.5583 236.9481 -13.72465 188.5902 236.9481 -13.72465 189.6221 236.9481 -13.72465 190.654 236.9481 -13.72465 191.686 236.9481 -13.72465 192.7179 236.9481 -13.72465 193.7499 236.9481 -13.72465 194.7818 236.9481 -13.72465 195.8137 236.9481 -13.72465 196.8456 236.9481 13.72465 190.654 235.4562 13.72465 189.6221 235.4562 13.72465 188.5902 235.4562 13.72465 187.5583 235.4562 13.72465 186.5263 235.4562 13.72465 185.4944 235.4562 13.72465 184.4625 235.4562 13.72465 183.4306 235.4562 13.72465 182.3986 235.4562 13.72465 181.3667 235.4562 13.72465 180.3348 235.4562 13.72465 179.3029 235.4562 13.72465 178.271 235.4562 13.72465 177.239 235.4562 13.72465 176.2071 235.4562 13.72465 175.1752 235.4562 13.72465 174.1432 235.4562 13.72465 173.1113 235.4562 13.72465 172.0794 235.4562 13.72465 171.0485 235.4562 13.72465 170.0251 235.452 13.72465 169.0064 235.4343 13.72465 167.9919 235.3902 13.72465 166.9794 235.328 13.72465 165.9685 235.2404 13.72465 164.9604 235.1254 13.72465 163.9544 234.9922 13.72465 162.9514 234.8371 13.72465 161.9531 234.6527 13.72465 160.9581 234.4506 13.72465 159.9667 234.2307 -13.72465 196.8456 235.4562 -13.72465 195.8137 235.4562 -13.72465 194.7818 235.4562 -13.72465 193.7499 235.4562 -13.72465 192.7179 235.4562 -13.72465 191.686 235.4562 -13.72465 190.654 235.4562 -13.72465 189.6221 235.4562 -13.72465 188.5902 235.4562 -13.72465 187.5583 235.4562 -13.72465 186.5263 235.4562 -13.72465 185.4944 235.4562 -13.72465 184.4625 235.4562 -13.72465 183.4306 235.4562 -13.72465 182.3986 235.4562 -13.72465 181.3667 235.4562 -13.72465 180.3348 235.4562 -13.72465 179.3029 235.4562 -13.72465 178.271 235.4562 -13.72465 177.239 235.4562 -13.72465 176.2071 235.4562 -13.72465 175.1752 235.4562 -13.72465 174.1432 235.4562 -13.72465 173.1113 235.4562 -13.72465 172.0794 235.4562 -13.72465 171.0485 235.4562 -13.72465 170.0251 235.452 -13.72465 169.0064 235.4343 -13.72465 167.9919 235.3902 -13.72465 166.9794 235.328 -13.72465 165.9685 235.2404 -13.72465 164.9604 235.1254 -13.72465 163.9544 234.9922 -13.72465 162.9514 234.8371 -13.72465 161.9531 234.6527 -13.72465 160.9581 234.4506 -13.72465 159.9667 234.2307</float_array>
          <technique_common>
            <accessor source="#Cube-mesh-positions-array" count="1828" stride="3">
              <param name="X" type="float"/>
              <param name="Y" type="float"/>
              <param name="Z" type="float"/>
            </accessor>
          </technique_common>
        </source>
        <source id="Cube-mesh-normals">
          <float_array id="Cube-mesh-normals-array" count="10014">-1 -3.09394e-7 7.95394e-7 -1 6.19482e-7 0 -1 -3.1009e-7 7.95987e-7 0 -0.5667208 -0.82391 0 -0.5667207 -0.82391 0 -0.573119 -0.8194722 0 -0.573119 -0.8194721 0 0.5678822 0.82311 0 0.5678822 0.8231099 0 0.5780326 0.8160137 0 0.5780327 0.8160137 0 -0.5678966 -0.8230999 0 -0.5620375 -0.8271117 1 3.09729e-7 0 1 -9.28976e-7 2.38839e-7 1 -9.29395e-7 2.39092e-7 1 3.09729e-7 0 1 7.74699e-7 -7.80564e-7 1 1.54836e-6 -5.23321e-7 1 1.54897e-6 -5.23835e-7 1 7.73988e-7 -7.80288e-7 1 -3.09719e-7 0 1 -1.23892e-6 2.69118e-7 1 -1.23892e-6 2.69159e-7 1 -3.09742e-7 0 1 -6.18954e-7 0 1 -1.23913e-6 1.08001e-6 1 -1.23872e-6 1.07965e-6 1 -6.20009e-7 0 1 0 5.48938e-7 1 9.28926e-7 -1.881e-6 1 9.2944e-7 -1.88145e-6 1 0 5.49074e-7 1 1.23892e-6 -8.05486e-7 1 6.19272e-7 1.35044e-6 1 6.19636e-7 1.34996e-6 1 1.23892e-6 -8.0597e-7 1 -1.54867e-6 -2.31186e-7 1 -3.09464e-7 -1.30492e-6 1 -3.0999e-7 -1.30463e-6 1 -1.54861e-6 -2.3114e-7 1 -6.19453e-7 -2.49713e-7 1 -9.29178e-7 0 1 -9.29172e-7 0 1 -6.19453e-7 -2.49719e-7 1 3.09735e-7 0 1 9.29164e-7 -1.11323e-6 1 9.29194e-7 -1.11324e-6 1 3.0973e-7 0 1 -9.29174e-7 2.50415e-7 1 -1.54863e-6 8.62337e-7 1 -1.54863e-6 8.62358e-7 1 -9.29183e-7 2.50407e-7 1 3.09722e-7 -5.19748e-7 1 0 0 1 0 0 1 3.09733e-7 -5.19749e-7 1 1.23892e-6 2.34843e-7 1 9.29191e-7 -2.68078e-7 1 9.29172e-7 -2.68083e-7 1 1.2389e-6 2.34853e-7 1 3.09739e-7 2.52472e-7 1 3.09728e-7 2.51744e-7 1 3.09729e-7 2.51744e-7 1 3.09717e-7 2.52453e-7 1 -9.29193e-7 7.8879e-7 1 0 7.87912e-7 1 0 7.87915e-7 1 -9.29175e-7 7.88806e-7 1 6.19445e-7 -5.60901e-7 1 0 2.26462e-7 1 0 2.26486e-7 1 6.1946e-7 -5.60888e-7 1 -9.29108e-7 -4.98124e-7 1 -9.29211e-7 -4.99474e-7 1 -9.29146e-7 -4.99513e-7 1 -9.2925e-7 -4.98038e-7 1 -1.54841e-6 8.23119e-7 1 -1.54885e-6 0 1 -1.54843e-6 0 1 -1.54888e-6 8.23208e-7 1 3.09151e-7 -2.79825e-7 1 1.23917e-6 -5.46673e-7 1 1.23867e-6 -5.46244e-7 1 3.10276e-7 -2.80522e-7 1 0 -5.23925e-7 1 -9.28872e-7 2.69238e-7 1 -9.29566e-7 2.69831e-7 0 0.5462009 0.8376543 0 0.5462009 0.8376542 0 0.5392489 0.8421465 0 0.5392489 0.8421465 0 -0.5794324 -0.8150204 0 -0.5533447 -0.8329524 0 -0.5602251 -0.8283405 0 -0.5392463 -0.8421481 0 -0.5392463 -0.8421481 0 -0.546201 -0.8376542 0 -0.5462009 -0.8376542 0 0.5602269 0.8283393 0 0.5602269 0.8283392 0 0.5533487 0.8329497 0 0.5731241 0.8194687 0 0.5731241 0.8194687 0 0.5667245 0.8239074 0 0.5667245 0.8239074 0 0.5856457 0.8105672 0 0.5856457 0.8105672 -1.70605e-7 0.5794298 0.8150222 -1.70605e-7 0.5794298 0.8150222 0 0.5978771 0.8015878 0 0.5978771 0.8015878 0 0.591771 0.8061063 0 0.591771 0.8061062 0 0.6107007 0.7918615 0 0.6107007 0.7918615 0 0.6043663 0.7967066 0 0.6043664 0.7967066 0 0.6212703 0.7835965 0 0.6212703 0.7835965 0 0.6164822 0.7873688 0 0.6164822 0.7873688 1.68347e-7 0.6241926 0.7812706 1.68347e-7 0.6241926 0.7812705 0 0.6238352 0.7815559 0 0.6238352 0.781556 1.68236e-7 0.622936 0.7822729 1.68236e-7 0.622936 0.7822729 1.34595e-7 0.62359 0.7817516 1.34595e-7 0.62359 0.7817516 2.69151e-7 0.6214869 0.7834246 2.69151e-7 0.6214869 0.7834246 2.01875e-7 0.6222388 0.7828276 2.01875e-7 0.6222388 0.7828277 3.90395e-7 0.6198011 0.7847591 3.90395e-7 0.6198011 0.784759 3.56774e-7 0.620672 0.7840704 3.56774e-7 0.620672 0.7840703 0 0.6178184 0.786321 0 0.6178184 0.7863209 3.82227e-7 0.6188482 0.7855108 3.82227e-7 0.6188482 0.7855107 1.31401e-7 0.6154317 0.7881903 0 0.6167169 0.7871851 0 0.6167169 0.7871851 0 0.6124624 0.7904998 0 0.6124624 0.7904998 1.36497e-7 0.6139849 0.7893179 1.36497e-7 0.6139849 0.7893179 0 0.6086227 0.7934598 0 0.6086227 0.7934598 0 0.6106694 0.7918857 0 0.6106693 0.7918857 0 0.6036124 0.7972781 0 0.6036124 0.7972781 -1.27046e-7 0.6063514 0.7951968 -1.27046e-7 0.6063514 0.7951968 0 0.5964351 0.8026614 0 0.596435 0.8026614 0 0.6003556 0.7997332 0 0.6003557 0.7997331 0 0.5857303 0.8105062 0 0.5857303 0.8105061 0 0.5916903 0.8061655 0 0.5916903 0.8061655 -1.33119e-7 0.5620248 0.8271204 1 9.28481e-7 -4.97461e-7 1 9.29908e-7 -4.98145e-7 0 -0.5856482 -0.8105654 0 -0.5856483 -0.8105654 -1.33927e-7 -0.5917707 -0.8061064 -1.33927e-7 -0.5917706 -0.8061065 0 -0.5978785 -0.8015868 0 -0.5978786 -0.8015868 0 -0.6043667 -0.7967064 0 -0.6106937 -0.791867 0 -0.6106937 -0.7918669 0 -0.6164796 -0.7873709 0 -0.6164796 -0.7873709 0 -0.6212671 -0.7835989 0 -0.6212671 -0.7835989 0 -0.6238305 -0.7815598 -2.19041e-7 -0.624189 -0.7812734 -2.19041e-7 -0.624189 -0.7812734 -2.52799e-7 -0.6235886 -0.7817528 -2.52799e-7 -0.6235885 -0.7817528 0 -0.62294 -0.7822697 0 -0.6229399 -0.7822697 0 -0.6222361 -0.7828296 0 -0.6222361 -0.7828297 -1.3602e-7 -0.6214865 -0.7834249 -1.3602e-7 -0.6214864 -0.783425 -2.70803e-7 -0.6206728 -0.7840698 -2.70803e-7 -0.6206728 -0.7840697 -3.12089e-7 -0.6197938 -0.7847648 -3.12089e-7 -0.6197937 -0.7847648 -2.11015e-7 -0.6188468 -0.7855117 -2.11015e-7 -0.6188468 -0.7855118 0 -0.617819 -0.7863204 0 -0.617819 -0.7863205 0 -0.6167204 -0.7871824 0 -0.6167204 -0.7871824 -1.34838e-7 -0.6154325 -0.7881897 0 -0.613983 -0.7893193 0 -0.613983 -0.7893193 0 -0.6124653 -0.7904976 0 -0.61067 -0.7918853 0 -0.61067 -0.7918853 0 -0.6086177 -0.7934638 0 -0.6063482 -0.7951992 0 -0.6036133 -0.7972773 0 -0.6003578 -0.7997317 0 -0.5964397 -0.802658 0 -0.5964397 -0.8026579 0 -0.5916879 -0.8061672 0 -0.5916879 -0.8061672 0 -0.5857273 -0.8105082 0 -0.5780409 -0.8160078 -1 7.73659e-7 -4.96431e-7 -1 -1.08387e-6 4.98484e-7 -1 -1.08423e-6 4.98824e-7 -1 7.75005e-7 -4.97346e-7 -1 0 0 -1 0 0 -1 1.0838e-6 -5.23321e-7 -1 1.08434e-6 -5.23838e-7 -1 4.64916e-7 -5.17986e-7 -1 4.64316e-7 -5.17619e-7 -1 -9.2921e-7 7.92938e-7 -1 -9.29159e-7 7.92981e-7 -1 3.09737e-7 0 -1 3.09726e-7 0 -1 -9.2943e-7 5.5498e-7 -1 -9.28983e-7 5.54646e-7 -1 -3.09175e-7 7.86129e-7 -1 -3.1036e-7 7.8672e-7 -1 2.78763e-6 -6.13493e-7 -1 2.78746e-6 -6.13488e-7 -1 0 5.1706e-7 -1 0 5.1716e-7 -1 -1.5491e-6 1.37985e-6 -1 -1.54818e-6 1.37969e-6 -1 0 5.51379e-7 -1 0 5.51179e-7 -1 0 -5.56276e-7 -1 0 -5.56474e-7 -1 3.09693e-7 -5.5643e-7 -1 3.09757e-7 -5.56316e-7 -1 0 2.69034e-7 -1 0 2.6904e-7 -1 -6.19456e-7 2.6904e-7 -1 -6.19456e-7 2.69033e-7 -1 6.19442e-7 -8.44255e-7 -1 6.19464e-7 -8.4427e-7 -1 0 0 -1 0 0 -1 -6.19439e-7 5.75053e-7 -1 -6.19455e-7 5.75068e-7 -1 0 0 -1 0 0 -1 -6.19455e-7 2.68977e-7 -1 -6.19455e-7 2.68986e-7 -1 -3.09725e-7 2.50836e-7 -1 -3.09736e-7 2.50826e-7 -1 6.19459e-7 -3.02003e-7 -1 6.19442e-7 -3.0198e-7 -1 3.09744e-7 -2.85796e-7 -1 3.09696e-7 -2.85752e-7 -1 -3.09729e-7 2.84676e-7 -1 -3.09732e-7 2.84679e-7 -1 0 -2.67925e-7 -1 0 -2.67904e-7 -1 -9.29166e-7 0 -1 -9.29176e-7 0 -1 -6.19412e-7 0 -1 -6.1947e-7 0 -1 3.09717e-7 -2.81721e-7 -1 3.09744e-7 -2.81746e-7 -1 -3.09729e-7 0 -1 -3.09725e-7 0 -1 -9.29188e-7 2.78212e-7 -1 -9.29167e-7 2.78193e-7 -1 9.29336e-7 0 -1 9.29026e-7 0 -1 0 5.28309e-7 -1 0 5.28027e-7 -1 -2.16797e-6 8.21823e-7 -1 -2.16825e-6 8.22066e-7 -1 9.29632e-7 -1.06476e-6 -1 9.28763e-7 -1.06433e-6 -1 9.28615e-7 -2.77724e-7 -1 9.29744e-7 -2.78695e-7 -1 9.29601e-7 -1.01876e-6 -1 9.28772e-7 -1.01832e-6 -1.25258e-7 -0.2428693 -0.970059 -1.25258e-7 -0.2428694 -0.9700591 0 -0.2535059 -0.9673339 0 -0.2535059 -0.9673339 0 0.5323793 0.846506 0 0.5323793 0.8465059 0 0.5254145 0.8508464 0 0.5254145 0.8508464 0 -0.5323811 -0.8465049 0 -0.532381 -0.8465049 1 2.32287e-7 0 1 0 -2.0883e-7 1 0 -2.08831e-7 1 2.32324e-7 0 1 -9.29251e-7 -4.02129e-7 1 0 0 1 0 0 1 -9.29113e-7 -4.02118e-7 1 6.9682e-7 -5.15169e-7 1 -3.09591e-7 -8.40312e-7 1 -3.09851e-7 -8.40288e-7 1 6.96989e-7 -5.15224e-7 1 0 2.24687e-7 1 -2.32245e-7 0 1 -2.32351e-7 0 1 0 2.24618e-7 1 1.5479e-7 3.10346e-7 1 4.64694e-7 0 1 4.64509e-7 0 1 1.54952e-7 3.10226e-7 1 3.09784e-7 0 1 -1.549e-7 1.051e-6 1 -1.54839e-7 1.05099e-6 1 3.09667e-7 0 1 -7.74148e-7 1.15426e-6 1 4.64526e-7 -2.29809e-7 1 4.64673e-7 -2.29738e-7 1 -7.74528e-7 1.15446e-6 1 9.29436e-7 -1.44724e-6 1 6.19103e-7 0 1 6.19762e-7 0 1 9.28888e-7 -1.44707e-6 1 -6.19299e-7 6.53749e-7 1 -1.55042e-7 -1.94063e-7 1 -1.547e-7 -1.94009e-7 1 -6.19621e-7 6.53818e-7 1 1.70365e-6 2.82957e-7 1 4.64424e-7 1.57616e-7 1 4.64808e-7 1.57505e-7 1 1.70344e-6 2.83058e-7 1 -1.39381e-6 1.92886e-7 1 -9.29197e-7 9.5893e-7 1 -9.29211e-7 9.58907e-7 1 -1.39381e-6 1.9289e-7 1 0 0 1 -4.64573e-7 0 1 -4.64633e-7 0 1 0 0 1 1.54637e-7 0 1 6.19567e-7 -4.54372e-7 1 6.19347e-7 -4.54307e-7 1 1.55072e-7 0 1 -6.19657e-7 4.69082e-7 1 -6.19316e-7 5.29538e-7 1 -6.19628e-7 5.29693e-7 1 -6.19257e-7 4.6891e-7 1 1.70354e-6 -4.17923e-7 1 1.54912e-7 4.63977e-7 1 1.54806e-7 4.64002e-7 1 1.70348e-6 -4.18112e-7 1 0 -7.83477e-7 1 9.29318e-7 -7.01064e-7 1 9.29074e-7 -7.00987e-7 1 0 -7.8356e-7 1 -3.09774e-7 0 1 -7.74283e-7 -8.26529e-7 1 -7.7438e-7 -8.2648e-7 1 -3.09694e-7 0 1 -1.39378e-6 1.00042e-6 1 -4.64611e-7 7.54033e-7 1 -4.64586e-7 7.54027e-7 1 -1.39381e-6 1.00042e-6 1 1.39417e-6 -4.88731e-7 1 1.39339e-6 -4.8829e-7 1.27299e-7 0.2102251 0.977653 1.27299e-7 0.2102251 0.977653 0 0.1991015 0.9799789 -1.50331e-7 -0.2640168 -0.9645181 -1.50331e-7 -0.2640168 -0.9645181 -1.46462e-7 -0.2212272 -0.9752224 -1.79869e-7 -0.2321091 -0.9726898 -1.79869e-7 -0.2321091 -0.9726898 0 -0.1991015 -0.9799789 0 -0.1991015 -0.9799789 0 -0.2102239 -0.9776533 0 -0.2102239 -0.9776533 1.47866e-7 0.23211 0.9726896 1.47866e-7 0.23211 0.9726896 1.90488e-7 0.2212277 0.9752223 1.90488e-7 0.2212276 0.9752223 0 0.253504 0.9673343 0 0.253504 0.9673344 0 0.2428682 0.9700593 0 0.2428682 0.9700593 1.28853e-7 0.274406 0.961614 1.28853e-7 0.274406 0.961614 1.2632e-7 0.2640161 0.9645184 1.2632e-7 0.2640161 0.9645184 0 0.2948163 0.955554 0 0.2948163 0.955554 1.37326e-7 0.2846735 0.9586247 0 0.3149332 0.9491139 0 0.3149332 0.9491139 0 0.3048832 0.9523898 0 0.3048832 0.9523898 0 0.3345046 0.9423941 0 0.3345046 0.9423941 0 0.3248289 0.9457729 0 0.3248289 0.9457728 0 0.3534796 0.9354423 0 0.3534796 0.9354422 0 0.3440539 0.9389499 0 0.3440539 0.9389499 0 0.3719719 0.928244 0 0.3719719 0.928244 0 0.3627843 0.9318732 0 0.3627843 0.9318732 0 0.389976 0.920825 0 0.389976 0.9208251 0 0.3810365 0.92456 0 0.3810365 0.92456 0 0.4075092 0.9132012 0 0.4075092 0.9132012 0 0.3987982 0.9170387 0 0.3987982 0.9170389 0 0.4245643 0.9053978 0 0.4245644 0.9053978 0 0.4160982 0.9093197 0 0.4160982 0.9093197 0 0.441156 0.8974304 0 0.441156 0.8974304 0 0.4329175 0.9014335 0 0.4329176 0.9014336 2.03338e-7 0.4573029 0.889311 1.52512e-7 0.4492866 0.8933877 1.52513e-7 0.4492866 0.8933877 0 0.4733124 0.8808946 0 0.4733124 0.8808947 1.86383e-7 0.4651984 0.8852065 1.86383e-7 0.4651985 0.8852065 0 0.4890316 0.8722662 0 0.4890315 0.8722661 0 0.481383 0.8765104 0 0.481383 0.8765104 0 0.5038997 0.8637623 0 0.5038996 0.8637622 0 0.4965183 0.8680264 0 0.4965183 0.8680263 0 0.518346 0.8551712 0 0.518346 0.855171 0 0.5111732 0.8594778 0 0.5111731 0.8594778 1 0 -1.98542e-7 1 0 -1.98542e-7 -1.41987e-7 -0.2744071 -0.9616137 -1.41987e-7 -0.2744072 -0.9616137 0 -0.2846725 -0.9586248 0 -0.2846725 -0.9586249 0 -0.2948189 -0.9555531 0 -0.294819 -0.9555531 0 -0.3048845 -0.9523894 0 -0.3149315 -0.9491145 0 -0.3248284 -0.9457731 0 -0.3248284 -0.945773 0 -0.3345015 -0.9423953 0 -0.3345015 -0.9423952 0 -0.3440524 -0.9389504 0 -0.3440524 -0.9389504 0 -0.3534792 -0.9354424 0 -0.3534793 -0.9354425 0 -0.3627838 -0.9318734 0 -0.3627838 -0.9318734 0 -0.3719678 -0.9282456 0 -0.3719678 -0.9282457 0 -0.3810313 -0.9245622 0 -0.3810313 -0.9245622 0 -0.3899762 -0.920825 0 -0.3987994 -0.9170383 0 -0.3987993 -0.9170382 0 -0.4075073 -0.913202 0 -0.4160966 -0.9093205 0 -0.4160965 -0.9093205 0 -0.4245639 -0.905398 0 -0.4245639 -0.9053981 0 -0.4329193 -0.9014327 0 -0.4329193 -0.9014328 0 -0.4411584 -0.8974293 0 -0.4411584 -0.8974293 0 -0.4492885 -0.8933869 0 -0.4492884 -0.8933868 0 -0.4573061 -0.8893094 0 -0.4573062 -0.8893094 0 -0.4652055 -0.8852027 0 -0.4652056 -0.8852027 0 -0.4733139 -0.880894 0 -0.4733139 -0.880894 0 -0.481378 -0.8765131 0 -0.481378 -0.8765131 0 -0.4890288 -0.8722677 0 -0.4890288 -0.8722677 0 -0.4965162 -0.8680275 0 -0.4965163 -0.8680275 0 -0.5038941 -0.8637654 0 -0.5038941 -0.8637655 -1.33853e-7 -0.5111709 -0.8594792 -1.33853e-7 -0.5111708 -0.8594792 -1.33861e-7 -0.5183483 -0.8551697 0 -0.5254181 -0.8508442 0 -0.5254181 -0.8508443 -1 6.96915e-7 0 -1 5.42063e-7 0 -1 5.42031e-7 0 -1 6.96919e-7 0 -1 2.32285e-7 0 -1 2.32353e-7 0 -1 -1.54821e-7 0 -1 -1.54881e-7 0 -1 0 5.26752e-7 -1 0 5.26704e-7 -1 3.87249e-7 7.0599e-7 -1 3.87122e-7 7.06034e-7 -1 -3.09817e-7 2.26707e-7 -1 -3.09597e-7 2.26699e-7 -1 -4.64459e-7 -3.19348e-7 -1 -4.64701e-7 -3.19277e-7 -1 -2.32414e-7 -2.94559e-7 -1 -2.3214e-7 -2.94652e-7 -1 0 0 -1 0 0 -1 6.1939e-7 -2.77199e-7 -1 6.19567e-7 -2.7723e-7 -1 -7.74326e-7 1.47763e-7 -1 -7.74317e-7 1.47771e-7 -1 -7.74308e-7 3.74767e-7 -1 -7.74339e-7 3.74783e-7 -1 1.08386e-6 0 -1 1.08427e-6 0 -1 -4.6427e-7 3.33639e-7 -1 -4.64986e-7 3.33803e-7 -1 -9.29541e-7 1.45483e-7 -1 -9.28936e-7 1.45287e-7 -1 1.08415e-6 0 -1 1.08395e-6 0 -1 7.74265e-7 2.93099e-7 -1 7.74395e-7 2.92991e-7 -1 -1.23873e-6 3.01902e-7 -1 -1.23913e-6 3.01995e-7 -1 1.54655e-7 -7.28795e-7 -1 1.55159e-7 -7.28997e-7 -1 1.08424e-6 -1.07167e-6 -1 1.08396e-6 -1.07155e-6 -1 -9.29223e-7 3.2344e-7 -1 -9.29165e-7 3.23443e-7 -1 -4.64604e-7 4.32408e-7 -1 -4.64607e-7 4.32408e-7 -1 -9.29195e-7 4.85573e-7 -1 -9.29212e-7 4.85572e-7 -1 0 4.88185e-7 -1 0 4.88185e-7 -1 9.29222e-7 -1.66926e-7 -1 9.29167e-7 -1.6681e-7 -1 0 -4.49224e-7 -1 0 -4.49319e-7 -1 -1.54691e-7 0 -1 -1.55052e-7 0 -1 -3.09993e-7 4.3393e-7 -1 -3.09458e-7 4.33742e-7 -1 -7.743e-7 1.8314e-7 -1 -7.74349e-7 1.83184e-7 -1 9.29011e-7 -6.98805e-7 -1 9.29379e-7 -6.98884e-7 -1 9.29376e-7 -4.23003e-7 -1 9.29011e-7 -4.22817e-7 -1 -1.54842e-7 3.24822e-7 -1 -1.54889e-7 3.24905e-7 -1 -1.54881e-7 8.29905e-7 -1 -1.54849e-7 8.29953e-7 -1 3.09718e-7 5.12267e-7 -1 3.09744e-7 5.1222e-7 -1 -6.19479e-7 2.07383e-7 -1 -6.1945e-7 2.07378e-7 -1 -1.85839e-6 4.56539e-7 -1 -1.85839e-6 4.56538e-7 -1 1.54886e-7 0 -1 1.54908e-7 0 -1.33486e-7 0.1880744 -0.9821549 0 0.1761555 -0.9843624 0 0.1761555 -0.9843624 0 0.1878584 0.9821962 0 0.1878584 0.9821962 0 0.1764978 0.9843011 0 0.1764978 0.984301 0 -0.1878584 -0.9821962 0 -0.1878584 -0.9821962 1 -1.54906e-6 -4.14524e-7 1 4.65002e-7 -2.91296e-7 1 4.64252e-7 -2.91449e-7 1 -1.54829e-6 -4.14221e-7 1 3.87167e-7 2.85809e-7 1 1.54846e-7 2.97032e-7 1 1.54891e-7 2.97063e-7 1 3.87174e-7 2.85799e-7 1 1.55012e-7 -6.66495e-7 1 -2.32329e-7 -3.88048e-7 1 -2.3227e-7 -3.88001e-7 1 1.54734e-7 -6.66566e-7 1 -5.42474e-7 8.35369e-7 1 1.16149e-6 4.49274e-7 1 1.16152e-6 4.48945e-7 1 -5.41592e-7 8.35614e-7 1 5.80773e-7 0 1 -7.35581e-7 2.49055e-7 1 -7.35655e-7 2.49062e-7 1 5.80724e-7 0 1 -3.0962e-7 0 1 6.19443e-7 1.87463e-7 1 6.19494e-7 1.8749e-7 1 -3.09853e-7 0 1 1.93634e-7 -9.0969e-7 1 1.93482e-7 -7.49056e-7 1 1.93694e-7 -7.49097e-7 1 1.93544e-7 -9.09681e-7 1 -2.12932e-7 -1.72917e-7 1 -1.00664e-6 -5.55042e-7 1 -1.00664e-6 -5.55044e-7 1 -2.12959e-7 -1.72928e-7 1 -2.4192e-7 -1.72954e-7 1 -5.22715e-7 -1.85634e-7 1 -5.22641e-7 -1.85615e-7 1 -2.42047e-7 -1.72979e-7 1 -5.83299e-7 3.24801e-7 1 9.67931e-7 3.48487e-7 1 9.67896e-7 3.48434e-7 1 -5.83029e-7 3.24854e-7 1 2.05072e-6 1.55045e-7 1 2.62768e-7 0 1 2.62347e-7 0 1 2.05083e-6 1.55023e-7 1 -1.35497e-6 3.25217e-7 1 -6.05085e-7 4.99523e-7 1 -6.04799e-7 4.99494e-7 1 -1.35519e-6 3.25289e-7 1 3.6771e-7 1.21728e-7 1 7.55056e-7 0 1 7.54861e-7 0 1 3.67881e-7 1.21708e-7 1 6.96821e-7 0 1 -7.1627e-7 3.56487e-7 1 -7.16246e-7 3.56492e-7 1 6.96969e-7 0 1 -8.12978e-7 -6.27471e-7 1 1.12282e-6 -7.66047e-7 1 1.12274e-6 -7.66089e-7 1 -8.13115e-7 -6.27421e-7 1 -6.58282e-7 2.33464e-7 1 -2.55529e-6 2.77635e-7 1 -2.55533e-6 2.77676e-7 1 -6.58114e-7 2.3343e-7 1 1.23896e-6 -3.28499e-7 1 2.01325e-6 -4.53955e-7 1 2.01327e-6 -4.53966e-7 1 1.2389e-6 -3.28483e-7 1 -1.93583e-6 0 1 -8.51764e-7 0 1 -8.51798e-7 0 1 -1.93583e-6 0 1 -1.54855e-7 0 1 -1.54841e-7 0 0 -0.2247855 0.9744083 0 -0.2377172 0.9713345 0 -0.2377171 0.9713345 0 0.164341 -0.9864036 0 0.164341 -0.9864036 0 0.2121966 -0.9772271 0 0.2121966 -0.9772271 0 0.2000916 -0.9797772 0 0.2000917 -0.9797773 0 0.2377126 -0.9713355 0 0.2377126 -0.9713356 0 0.2247878 -0.9744078 0 0.2247878 -0.9744077 0 -0.2000857 0.9797785 0 -0.2000857 0.9797784 0 -0.2121893 0.9772286 0 -0.2121893 0.9772286 0 -0.1761561 0.9843623 0 -0.1761561 0.9843623 1.27477e-7 -0.1880721 0.9821553 1.27477e-7 -0.1880721 0.9821553 1.36897e-7 -0.1526424 0.9882815 1.36897e-7 -0.1526424 0.9882815 0 -0.1643435 0.9864032 0 -0.1643435 0.9864032 1.25002e-7 -0.1291546 0.9916245 1.25002e-7 -0.1291547 0.9916245 1.38988e-7 -0.1410617 0.9900009 1.38988e-7 -0.1410617 0.9900009 1.70052e-7 -0.1062285 0.9943417 1.70052e-7 -0.1062285 0.9943418 1.27638e-7 -0.1173841 0.9930866 1.27638e-7 -0.1173841 0.9930866 1.78737e-7 -0.08438515 0.9964333 1.78737e-7 -0.08438515 0.9964333 1.87245e-7 -0.09523445 0.9954549 1.87245e-7 -0.09523445 0.9954549 1.44192e-7 -0.06314277 0.9980045 1.44192e-7 -0.06314277 0.9980045 1.61177e-7 -0.07368642 0.9972815 1.61177e-7 -0.07368636 0.9972815 1.35676e-7 -0.0425266 0.9990954 1.35676e-7 -0.0425266 0.9990954 1.61135e-7 -0.05275493 0.9986076 1.61135e-7 -0.05275493 0.9986076 1.33196e-7 -0.02255934 0.9997456 1.33196e-7 -0.02255934 0.9997456 0 -0.03246086 0.999473 0 -0.03246086 0.999473 0 -0.003257334 0.9999947 0 -0.003257334 0.9999947 0 -0.01282399 0.9999178 0 -0.01282399 0.9999179 1.44369e-7 0.01860129 0.999827 1.44369e-7 0.01860129 0.999827 1.34653e-7 0.00689727 0.9999762 1.34653e-7 0.00689727 0.9999762 1.44411e-7 0.04388922 0.9990364 1.44411e-7 0.04388928 0.9990365 1.61407e-7 0.03124028 0.999512 1.61407e-7 0.03124028 0.999512 0 0.06912726 0.9976079 0 0.06912726 0.9976079 0 0.05652529 0.9984012 0 0.05652529 0.9984012 1.65886e-7 0.09378618 0.9955924 1.65886e-7 0.09378618 0.9955924 1.40417e-7 0.08154064 0.99667 0 0.1179674 0.9930176 0 0.1179674 0.9930176 0 0.1059301 0.9943737 0 0.1059301 0.9943737 0 0.1417169 0.9899073 0 0.1417169 0.9899073 0 0.1298984 0.9915273 0 0.1298984 0.9915273 0 0.1650195 0.9862904 0 0.1534243 0.9881604 0 0.1534243 0.9881604 1 4.65408e-7 -5.41722e-7 1 4.6389e-7 -5.42139e-7 -1.24736e-7 0.1526378 -0.9882823 -1.24736e-7 0.1526378 -0.9882823 -1.37716e-7 0.1410548 -0.9900019 -1.37716e-7 0.1410548 -0.9900018 0 0.129155 -0.9916244 0 0.129155 -0.9916244 0 0.1173909 -0.9930859 0 0.1173909 -0.9930859 -1.54469e-7 0.1062338 -0.9943412 -1.54469e-7 0.1062338 -0.9943412 -1.92063e-7 0.09523773 -0.9954546 -1.92063e-7 0.09523767 -0.9954546 -1.83736e-7 0.08438742 -0.9964331 -1.83736e-7 0.08438736 -0.9964331 -1.62875e-7 0.07368856 -0.9972813 -1.62875e-7 0.07368856 -0.9972813 -1.4619e-7 0.06314277 -0.9980045 -1.4619e-7 0.06314277 -0.9980045 -1.50385e-7 0.0527541 -0.9986075 -1.25334e-7 0.04252594 -0.9990954 -1.25334e-7 0.04252594 -0.9990954 0 0.03245991 -0.999473 0 0.03245991 -0.999473 0 0.02255845 -0.9997456 0 0.02255845 -0.9997456 0 0.01282292 -0.9999178 0 0.003253936 -0.9999947 -1.29452e-7 -0.006904006 -0.9999762 -1.29452e-7 -0.006904006 -0.9999762 -1.29322e-7 -0.01860791 -0.9998269 -1.54309e-7 -0.03124356 -0.9995119 -1.54309e-7 -0.03124356 -0.9995119 -1.418e-7 -0.04389268 -0.9990363 -1.418e-7 -0.04389268 -0.9990363 0 -0.05652517 -0.9984012 -1.37648e-7 -0.06912422 -0.9976081 -1.71027e-7 -0.0815398 -0.9966702 -1.71027e-7 -0.0815398 -0.9966702 -1.58521e-7 -0.09378439 -0.9955926 0 -0.1059282 -0.9943738 0 -0.1059282 -0.9943738 0 -0.117967 -0.9930176 0 -0.117967 -0.9930176 0 -0.1298961 -0.9915276 0 -0.1298961 -0.9915277 0 -0.1417151 -0.9899075 0 -0.1417151 -0.9899076 0 -0.153423 -0.9881606 0 -0.153423 -0.9881607 0 -0.165019 -0.9862905 0 -0.165019 -0.9862905 0 -0.1764978 -0.984301 0 -0.1764979 -0.9843011 -1 0 3.89074e-7 -1 -8.5142e-7 3.31585e-7 -1 -8.52084e-7 3.31433e-7 -1 0 3.888e-7 -1 -2.32344e-6 0 -1 -2.32257e-6 0 -1 0 -2.18085e-7 -1 0 -2.18205e-7 -1 1.31635e-6 -3.44462e-7 -1 1.31642e-6 -3.44434e-7 -1 2.32244e-7 -2.6675e-7 -1 2.32398e-7 -2.66732e-7 -1 -2.3213e-7 -3.57054e-7 -1 -2.32448e-7 -3.57081e-7 -1 1.936e-6 0 -1 1.93566e-6 0 -1 -3.1057e-7 0 -1 -3.08949e-7 0 -1 -1.27762e-6 -3.17067e-7 -1 -1.27773e-6 -3.1707e-7 -1 6.58222e-7 -2.11191e-7 -1 6.58136e-7 -2.11169e-7 -1 0 -2.63405e-7 -1 0 -2.63439e-7 -1 -6.96863e-7 0 -1 -6.96951e-7 0 -1 5.80642e-7 8.43687e-7 -1 5.80865e-7 8.43774e-7 -1 2.51721e-7 1.00256e-6 -1 2.51611e-7 1.00253e-6 -1 -1.29701e-6 4.01785e-7 -1 -1.29702e-6 4.01786e-7 -1 -5.03311e-7 1.46153e-7 -1 -5.03333e-7 1.46163e-7 -1 -4.25899e-7 1.33776e-7 -1 -4.25871e-7 1.33762e-7 -1 0 4.78604e-7 -1 0 4.78578e-7 -1 6.29119e-7 3.52915e-7 -1 6.29164e-7 3.52966e-7 -1 -1.00914e-6 0 -1 -1.00893e-6 0 -1 1.65969e-7 0 -1 1.656e-7 0 -1 2.04591e-6 -1.64568e-7 -1 2.04599e-6 -1.64546e-7 -1 -2.71142e-7 -4.59138e-7 -1 -2.7088e-7 -4.59118e-7 -1 -9.38774e-7 -3.1376e-7 -1 -9.38977e-7 -3.13816e-7 -1 1.29709e-6 2.55312e-7 -1 1.29686e-6 2.55257e-7 -1 1.00652e-6 4.46723e-7 -1 1.00667e-6 4.46732e-7 -1 -1.02597e-6 2.08788e-7 -1 -1.02601e-6 2.08777e-7 -1 2.32172e-7 3.12684e-7 -1 2.3244e-7 3.1272e-7 -1 2.28428e-6 6.85808e-7 -1 2.28431e-6 6.85824e-7 -1 0 6.44241e-7 -1 0 6.44223e-7 -1 -2.51659e-6 2.78112e-7 -1 -2.51659e-6 2.78094e-7 -1 -3.09825e-7 0 -1 -3.09666e-7 0 -1 2.47784e-6 -1.37839e-7 -1 2.47788e-6 -1.37832e-7 -1 1.39384e-6 0 -1 1.39376e-6 0 -1 -6.969e-7 2.75804e-7 -1 -6.96914e-7 2.75813e-7 -1 -1.62609e-6 3.59987e-7 -1 -1.6261e-6 3.59983e-7 -1 7.73598e-7 2.14654e-7 -1 7.75133e-7 2.14899e-7 -1.70228e-7 0.6315233 -0.7753569 -1.70228e-7 0.6315233 -0.7753569 -1.72576e-7 0.6225222 -0.7826021 -1.72576e-7 0.6225222 -0.7826021 0 -0.2503146 0.9681646 0 -0.2503147 0.9681646 0 -0.2627173 0.9648729 0 -0.2627173 0.9648728 0 0.2503072 -0.9681665 0 0.2503072 -0.9681665 1 1.23926e-6 0 1 -3.09884e-7 -5.82497e-7 1 -3.09575e-7 -5.81857e-7 1 1.23861e-6 0 1 3.10043e-7 0 1 2.16821e-6 6.67447e-7 1 2.16807e-6 6.67697e-7 1 3.0943e-7 0 1 3.09817e-7 5.54109e-7 1 0 0 1 0 0 1 3.09653e-7 5.54011e-7 1 -6.19403e-7 -8.17447e-7 1 -1.23894e-6 -1.09692e-6 1 -1.23895e-6 -1.09694e-6 1 -6.19551e-7 -8.17611e-7 1 -6.19906e-7 -2.53748e-7 1 9.29253e-7 8.14871e-7 1 9.29159e-7 8.14793e-7 1 -6.19006e-7 -2.53106e-7 1 -7.73867e-7 -2.41226e-7 1 -3.09456e-7 -5.30527e-7 1 -3.10002e-7 -5.3079e-7 1 -7.74819e-7 -2.41501e-7 1 2.32309e-6 1.24063e-6 1 -3.10497e-7 0 1 -3.08955e-7 0 1 2.32296e-6 1.2407e-6 1 -3.09423e-7 2.53142e-7 1 -7.74296e-7 0 1 -7.74383e-7 0 1 -3.10062e-7 2.5281e-7 1 3.09737e-7 -2.52776e-7 1 1.54838e-6 6.78355e-7 1 1.54899e-6 6.78936e-7 1 3.09737e-7 -2.52883e-7 1 -9.29296e-7 -6.71926e-7 1 -4.64507e-7 -2.49519e-7 1 -4.64698e-7 -2.4958e-7 1 -9.29118e-7 -6.72026e-7 1 3.09741e-7 -4.76861e-7 1 3.0961e-7 0 1 3.0988e-7 0 1 3.09749e-7 -4.7685e-7 1 3.09931e-7 -4.44547e-7 1 -4.6458e-7 -1.17798e-6 1 -4.64629e-7 -1.17817e-6 1 3.09538e-7 -4.44632e-7 1 1.08403e-6 4.14623e-7 1 9.29207e-7 -4.48255e-7 1 9.29207e-7 -4.48234e-7 1 1.08412e-6 4.15186e-7 1 -1.0841e-6 0 1 0 1.13115e-6 1 0 1.13103e-6 1 -1.08408e-6 0 1 1.70337e-6 -1.30914e-7 1 7.74515e-7 -6.07946e-7 1 7.74179e-7 -6.07983e-7 1 1.70375e-6 -1.31056e-7 1 -1.08412e-6 -2.89557e-7 1 -3.10017e-7 0 1 -3.09438e-7 0 1 -1.08402e-6 -2.89556e-7 1 1.62588e-6 5.574e-7 1 -4.64648e-7 -1.93042e-7 1 -4.64559e-7 -1.9299e-7 1 1.62644e-6 5.5759e-7 1 0 1.98617e-7 1 2.32362e-7 4.52018e-7 1 2.32331e-7 4.52011e-7 1 0 1.98489e-7 1 0 -4.05392e-7 1 0 -4.04839e-7 0 -0.6579135 0.7530937 0 -0.6579135 0.7530936 0 -0.6672797 0.7448073 0 -0.6672798 0.7448072 0 0.613331 -0.789826 0 0.613331 -0.789826 0 0.650652 -0.7593761 0 0.6506521 -0.7593761 0 0.6418312 -0.766846 0 0.6418313 -0.766846 0 0.6672711 -0.744815 0 0.6672711 -0.744815 0 0.6579232 -0.7530852 0 0.6579232 -0.7530851 0 -0.6418323 0.7668451 0 -0.6418324 0.7668451 0 -0.6506558 0.7593728 0 -0.6506559 0.7593728 1.49077e-7 -0.6225199 0.782604 1.49077e-7 -0.6225198 0.782604 1.81633e-7 -0.6315128 0.7753655 1.81633e-7 -0.6315128 0.7753655 0 -0.6039416 0.7970286 0 -0.6039416 0.7970286 0 -0.6133298 0.7898269 0 -0.6133298 0.7898269 1.22389e-7 -0.5845835 0.8113335 1.22389e-7 -0.5845835 0.8113335 1.26553e-7 -0.5943581 0.8042007 1.26553e-7 -0.5943581 0.8042007 1.88022e-7 -0.5641655 0.8256618 1.88022e-7 -0.5641655 0.8256618 1.77052e-7 -0.5746169 0.8184226 0 -0.5424839 0.8400663 0 -0.5424839 0.8400663 1.4361e-7 -0.5532762 0.8329979 1.4361e-7 -0.5532762 0.8329979 0 -0.5208492 0.8536487 0 -0.5208493 0.8536488 0 -0.5317505 0.8469011 0 -0.5317505 0.8469012 0 -0.4985669 0.8668513 0 -0.4985669 0.8668512 0 -0.5097864 0.8603011 0 -0.5097864 0.8603011 0 -0.4747775 0.8801059 0 -0.4747775 0.880106 0 -0.4869657 0.8734212 0 -0.4869657 0.8734211 0 -0.4508721 0.8925887 0 -0.4508721 0.8925886 0 -0.4626715 0.8865298 0 -0.4626715 0.8865299 0 -0.4269379 0.904281 0 -0.4269379 0.904281 0 -0.438957 0.8985081 0 -0.4389569 0.8985081 1.33492e-7 -0.4020284 0.9156273 1.33492e-7 -0.4020285 0.9156273 0 -0.4148228 0.9099023 0 -0.4148227 0.9099023 0 -0.3765004 0.9264166 0 -0.3765003 0.9264165 1.39395e-7 -0.3890029 0.9212366 1.39395e-7 -0.3890028 0.9212366 1.22898e-7 -0.3516345 0.9361374 0 -0.3640884 0.9313644 0 -0.3640884 0.9313644 0 -0.3263992 0.9452321 0 -0.3263992 0.9452321 1.22896e-7 -0.3391472 0.9407333 1.22896e-7 -0.3391472 0.9407333 0 -0.3001374 0.9538961 0 -0.3001374 0.9538961 0 -0.313148 0.9497044 0 -0.3131479 0.9497044 0 -0.2751632 0.9613975 0 -0.2751632 0.9613976 0 -0.287639 0.957739 1 -6.19469e-7 -6.12654e-7 1 -6.19469e-7 -6.12226e-7 0 0.6039407 -0.7970293 0 0.6039407 -0.7970293 0 0.5943564 -0.8042018 0 0.58458 -0.8113361 0 0.58458 -0.8113361 0 0.5746105 -0.8184272 0 0.5746104 -0.8184271 -2.11673e-7 0.5641624 -0.8256639 -1.55098e-7 0.5532806 -0.8329949 -1.55098e-7 0.5532807 -0.8329949 0 0.5424894 -0.8400627 0 0.5424894 -0.8400627 0 0.5317538 -0.846899 0 0.52085 -0.8536484 0 0.5208499 -0.8536483 0 0.5097826 -0.8603033 0 0.49856 -0.8668552 0 0.49856 -0.8668552 0 0.4869595 -0.8734247 0 0.4869595 -0.8734247 0 0.4747807 -0.8801041 0 0.4626792 -0.8865258 0 0.4626792 -0.8865258 0 0.4508759 -0.8925867 0 0.450876 -0.8925867 0 0.4389577 -0.8985077 0 0.4389577 -0.8985077 0 0.4269336 -0.904283 0 0.4269336 -0.904283 0 0.4148137 -0.9099064 0 0.4148137 -0.9099064 -1.35853e-7 0.4020251 -0.9156287 -1.35853e-7 0.4020251 -0.9156287 -1.35852e-7 0.3890101 -0.9212335 -1.35852e-7 0.3890101 -0.9212336 0 0.3765071 -0.9264138 0 0.3765071 -0.9264138 0 0.3640909 -0.9313635 0 0.3640909 -0.9313635 0 0.3516339 -0.9361377 0 0.3516338 -0.9361377 0 0.3391423 -0.9407351 0 0.3391423 -0.9407351 0 0.3263925 -0.9452344 0 0.3263925 -0.9452344 0 0.3131507 -0.9497035 0 0.3131507 -0.9497035 0 0.3001458 -0.9538934 0 0.3001458 -0.9538934 0 0.2876433 -0.9577377 0 0.2876432 -0.9577376 0 0.2751651 -0.9613971 0 0.2751651 -0.961397 0 0.2627137 -0.9648739 0 0.2627137 -0.9648739 -1 -6.19867e-7 -3.7637e-7 -1 -9.29645e-7 0 -1 -9.28722e-7 0 -1 -6.19019e-7 -3.76163e-7 -1 0 8.14368e-7 -1 0 8.14227e-7 -1 9.28998e-7 1.40122e-6 -1 9.29429e-7 1.40137e-6 -1 6.19724e-7 0 -1 6.19233e-7 0 -1 6.19296e-7 -5.46483e-7 -1 6.19661e-7 -5.46144e-7 -1 3.09876e-7 3.02797e-7 -1 3.09605e-7 3.02744e-7 -1 -1.85842e-6 -8.41039e-7 -1 -1.85844e-6 -8.4107e-7 -1 -6.19384e-7 0 -1 -6.196e-7 0 -1 9.29157e-7 1.3346e-6 -1 9.29247e-7 1.33468e-6 -1 -6.19754e-7 0 -1 -6.19156e-7 0 -1 -4.64423e-7 -2.67851e-7 -1 -4.64755e-7 -2.68038e-7 -1 -6.19181e-7 -5.08574e-7 -1 -6.1974e-7 -5.08944e-7 -1 -4.65015e-7 -2.70628e-7 -1 -4.6415e-7 -2.69987e-7 -1 1.54864e-6 1.22638e-6 -1 1.54873e-6 1.22645e-6 -1 0 -4.78617e-7 -1 0 -4.78705e-7 -1 7.74593e-7 -5.31198e-7 -1 7.74048e-7 -5.31589e-7 -1 1.85804e-6 6.7687e-7 -1 1.85878e-6 6.77194e-7 -1 4.64642e-7 0 -1 4.64576e-7 0 -1 -1.54764e-7 -2.16702e-7 -1 -1.54955e-7 -2.16756e-7 -1 -6.19559e-7 -6.75648e-7 -1 -6.19378e-7 -6.7579e-7 -1 7.74194e-7 0 -1 7.74508e-7 0 -1 -1.54861e-7 0 -1 -1.54843e-7 0 -1 -1.23879e-6 0 -1 -1.23909e-6 0 -1 0 1.01053e-6 -1 0 1.01026e-6 -1 0 1.01402e-6 -1 0 1.01408e-6 -1 1.08369e-6 5.8854e-7 -1 1.08447e-6 5.88541e-7 -1 7.747e-7 -3.44172e-7 -1 7.73953e-7 -3.44581e-7 -1 -9.29219e-7 -9.70062e-7 -1 -9.29219e-7 -9.70022e-7 -1 1.54974e-7 2.88302e-7 -1 1.54777e-7 2.8813e-7 -1 9.29143e-7 9.99987e-7 -1 9.29295e-7 1.0001e-6 -1 -1.55044e-7 2.33268e-7 -1 -1.54682e-7 2.33515e-7 -1 -1.08406e-6 -2.89557e-7 -1 -1.08409e-6 -2.89556e-7 -1 -1.23894e-6 -4.98463e-7 -1 -1.23894e-6 -4.98586e-7 -1 1.08379e-6 0 -1 1.08446e-6 0 -1 0 -1.6254e-7 -1 0 -1.62548e-7 -1 2.32771e-7 0 -1 2.31862e-7 0 -1 1.54867e-6 3.15978e-7 -1 1.54867e-6 3.15977e-7 0 0.7960953 -0.6051715 0 0.7960953 -0.6051715 -1.87254e-7 0.7942878 -0.6075419 -1.87254e-7 0.7942877 -0.6075419 0 -0.6746996 0.7380925 0 -0.6746996 0.7380925 0 -0.6820606 0.7312957 0 -0.6820607 0.7312957 0 0.6746994 -0.7380927 0 0.6746994 -0.7380927 1 -9.29001e-7 -3.54049e-7 1 3.10124e-7 1.80293e-7 1 3.09377e-7 1.79661e-7 1 -9.29349e-7 -3.54537e-7 1 9.29456e-7 1.01514e-6 1 0 3.85884e-7 1 0 3.85788e-7 1 9.28913e-7 1.01445e-6 1 -3.0972e-7 -3.66647e-7 1 6.19481e-7 7.35537e-7 1 6.19431e-7 7.35477e-7 1 -3.09737e-7 -3.66667e-7 1 0 7.56534e-7 1 0 0 1 0 0 1 0 7.56749e-7 1 -9.29202e-7 -8.91767e-7 1 -6.19532e-7 3.11642e-7 1 -6.19381e-7 3.11976e-7 1 -9.29163e-7 -8.91746e-7 1 9.29158e-7 5.21021e-7 1 -3.09675e-7 -6.42693e-7 1 -3.09777e-7 -6.4272e-7 1 9.29207e-7 5.21078e-7 1 -9.29182e-7 -1.35753e-6 1 3.09444e-7 0 1 3.10009e-7 0 1 -9.29182e-7 -1.35753e-6 1 1.85837e-6 9.41732e-7 1 3.09896e-7 -8.40832e-7 1 3.0957e-7 -8.40985e-7 1 1.85836e-6 9.41705e-7 1 -3.09732e-7 -6.34647e-7 1 1.23872e-6 7.89062e-7 1 1.23909e-6 7.89506e-7 1 -3.09728e-7 -6.34648e-7 1 0 -2.79284e-7 1 -6.19457e-7 -5.59161e-7 1 -6.19457e-7 -5.59161e-7 1 0 -2.79292e-7 1 -3.09752e-7 0 1 6.1946e-7 9.77188e-7 1 6.1946e-7 9.77094e-7 1 -3.09695e-7 0 1 6.19458e-7 1.03567e-6 1 -3.09736e-7 -6.29553e-7 1 -3.0971e-7 -6.29512e-7 1 6.19458e-7 1.03564e-6 1 -6.19294e-7 -1.93109e-7 1 -6.19384e-7 -1.88824e-7 1 -6.19554e-7 -1.89021e-7 1 -6.19641e-7 -1.9351e-7 1 -6.19622e-7 -7.32249e-7 1 3.09764e-7 2.8048e-7 1 3.09697e-7 2.80272e-7 1 -6.19293e-7 -7.32219e-7 1 3.0901e-7 8.37902e-7 1 3.09573e-7 1.16134e-6 1 3.09899e-7 1.16175e-6 1 3.10457e-7 8.40026e-7 1 -6.19468e-7 1.23128e-6 1 -9.29209e-7 0 1 -9.29184e-7 0 1 -6.19468e-7 1.23124e-6 1 -3.09624e-7 -2.7192e-7 1 -3.0968e-7 7.75245e-7 1 -3.09792e-7 7.75292e-7 1 -3.09855e-7 -2.72607e-7 1 6.19372e-7 5.87794e-7 1 -3.0956e-7 -5.94973e-7 1 -3.09921e-7 -5.95666e-7 1 6.19562e-7 5.87974e-7 1 3.0973e-7 5.87885e-7 1 3.09727e-7 5.87883e-7 0 -0.7999023 0.6001303 0 -0.7999023 0.6001303 0 -0.8014415 0.5980733 0 -0.8014415 0.5980732 -1.42254e-7 0.7926781 -0.6096404 -1.42254e-7 0.7926781 -0.6096404 0 0.7988958 -0.6014696 0 0.7988957 -0.6014696 0 0.7972277 -0.6036788 0 0.7972277 -0.6036788 0 0.8014416 -0.5980731 0 0.8014417 -0.5980731 0 0.7999036 -0.6001286 0 0.7999036 -0.6001286 0 -0.7972274 0.6036792 0 -0.7972274 0.6036792 0 -0.7988965 0.6014686 0 -0.7988966 0.6014686 0 -0.7942875 0.6075421 0 -0.7942875 0.607542 0 -0.7960959 0.6051706 0 -0.7960959 0.6051706 0 -0.7910569 0.6117426 0 -0.7910569 0.6117426 0 -0.7926785 0.60964 0 -0.7926785 0.60964 0 -0.7875013 0.616313 0 -0.7875013 0.6163131 0 -0.7890912 0.614276 0 -0.7890912 0.6142761 0 -0.7835874 0.6212816 0 -0.7835874 0.6212816 1.42781e-7 -0.7853766 0.6190184 1.42781e-7 -0.7853766 0.6190183 0 -0.7792749 0.6266823 0 -0.779275 0.6266822 0 -0.7812905 0.6241675 0 -0.7812905 0.6241675 0 -0.7745225 0.6325464 0 -0.7745225 0.6325464 1.66866e-7 -0.7767959 0.6297525 1.66867e-7 -0.7767958 0.6297526 1.57985e-7 -0.7692836 0.6389075 1.57985e-7 -0.7692836 0.6389075 0 -0.7718454 0.6358103 0 -0.7718455 0.6358103 1.25486e-7 -0.7635038 0.6458035 1.25486e-7 -0.7635037 0.6458034 1.22439e-7 -0.7663949 0.6423698 1.22439e-7 -0.7663949 0.6423699 0 -0.7571288 0.6532657 0 -0.7571288 0.6532657 1.43473e-7 -0.7603894 0.6494676 1.43473e-7 -0.7603894 0.6494675 0 -0.7500984 0.6613264 0 -0.7500983 0.6613264 0 -0.7537731 0.6571348 0 -0.7537731 0.6571348 0 -0.7423448 0.6700181 0 -0.7423447 0.6700181 0 -0.7464832 0.6654044 0 -0.7464832 0.6654044 2.24988e-7 -0.7337923 0.6793739 2.24988e-7 -0.7337923 0.6793739 1.37089e-7 -0.7384473 0.6743112 1.37089e-7 -0.7384473 0.6743112 0 -0.7243614 0.6894205 0 -0.7243614 0.6894205 2.27507e-7 -0.7295963 0.6838782 2.27507e-7 -0.7295963 0.6838781 0 -0.7139679 0.7001784 0 -0.7198456 0.6941342 0 -0.7025197 0.7116643 0 -0.7025198 0.7116643 0 -0.7081722 0.7060399 0 -0.7081722 0.7060398 1.59526e-7 -0.6899179 0.7238877 1.59526e-7 -0.6899179 0.7238876 1.20568e-7 -0.695504 0.7185222 1.20568e-7 -0.695504 0.7185223 1 9.29304e-7 -5.75307e-7 1 9.29106e-7 -5.75638e-7 0 0.7910567 -0.611743 0 0.7890923 -0.6142747 0 0.7890923 -0.6142748 0 0.7875005 -0.6163142 0 0.7875005 -0.6163142 0 0.7853765 -0.6190185 0 0.7853765 -0.6190185 0 0.7835865 -0.6212828 -1.53027e-7 0.781291 -0.6241672 -1.53027e-7 0.7812909 -0.6241672 -1.73797e-7 0.779274 -0.6266834 -1.73797e-7 0.779274 -0.6266834 0 0.7767947 -0.629754 0 0.7767947 -0.629754 0 0.7745213 -0.6325479 0 0.7718464 -0.6358091 0 0.7718464 -0.635809 0 0.7692824 -0.638909 0 0.7692824 -0.638909 0 0.7663945 -0.6423703 -2.05354e-7 0.7635031 -0.6458043 -2.05354e-7 0.7635031 -0.6458042 -1.98634e-7 0.7603893 -0.6494678 -1.98634e-7 0.7603893 -0.6494678 0 0.7571284 -0.6532661 0 0.7571285 -0.6532661 -1.21025e-7 0.7537726 -0.6571356 -1.21026e-7 0.7537725 -0.6571356 -1.99199e-7 0.7500987 -0.6613261 -1.99199e-7 0.7500987 -0.661326 0 0.7464818 -0.6654059 0 0.7464817 -0.6654059 0 0.7423446 -0.6700183 0 0.7423446 -0.6700183 0 0.7384462 -0.6743124 0 0.7384463 -0.6743124 -1.78383e-7 0.7337923 -0.6793739 -1.78383e-7 0.7337923 -0.6793739 -1.89239e-7 0.7295922 -0.6838825 -1.89239e-7 0.7295923 -0.6838824 -1.23985e-7 0.724362 -0.6894199 -1.23985e-7 0.724362 -0.6894199 0 0.7198393 -0.6941408 0 0.7198393 -0.6941409 0 0.7139694 -0.700177 0 0.7139694 -0.7001769 0 0.7081726 -0.7060394 0 0.7081725 -0.7060394 0 0.7025166 -0.7116674 0 0.7025166 -0.7116675 -1.20797e-7 0.6955094 -0.718517 -1.20797e-7 0.6955093 -0.7185171 0 0.6899068 -0.7238982 0 0.6899068 -0.7238982 0 0.6820626 -0.7312938 0 0.6820626 -0.7312938 -1 -6.19285e-7 5.71586e-7 -1 6.19678e-7 5.63596e-7 -1 6.19249e-7 5.62696e-7 -1 -6.19569e-7 5.71288e-7 -1 0 -1.1237e-6 -1 0 -1.12405e-6 -1 6.19454e-7 -3.85145e-7 -1 6.19454e-7 -3.85175e-7 -1 1.2391e-6 8.21867e-7 -1 1.23874e-6 8.21062e-7 -1 9.29211e-7 4.54801e-7 -1 9.29174e-7 4.54732e-7 -1 0 -5.61866e-7 -1 0 -5.61898e-7 -1 -3.09742e-7 -1.95141e-7 -1 -3.09708e-7 -1.95101e-7 -1 0 0 -1 0 0 -1 -3.09833e-7 -9.53199e-7 -1 -3.09608e-7 -9.52846e-7 -1 -6.19493e-7 -1.48511e-6 -1 -6.19406e-7 -1.48498e-6 -1 3.09779e-7 -3.61596e-7 -1 3.09676e-7 -3.61662e-7 -1 3.09738e-7 9.2001e-7 -1 3.09717e-7 9.20081e-7 -1 -3.09782e-7 2.82067e-7 -1 -3.09669e-7 2.82695e-7 -1 -9.29183e-7 -1.15553e-6 -1 -9.29189e-7 -1.15553e-6 -1 -1.23891e-6 -2.34124e-7 -1 -1.23891e-6 -2.34347e-7 -1 9.29192e-7 1.5505e-6 -1 9.2918e-7 1.55049e-6 -1 1.54841e-6 9.93127e-7 -1 1.54887e-6 9.93631e-7 -1 -3.09728e-7 -7.08221e-7 -1 -3.09724e-7 -7.08221e-7 -1 -3.09695e-7 -3.53409e-7 -1 -3.09757e-7 -3.5348e-7 -1 3.09731e-7 0 -1 3.09722e-7 0 -1 1.23895e-6 7.68234e-7 -1 1.2389e-6 7.6817e-7 -1 3.09701e-7 -2.74215e-7 -1 3.09791e-7 -2.74109e-7 -1 -6.19466e-7 -4.1793e-7 -1 -6.19438e-7 -4.17857e-7 -1 6.19494e-7 1.31244e-6 -1 6.19409e-7 1.31243e-6 -1 0 -6.16596e-7 -1 0 -6.16898e-7 -1 -6.19386e-7 -9.02486e-7 -1 -6.19558e-7 -9.02959e-7 -1 0 0 -1 0 0 -1 -3.09811e-7 -9.51639e-7 -1 -3.09647e-7 -9.51492e-7 -1 6.19333e-7 4.99294e-7 -1 6.19591e-7 4.99654e-7 -1 9.28759e-7 1.72916e-7 -1 9.29628e-7 1.74835e-7 -1 1.23887e-6 3.23541e-7 -1 1.23897e-6 3.23727e-7 -1 3.09862e-7 5.61148e-7 -1 3.09551e-7 5.60866e-7 -1 -9.29045e-7 -3.78487e-7 -1 -9.29381e-7 -3.78858e-7 -1 -6.19246e-7 0 -1 -6.19717e-7 0 -1 -1.23895e-6 -3.64617e-7 -1 -1.23895e-6 -3.65043e-7 -1 6.19182e-7 3.52612e-7 -1 6.19749e-7 3.52719e-7 -1 -1.85848e-6 -3.59305e-7 -1 -1.8582e-6 -3.5892e-7 0 0.823979 -0.5666204 0 0.823979 -0.5666204 0 0.8237718 -0.5669215 0 0.8237719 -0.5669215 0 -0.8027102 0.5963695 0 -0.8027101 0.5963695 0 -0.8037588 0.5949555 0 -0.8037588 0.5949555 0 0.8027095 -0.5963704 0 0.8027094 -0.5963704 1 -3.09756e-7 -7.61964e-7 1 -3.09712e-7 -7.62185e-7 1 -3.09746e-7 -7.62185e-7 1 -3.09704e-7 -7.61964e-7 1 6.19409e-7 4.80781e-7 1 6.19354e-7 7.61355e-7 1 6.19529e-7 7.6157e-7 1 6.19479e-7 4.80883e-7 1 6.19519e-7 -5.615e-7 1 6.19581e-7 -1.81279e-7 1 6.19302e-7 -1.81536e-7 1 6.19364e-7 -5.61691e-7 1 -6.19454e-7 1.98534e-7 1 -6.19456e-7 -9.42372e-7 1 -6.19456e-7 -9.42404e-7 1 -6.19454e-7 1.98535e-7 1 -3.09737e-7 0 1 -3.09748e-7 0 1 -3.09703e-7 0 1 -3.09721e-7 0 1 3.09749e-7 -2.66404e-7 1 0 -2.81142e-7 1 0 -2.81122e-7 1 3.09699e-7 -2.66388e-7 1 0 -1.96108e-7 1 0 0 1 0 0 1 0 -1.96061e-7 1 -6.19532e-7 -2.80578e-7 1 0 8.42237e-7 1 0 8.42507e-7 1 -6.19378e-7 -2.79994e-7 1 6.19921e-7 1.22263e-6 1 1.23911e-6 3.89352e-7 1 1.23873e-6 3.88881e-7 1 6.19018e-7 1.22199e-6 1 0 0 1 -1.85821e-6 -4.95581e-7 1 -1.85851e-6 -4.95813e-7 1 0 0 1 -3.09652e-7 -1.78132e-6 1 3.09899e-7 -1.39548e-6 1 3.09552e-7 -1.39608e-6 1 -3.09805e-7 -1.78192e-6 1 1.23891e-6 0 1 6.19435e-7 2.87046e-7 1 6.19476e-7 2.87101e-7 1 1.23891e-6 0 1 1.23905e-6 1.94132e-7 1 1.85847e-6 -7.37465e-7 1 1.85827e-6 -7.37588e-7 1 1.23877e-6 1.94255e-7 1 3.09744e-7 0 1 0 0 1 0 0 1 3.09714e-7 0 1 3.09954e-7 -1.87698e-7 1 0 -2.80235e-7 1 0 -2.80633e-7 1 3.0951e-7 -1.88234e-7 1 3.09747e-7 7.46384e-7 1 6.19495e-7 4.6737e-7 1 6.1942e-7 4.67314e-7 1 3.09704e-7 7.46281e-7 1 -6.19656e-7 -1.11889e-6 1 -6.19566e-7 -7.44649e-7 1 -6.19349e-7 -7.44259e-7 1 -6.19261e-7 -1.11829e-6 1 -3.09747e-7 4.61384e-7 1 0 3.72102e-7 1 0 3.7229e-7 1 -3.09711e-7 4.61437e-7 1 -3.09758e-7 -1.12177e-6 1 -3.09687e-7 -1.1213e-6 0 -0.8247755 0.5654604 0 -0.8247755 0.5654604 0 -0.8248932 0.5652889 0 -0.8248931 0.5652889 -1.75874e-7 0.8233146 -0.5675854 -1.75874e-7 0.8233146 -0.5675854 -1.34631e-7 0.8245657 -0.5657662 0 0.8241664 -0.5663477 0 0.8248926 -0.5652896 0 0.8248925 -0.5652896 -2.2613e-7 0.8247767 -0.5654587 -2.2613e-7 0.8247768 -0.5654586 0 -0.8241673 0.5663466 0 -0.8245667 0.5657647 2.07695e-7 -0.823773 0.5669199 2.07695e-7 -0.823773 0.5669199 0 -0.8239791 0.5666202 0 -0.8239791 0.5666202 2.20736e-7 -0.8230633 0.5679497 2.20736e-7 -0.8230633 0.5679497 2.80747e-7 -0.8233137 0.5675866 0 -0.8223164 0.5690305 0 -0.8223164 0.5690306 1.88601e-7 -0.8228378 0.5682764 1.88601e-7 -0.8228377 0.5682764 1.69649e-7 -0.8217436 0.5698576 1.69649e-7 -0.8217436 0.5698575 0 -0.822021 0.5694573 0 -0.8220209 0.5694573 0 -0.8208464 0.5711492 0 -0.8208463 0.5711491 0 -0.8211572 0.5707022 0 -0.8211571 0.5707022 0 -0.8198157 0.5726277 0 -0.8198156 0.5726276 0 -0.8204745 0.5716832 0 -0.8204745 0.5716832 1.53649e-7 -0.8190066 0.5737841 1.53649e-7 -0.8190066 0.5737841 1.2705e-7 -0.8195307 0.5730355 1.2705e-7 -0.8195306 0.5730354 1.85491e-7 -0.8180636 0.5751278 1.85491e-7 -0.8180636 0.5751278 2.06925e-7 -0.8182725 0.5748305 2.06925e-7 -0.8182725 0.5748305 2.05276e-7 -0.8165023 0.5773422 2.05276e-7 -0.8165022 0.5773423 1.59959e-7 -0.8173156 0.5761904 1.59959e-7 -0.8173156 0.5761904 1.44619e-7 -0.8153808 0.5789251 1.44619e-7 -0.8153809 0.5789251 1.58655e-7 -0.8162772 0.5776606 1.58654e-7 -0.8162771 0.5776606 1.72135e-7 -0.8141579 0.5806436 1.72135e-7 -0.8141579 0.5806436 1.45867e-7 -0.8146422 0.5799641 1.45867e-7 -0.8146421 0.5799641 0 -0.8126663 0.5827293 0 -0.8126663 0.5827293 0 -0.8131701 0.5820261 0 -0.8131701 0.5820261 1.68004e-7 -0.8106551 0.5855241 1.68004e-7 -0.8106551 0.585524 0 -0.8117418 0.5840167 0 -0.8117417 0.5840167 0 -0.808991 0.5878211 0 -0.808991 0.5878211 1.56703e-7 -0.8101761 0.5861865 1.56703e-7 -0.8101761 0.5861865 1.80397e-7 -0.8071682 0.5903216 0 -0.8081244 0.589012 0 -0.8081244 0.589012 0 -0.8051705 0.5930435 0 -0.8051705 0.5930435 1.92363e-7 -0.8058723 0.5920895 1.92363e-7 -0.8058723 0.5920895 1 3.09775e-7 3.81415e-7 1 3.09638e-7 3.81246e-7 -1.55637e-7 0.8230634 -0.5679495 -1.55637e-7 0.8230634 -0.5679494 -1.55635e-7 0.8228367 -0.568278 0 0.8223182 -0.5690279 0 0.8223182 -0.5690279 0 0.822022 -0.5694559 0 0.8220219 -0.5694559 0 0.8217422 -0.5698593 0 0.8217422 -0.5698594 0 0.8211558 -0.5707042 0 0.8211557 -0.5707042 0 0.8208478 -0.571147 0 0.8204748 -0.5716827 0 0.8204749 -0.5716827 -1.57732e-7 0.8198152 -0.5726283 -1.57732e-7 0.8198152 -0.5726282 -1.40984e-7 0.8195319 -0.5730337 -1.40984e-7 0.8195319 -0.5730337 -1.20215e-7 0.819006 -0.5737849 -1.20215e-7 0.819006 -0.573785 -1.20209e-7 0.8182716 -0.5748317 -1.20209e-7 0.8182717 -0.5748317 0 0.8180636 -0.5751278 0 0.8180637 -0.5751278 0 0.8173162 -0.5761895 0 0.8173162 -0.5761895 0 0.8165036 -0.5773404 0 0.8165036 -0.5773404 0 0.8162772 -0.5776605 0 0.8162772 -0.5776605 0 0.8153796 -0.5789268 0 0.8153796 -0.5789268 0 0.8146419 -0.5799645 0 0.8146418 -0.5799643 -1.49118e-7 0.814159 -0.5806419 -1.49118e-7 0.814159 -0.580642 0 0.8131714 -0.5820245 0 0.8131713 -0.5820245 0 0.8126657 -0.5827303 0 0.8126657 -0.5827303 0 0.8117415 -0.5840168 0 0.8117415 -0.5840168 0 0.810656 -0.5855229 0 0.810656 -0.5855228 0 0.8101758 -0.586187 0 0.8101758 -0.586187 0 0.8089913 -0.5878207 0 0.8089913 -0.5878207 0 0.808124 -0.5890126 0 0.8081239 -0.5890126 -1.21408e-7 0.8071677 -0.5903222 -1.21408e-7 0.8071677 -0.5903222 0 0.8058728 -0.5920888 0 0.8051698 -0.5930443 0 0.8051698 -0.5930444 0 0.8037588 -0.5949555 0 0.8037587 -0.5949555 -1 3.09821e-7 3.81429e-7 -1 -6.19429e-7 -7.62185e-7 -1 -6.195e-7 -7.62185e-7 -1 3.09576e-7 3.81248e-7 -1 0 -7.61959e-7 -1 0 -7.61959e-7 -1 6.19407e-7 7.61361e-7 -1 6.19495e-7 7.61575e-7 -1 -3.09776e-7 6.61892e-7 -1 -3.0969e-7 6.61982e-7 -1 -6.19324e-7 1.81111e-7 -1 -6.19595e-7 1.80861e-7 -1 0 -1.98681e-7 -1 0 -1.98887e-7 -1 -6.19451e-7 -5.79333e-7 -1 -6.19451e-7 -5.79366e-7 -1 -6.1945e-7 5.61793e-7 -1 -6.1945e-7 5.61793e-7 -1 -3.09751e-7 2.80933e-7 -1 -3.09706e-7 2.80892e-7 -1 -3.09735e-7 -2.80885e-7 -1 -3.09724e-7 -2.80876e-7 -1 3.09833e-7 0 -1 3.09601e-7 0 -1 3.09797e-7 6.45753e-7 -1 3.09638e-7 6.45801e-7 -1 0 4.63492e-7 -1 0 4.63536e-7 -1 6.19452e-7 -5.61934e-7 -1 6.19452e-7 -5.61807e-7 -1 9.29145e-7 2.9328e-7 -1 9.29214e-7 2.93596e-7 -1 -6.19682e-7 0 -1 -6.19244e-7 0 -1 0 1.1229e-6 -1 0 1.12243e-6 -1 1.2391e-6 2.07541e-6 -1 1.23873e-6 2.07481e-6 -1 -9.29404e-7 -1.23064e-6 -1 -9.28964e-7 -1.23006e-6 -1 -6.19433e-7 -1.60785e-6 -1 -6.19485e-7 -1.60788e-6 -1 3.09785e-7 -6.58427e-7 -1 3.09665e-7 -6.5839e-7 -1 -3.09801e-7 -3.76966e-7 -1 -3.09648e-7 -3.77057e-7 -1 0 8.42465e-7 -1 0 8.42544e-7 -1 -9.29055e-7 0 -1 -9.29309e-7 0 -1 0 5.61081e-7 -1 0 5.60365e-7 -1 1.23905e-6 1.78453e-6 -1 1.23878e-6 1.78431e-6 -1 -3.09785e-7 -2.80585e-7 -1 -3.09662e-7 -2.80175e-7 -1 -3.09709e-7 -2.81078e-7 -1 -3.09738e-7 -2.81175e-7 -1 -9.28992e-7 0 -1 -9.29352e-7 0 -1 -3.09341e-7 1.87015e-7 -1 -3.10086e-7 1.86474e-7 -1 3.09791e-7 6.54878e-7 -1 3.09678e-7 6.54799e-7 -1 -3.09705e-7 7.46393e-7 -1 -3.09743e-7 7.46302e-7 -1 -1.239e-6 -7.4462e-7 -1 -1.23879e-6 -7.44231e-7 -1 -1.2391e-6 -1.11888e-6 -1 -1.23869e-6 -1.11827e-6 -1 0 3.72106e-7 -1 0 3.72293e-7 -1 -3.09705e-7 6.51983e-7 -1 -3.0974e-7 6.52057e-7 -1 1.54863e-6 7.62536e-7 -1 1.54859e-6 7.62448e-7 0 0.8274698 -0.5615103 0 0.8274698 -0.5615103 0 0.8274706 -0.5615092 0 0.8274706 -0.5615092 0 -0.8252348 0.5647898 0 -0.8252348 0.5647899 2.04625e-7 -0.82546 0.5644606 0 0.8252353 -0.5647891 0 0.8252353 -0.5647892 1 6.19421e-7 -7.41365e-7 1 0 -4.60472e-7 1 0 -4.60463e-7 1 6.19453e-7 -7.41346e-7 1 3.09757e-7 8.662e-7 1 3.0969e-7 -4.6043e-7 1 3.09717e-7 -4.60427e-7 1 3.09681e-7 8.66084e-7 1 3.09723e-7 -5.61826e-7 1 6.1945e-7 4.83754e-7 1 6.19455e-7 4.8377e-7 1 3.09727e-7 -5.61818e-7 1 0 8.42763e-7 1 0 0 1 0 0 1 0 8.42711e-7 1 -3.09725e-7 -3.82395e-7 1 3.09724e-7 5.61807e-7 1 3.09728e-7 5.61826e-7 1 -3.09717e-7 -3.82405e-7 1 0 0 1 -3.09716e-7 0 1 -3.09727e-7 0 1 0 0 1 -6.19431e-7 1.7944e-7 1 -6.19452e-7 -3.82391e-7 1 -6.19431e-7 -3.82371e-7 1 -6.1945e-7 1.79406e-7 1 -6.19429e-7 -2.0291e-7 1 -6.19456e-7 -2.02941e-7 1 -6.19449e-7 -2.02925e-7 1 -6.19476e-7 -2.03025e-7 1 6.19434e-7 -6.39938e-7 1 0 0 1 0 0 1 6.19453e-7 -6.39923e-7 1 6.19383e-7 -7.41354e-7 1 1.54863e-6 1.24729e-7 1 1.54861e-6 1.24712e-7 1 6.19516e-7 -7.41231e-7 1 9.29193e-7 0 1 9.29143e-7 0 1 9.29172e-7 0 1 9.29126e-7 0 1 3.09714e-7 3.03839e-7 1 3.09803e-7 -3.59134e-7 1 3.09649e-7 -3.59388e-7 1 3.09748e-7 3.03871e-7 1 3.09792e-7 -2.80961e-7 1 -9.2917e-7 -1.42722e-6 1 -9.29197e-7 -1.4273e-6 1 3.09681e-7 -2.81106e-7 1 0 -8.42684e-7 1 1.23888e-6 6.85427e-7 1 1.23896e-6 6.85556e-7 1 0 -8.42712e-7 1 6.19297e-7 -1.79982e-7 1 6.19427e-7 -1.80025e-7 1 6.19449e-7 -1.80004e-7 1 6.19571e-7 -1.79728e-7 1 6.19489e-7 -6.41048e-7 1 3.09712e-7 -4.61113e-7 1 3.0973e-7 -4.61095e-7 1 6.19414e-7 -6.41173e-7 1 6.19435e-7 3.02109e-7 1 6.19522e-7 -2.59488e-7 1 6.1938e-7 -2.59816e-7 1 6.19468e-7 3.02155e-7 1 0 -3.81411e-7 1 -3.09701e-7 -6.62388e-7 1 -3.09756e-7 -6.62406e-7 1 0 -3.81478e-7 1 9.29176e-7 7.62523e-7 1 9.29141e-7 7.62436e-7 0 -0.8273126 0.5617418 0 -0.8273126 0.5617418 2.94692e-7 -0.8273116 0.5617432 2.94692e-7 -0.8273116 0.5617432 0 0.8274939 -0.5614749 0 0.8274939 -0.561475 -1.20138e-7 0.8273341 -0.5617102 -1.20138e-7 0.8273341 -0.5617102 0 0.827411 -0.5615969 0 0.8274109 -0.5615969 -1.39846e-7 0.827312 -0.5617427 -1.39846e-7 0.8273121 -0.5617427 -2.5482e-7 0.8273109 -0.5617445 -2.5482e-7 0.8273108 -0.5617445 0 -0.8274126 0.5615946 0 -0.8274126 0.5615946 0 -0.8273367 0.5617064 0 -0.8273367 0.5617064 0 -0.8274685 0.5615122 0 -0.8274685 0.5615122 0 -0.8274689 0.5615116 0 -0.8274689 0.5615116 0 -0.8275386 0.561409 0 -0.8275386 0.561409 0 -0.8274942 0.5614743 0 -0.8274943 0.5614742 0 -0.8275595 0.5613781 0 -0.8275594 0.5613781 0 -0.8275591 0.5613788 0 -0.827559 0.5613787 0 -0.8275814 0.5613458 0 -0.8275814 0.5613457 0 -0.8275694 0.5613635 0 -0.8275694 0.5613635 0 -0.8275746 0.5613558 0 -0.8275746 0.5613558 1.26777e-7 -0.827582 0.5613451 1.26777e-7 -0.827582 0.561345 0 -0.8275303 0.5614212 0 -0.8275303 0.5614212 0 -0.8275495 0.561393 0 -0.8275493 0.561393 1.57787e-7 -0.8274872 0.5614846 1.57787e-7 -0.8274873 0.5614846 1.38111e-7 -0.82753 0.5614216 1.38111e-7 -0.82753 0.5614216 0 -0.8274033 0.5616084 0 -0.8274033 0.5616083 1.7747e-7 -0.8274238 0.561578 1.7747e-7 -0.8274238 0.561578 0 -0.8272772 0.5617942 0 -0.8273831 0.5616381 0 -0.8273831 0.5616381 0 -0.8271944 0.5619159 0 -0.8271944 0.5619159 0 -0.8271943 0.5619161 0 -0.8269328 0.562301 0 -0.8269327 0.562301 0 -0.8270795 0.5620851 0 -0.8270795 0.562085 0 -0.8268234 0.5624617 0 -0.8268235 0.5624617 0 -0.8268992 0.5623502 0 -0.8268994 0.5623502 2.02519e-7 -0.8265159 0.5629135 2.02519e-7 -0.8265159 0.5629134 0 -0.8266303 0.5627454 0 -0.8266302 0.5627455 1.44853e-7 -0.8262541 0.5632976 2.12674e-7 -0.8264926 0.5629476 2.12674e-7 -0.8264926 0.5629476 0 -0.8260399 0.5636118 0 -0.8260399 0.5636118 0 -0.8260411 0.56361 0 -0.8260411 0.56361 1.49801e-7 -0.8255041 0.5643962 1.49801e-7 -0.8255041 0.5643962 0 -0.825791 0.5639762 0 -0.8257911 0.5639762 1 0 -5.61713e-7 1 0 -5.61807e-7 0 0.8275386 -0.561409 0 0.8275594 -0.5613782 0 0.8275594 -0.5613782 0 0.8275609 -0.561376 0 0.827561 -0.561376 0 0.8275698 -0.5613631 0 0.8275697 -0.5613629 -1.20686e-7 0.8275808 -0.5613466 -1.20686e-7 0.8275808 -0.5613467 -1.56432e-7 0.8275802 -0.5613476 -1.56432e-7 0.8275802 -0.5613476 -1.36769e-7 0.8275746 -0.5613558 -1.36769e-7 0.8275746 -0.5613558 -1.96369e-7 0.827551 -0.5613905 -1.96369e-7 0.827551 -0.5613905 -1.76705e-7 0.8275305 -0.5614209 -1.76705e-7 0.8275305 -0.5614209 -1.5704e-7 0.8275304 -0.5614209 -1.5704e-7 0.8275304 -0.5614209 -1.37369e-7 0.8274862 -0.5614861 -1.37369e-7 0.8274862 -0.5614862 0 0.8274217 -0.5615811 0 0.8274217 -0.5615811 -2.12417e-7 0.827404 -0.5616072 -2.12417e-7 0.8274041 -0.5616072 -2.12997e-7 0.8273844 -0.5616363 -2.12997e-7 0.8273844 -0.5616363 0 0.827275 -0.5617974 0 0.827275 -0.5617974 0 0.8271936 -0.5619171 0 0.8271936 -0.5619171 -1.44041e-7 0.8271955 -0.5619143 -1.44041e-7 0.8271955 -0.5619143 -2.78695e-7 0.8270801 -0.5620841 -2.01983e-7 0.826933 -0.5623005 -2.01983e-7 0.826933 -0.5623005 0 0.8269 -0.5623492 0 0.8269 -0.5623492 0 0.8268226 -0.5624629 0 0.8268226 -0.5624629 0 0.8266291 -0.5627472 0 0.826629 -0.5627473 -1.59008e-7 0.8265165 -0.5629127 -1.59008e-7 0.8265165 -0.5629126 -2.84893e-7 0.8264932 -0.5629467 -2.84892e-7 0.8264932 -0.5629467 -2.65068e-7 0.8262557 -0.5632953 -2.65068e-7 0.8262557 -0.5632953 0 0.8260409 -0.5636103 0 0.8260409 -0.5636103 -1.34643e-7 0.8260378 -0.563615 -1.34643e-7 0.8260377 -0.5636149 -1.98745e-7 0.8257886 -0.5639799 -1.98745e-7 0.8257886 -0.5639799 0 0.8255008 -0.564401 0 0.8255008 -0.564401 0 0.8254608 -0.5644595 -1 -9.29138e-7 -2.02628e-7 -1 -3.09727e-7 0 -1 -3.09732e-7 0 -1 -9.29177e-7 -2.02723e-7 -1 -3.09709e-7 0 -1 -3.09725e-7 0 -1 -3.09713e-7 0 -1 -3.09722e-7 0 -1 9.2922e-7 1.04567e-6 -1 9.29147e-7 1.04558e-6 -1 3.09723e-7 6.63237e-7 -1 3.09736e-7 6.63251e-7 -1 -6.19455e-7 -2.02911e-7 -1 -6.19451e-7 -2.02906e-7 -1 0 0 -1 0 0 -1 6.19468e-7 3.0448e-7 -1 6.19438e-7 3.04439e-7 -1 6.19448e-7 2.02964e-7 -1 6.19457e-7 2.02979e-7 -1 0 -3.82394e-7 -1 0 -3.82394e-7 -1 0 0 -1 0 2.80916e-7 -1 0 2.80904e-7 -1 -3.09727e-7 1.79418e-7 -1 -3.09717e-7 1.79431e-7 -1 -3.09722e-7 1.79427e-7 -1 -3.09722e-7 1.79427e-7 -1 0 -7.64762e-7 -1 0 -7.64746e-7 -1 0 -5.61772e-7 -1 0 -5.61883e-7 -1 -6.19466e-7 2.80955e-7 -1 -6.19448e-7 2.80976e-7 -1 -1.2389e-6 2.57525e-7 -1 -1.2389e-6 2.57542e-7 -1 -6.19429e-7 1.02223e-6 -1 -6.19451e-7 1.02223e-6 -1 -6.19483e-7 0 -1 -6.19417e-7 0 -1 -3.09733e-7 7.41301e-7 -1 -3.09722e-7 7.41323e-7 -1 -6.19412e-7 4.60664e-7 -1 -6.19463e-7 4.60574e-7 -1 -6.19344e-7 1.79686e-7 -1 -6.19506e-7 1.79435e-7 -1 3.09729e-7 9.4406e-7 -1 3.09742e-7 9.44106e-7 -1 -9.2915e-7 -1.24751e-6 -1 -9.29227e-7 -1.24759e-6 -1 -3.0967e-7 0 -1 -3.09778e-7 0 -1 6.19426e-7 1.22479e-6 -1 6.19505e-7 1.2249e-6 -1 -3.09715e-7 -3.03141e-7 -1 -3.09733e-7 -3.03179e-7 -1 0 1.79821e-7 -1 0 1.79845e-7 -1 -3.09829e-7 1.79894e-7 -1 -3.09623e-7 1.80147e-7 -1 -6.19457e-7 -7.63731e-7 -1 -6.19448e-7 -7.63728e-7 -1 3.09708e-7 -2.80967e-7 -1 3.09748e-7 -2.80931e-7 -1 0 9.43477e-7 -1 0 9.43262e-7 -1 -6.19456e-7 8.42769e-7 -1 -6.19456e-7 8.42806e-7 -1 -6.19457e-7 -4.82e-7 -1 -6.19457e-7 -4.8205e-7 -1 3.09802e-7 -3.81409e-7 -1 3.09639e-7 -3.81476e-7 -1 -3.09703e-7 1.79575e-7 -1 -3.09688e-7 1.79594e-7 0 0.8237131 -0.567007 0 0.8237131 -0.5670069 0 0.8240265 -0.5665513 2.74989e-7 -0.827214 0.561887 2.74989e-7 -0.827214 0.561887 1.20614e-7 -0.827103 0.5620505 1.20614e-7 -0.827103 0.5620504 0 0.8272145 -0.5618863 0 0.8272145 -0.5618863 1 -6.19451e-7 -9.42443e-7 1 0 0 1 0 0 1 -6.19451e-7 -9.42459e-7 1 6.19461e-7 6.61412e-7 1 3.09575e-7 -2.81108e-7 1 3.09865e-7 -2.80546e-7 1 6.19437e-7 6.6138e-7 1 -9.29141e-7 -3.80678e-7 1 -9.29354e-7 -5.80423e-7 1 -9.29022e-7 -5.80287e-7 1 -9.2924e-7 -3.80739e-7 1 6.19456e-7 0 1 3.09699e-7 1.99754e-7 1 3.09758e-7 1.99754e-7 1 6.19456e-7 0 1 -9.29002e-7 0 1 -9.29308e-7 -8.62134e-7 1 -9.28998e-7 -8.61961e-7 1 -9.29302e-7 0 1 6.19504e-7 4.81336e-7 1 9.29155e-7 1.32397e-6 1 9.29169e-7 1.32395e-6 1 6.19367e-7 4.81274e-7 1 -1.23903e-6 -1.2443e-6 1 0 0 1 0 0 1 -1.23874e-6 -1.24401e-6 1 6.19666e-7 1.22426e-6 1 0 0 1 0 0 1 6.19205e-7 1.22391e-6 1 -6.19277e-7 -3.81221e-7 1 -1.54864e-6 -8.63319e-7 1 -1.54863e-6 -8.63296e-7 1 -6.19606e-7 -3.81525e-7 1 0 0 1 3.09731e-7 6.62421e-7 1 3.09736e-7 6.62423e-7 1 0 0 1 1.54861e-6 2.22914e-7 1 9.29183e-7 0 1 9.29197e-7 0 1 1.54869e-6 2.23013e-7 1 -6.19494e-7 7.41963e-7 1 0 -5.61878e-7 1 0 -5.61856e-7 1 -6.19399e-7 7.42225e-7 1 3.09828e-7 -3.8174e-7 1 -3.09721e-7 7.41889e-7 1 -3.09732e-7 7.41828e-7 1 3.09623e-7 -3.81869e-7 1 3.09642e-7 0 1 3.09704e-7 -8.42815e-7 1 3.09749e-7 -8.42765e-7 1 3.09783e-7 0 1 0 -7.64142e-7 1 9.29172e-7 8.64911e-7 1 9.29165e-7 8.64892e-7 1 0 -7.64005e-7 1 0 0 1 -6.1946e-7 -7.64056e-7 1 -6.1946e-7 -7.6409e-7 1 0 0 1 9.29089e-7 3.03695e-7 1 1.2389e-6 2.25107e-7 1 1.23889e-6 2.251e-7 1 9.29241e-7 3.03745e-7 1 3.09696e-7 -2.80919e-7 1 -3.09732e-7 -7.64405e-7 1 -3.09721e-7 -7.64379e-7 1 3.09782e-7 -2.80803e-7 1 6.19459e-7 -1.79608e-7 1 6.19471e-7 -1.79586e-7 1.71559e-7 -0.8234335 0.5674129 1.71559e-7 -0.8234336 0.5674128 3.06202e-7 -0.8232046 0.567745 0 0.8240545 -0.5665106 0 0.8240545 -0.5665106 -2.69394e-7 0.8234338 -0.5674124 -1.34695e-7 0.8234329 -0.5674137 -1.34695e-7 0.823433 -0.5674137 0 0.8232032 -0.5677469 -1.34699e-7 0.8234346 -0.5674113 -1.34699e-7 0.8234347 -0.5674113 5.85669e-7 -0.8234339 0.5674123 5.85669e-7 -0.8234339 0.5674123 2.69295e-7 -0.8234387 0.5674052 2.69295e-7 -0.8234388 0.5674053 0 -0.824029 0.5665478 0 -0.8240289 0.5665478 3.16373e-7 -0.8237099 0.5670115 3.16373e-7 -0.82371 0.5670115 2.34845e-7 -0.8240535 0.5665121 2.34845e-7 -0.8240535 0.5665121 2.69296e-7 -0.8240577 0.566506 2.69296e-7 -0.8240577 0.566506 0 -0.8245084 0.5658499 0 -0.8242171 0.5662739 0 -0.8242171 0.566274 -2.5181e-7 -0.8246353 0.5656647 -2.5181e-7 -0.8246355 0.5656647 -1.34651e-7 -0.8246329 0.5656685 -1.34651e-7 -0.8246329 0.5656685 1.45435e-7 -0.8249789 0.5651636 1.45435e-7 -0.8249788 0.5651637 0 -0.8247135 0.5655509 0 -0.8247135 0.5655509 -2.51742e-7 -0.8251644 0.5648927 -2.51742e-7 -0.8251645 0.5648927 0 -0.8251674 0.5648883 0 -0.8251674 0.5648883 4.94646e-7 -0.8254345 0.564498 4.94646e-7 -0.8254345 0.564498 0 -0.8251928 0.5648514 0 -0.8251927 0.5648514 1.34651e-7 -0.8256538 0.5641772 1.34651e-7 -0.8256538 0.5641771 3.59993e-7 -0.8256534 0.5641779 3.59994e-7 -0.8256533 0.5641778 0 -0.825869 0.5638621 0 -0.825869 0.5638622 0 -0.8256571 0.5641723 0 -0.8256571 0.5641722 1.90178e-7 -0.8260949 0.563531 1.90178e-7 -0.826095 0.563531 0 -0.8260821 0.5635499 0 -0.8260821 0.5635499 0 -0.826265 0.5632817 0 -0.826265 0.5632817 1.90451e-7 -0.8260931 0.5635337 1.90451e-7 -0.8260931 0.5635337 0 -0.8264837 0.5629607 0 -0.8264837 0.5629607 0 -0.8264664 0.5629861 0 -0.8264665 0.5629861 0 -0.826631 0.5627444 0 -0.826631 0.5627444 0 -0.8264805 0.5629655 0 -0.8264805 0.5629655 0 -0.8268162 0.5624724 0 -0.8267985 0.5624984 0 -0.8269489 0.5622771 0 -0.8269489 0.5622771 0 -0.8268134 0.5624763 0 -0.8268135 0.5624763 0 -0.8270948 0.5620625 0 -0.8270948 0.5620625 0 -0.8270908 0.5620684 0 -0.8270908 0.5620684 1 6.19442e-7 7.60588e-7 1 6.19442e-7 7.60682e-7 0 0.8240589 -0.5665042 0 0.8242233 -0.5662649 0 0.8245089 -0.5658491 0 0.8245089 -0.5658491 0 0.8246355 -0.5656647 0 0.8246355 -0.5656646 0 0.824635 -0.5656654 0 0.8247127 -0.5655519 0 0.8247128 -0.5655519 -2.37488e-7 0.8249772 -0.565166 -1.34693e-7 0.8251669 -0.5648891 -1.34693e-7 0.8251669 -0.564889 0 0.8251665 -0.5648897 0 0.8251666 -0.5648897 0 0.8251892 -0.5648566 0 0.8251892 -0.5648566 -1.57425e-7 0.8254351 -0.5644972 -1.57425e-7 0.8254351 -0.5644972 -4.04082e-7 0.8256529 -0.5641784 -4.04082e-7 0.8256529 -0.5641785 -4.04075e-7 0.8256571 -0.5641723 -4.04075e-7 0.8256571 -0.5641722 -1.34687e-7 0.8256551 -0.5641752 -1.34687e-7 0.8256551 -0.5641752 0 0.825863 -0.5638709 0 0.8260855 -0.5635448 -1.72539e-7 0.8260954 -0.5635303 -1.72539e-7 0.8260954 -0.5635303 -1.34688e-7 0.8260949 -0.563531 -1.34688e-7 0.826095 -0.5635311 0 0.8262684 -0.5632765 0 0.8262685 -0.5632766 0 0.8264626 -0.5629916 0 0.8264627 -0.5629916 0 0.8264798 -0.5629665 0 0.8264797 -0.5629665 0 0.8264807 -0.5629651 0 0.8266319 -0.5627433 0 0.8267991 -0.5624974 0 0.8268157 -0.5624729 -1.21839e-7 0.8268151 -0.5624738 -1.21839e-7 0.8268152 -0.5624739 -1.21839e-7 0.8269489 -0.5622771 -1.21839e-7 0.826949 -0.5622771 0 0.8270885 -0.5620718 0 0.8270885 -0.5620719 -1.26984e-7 0.8270959 -0.562061 -1.26984e-7 0.8270959 -0.562061 0 0.827106 -0.562046 0 0.8271059 -0.562046 -1 6.19483e-7 7.60595e-7 -1 3.0957e-7 2.80959e-7 -1 3.09859e-7 2.80871e-7 -1 6.1941e-7 7.60684e-7 -1 -9.29161e-7 -5.797e-7 -1 -9.29166e-7 -5.79719e-7 -1 3.09491e-7 0 -1 3.10021e-7 0 -1 9.29205e-7 4.80343e-7 -1 9.29172e-7 4.80307e-7 -1 -3.09781e-7 -9.42574e-7 -1 -3.09671e-7 -9.42439e-7 -1 -6.19451e-7 -6.61593e-7 -1 -6.19451e-7 -6.61663e-7 -1 0 3.80818e-7 -1 0 3.80899e-7 -1 3.09748e-7 3.80883e-7 -1 3.09706e-7 3.80831e-7 -1 -1.23901e-6 -1.04294e-6 -1 -1.23876e-6 -1.04273e-6 -1 -3.09516e-7 0 -1 -3.0994e-7 0 -1 9.29209e-7 1.32394e-6 -1 9.29113e-7 1.32384e-6 -1 0 4.61725e-7 -1 0 4.61747e-7 -1 3.09745e-7 2.8093e-7 -1 3.09716e-7 2.80956e-7 -1 -6.19574e-7 -1.42487e-6 -1 -6.19277e-7 -1.42453e-6 -1 3.0974e-7 -4.61267e-7 -1 3.09801e-7 -4.612e-7 -1 1.54877e-6 6.82668e-7 -1 1.54853e-6 6.82348e-7 -1 -6.19483e-7 -1.04385e-6 -1 -6.19446e-7 -1.04384e-6 -1 -6.19289e-7 -3.81231e-7 -1 -6.19629e-7 -3.81545e-7 -1 9.29159e-7 1.04395e-6 -1 9.29154e-7 1.04395e-6 -1 0 0 -1 0 0 -1 -6.19461e-7 2.59767e-7 -1 -6.19453e-7 2.59785e-7 -1 -9.29303e-7 1.30362e-6 -1 -9.29068e-7 1.30372e-6 -1 -1.23889e-6 6.41124e-7 -1 -1.23892e-6 6.4114e-7 -1 -6.1945e-7 5.61884e-7 -1 -6.1945e-7 5.6192e-7 -1 -9.29175e-7 -2.8092e-7 -1 -9.29185e-7 -2.80954e-7 -1 -6.19385e-7 -3.81721e-7 -1 -6.19521e-7 -3.81928e-7 -1 -9.29207e-7 -3.03021e-7 -1 -9.29168e-7 -3.02984e-7 -1 -6.19567e-7 4.60793e-7 -1 -6.19378e-7 4.61041e-7 -1 6.19447e-7 1.04483e-6 -1 6.19447e-7 1.04481e-6 -1 -3.09814e-7 -7.64142e-7 -1 -3.09647e-7 -7.64005e-7 -1 -9.29183e-7 -7.64056e-7 -1 -9.29197e-7 -7.6409e-7 -1 0 0 -1 0 0 -1 3.09724e-7 9.44004e-7 -1 3.0972e-7 9.44018e-7 -1 3.09752e-7 1.04509e-6 -1 3.09701e-7 1.04526e-6 -1 0 -7.64404e-7 -1 0 -7.6438e-7 -1 0 0 -1 0 0 -1 0 1.9855e-7 -1 0 1.98912e-7 0 0.8172413 -0.5762958 0 0.8172413 -0.5762957 0 0.8176904 -0.5756582 0 0.8176905 -0.5756582 2.6929e-7 -0.8228769 0.5682198 2.6929e-7 -0.8228769 0.5682198 1.34648e-7 -0.822773 0.5683702 1.34647e-7 -0.822773 0.5683701 0 0.822875 -0.5682224 1 6.19442e-7 7.55054e-7 1 0 1.84666e-7 1 0 1.84033e-7 1 6.19442e-7 7.55141e-7 1 0 0 1 0 -2.80952e-7 1 0 -2.81069e-7 1 0 0 1 0 -5.61712e-7 1 6.19451e-7 0 1 6.19451e-7 0 1 0 -5.61712e-7 1 -3.09598e-7 -6.5902e-7 1 0 -5.618e-7 1 0 -5.618e-7 1 -3.09834e-7 -6.59045e-7 1 9.29192e-7 1.23198e-6 1 -3.09921e-7 0 1 -3.09519e-7 0 1 9.29144e-7 1.23194e-6 1 -6.19426e-7 -5.73278e-7 1 -3.10139e-7 1.82902e-7 1 -3.09366e-7 1.83566e-7 1 -6.19511e-7 -5.73318e-7 1 0 0 1 3.09774e-7 -3.78453e-7 1 3.09678e-7 -3.7857e-7 1 0 0 1 -3.10061e-7 -3.79325e-7 1 6.19518e-7 1.03834e-6 1 6.19363e-7 1.03822e-6 1 -3.09457e-7 -3.78586e-7 1 1.23892e-6 6.72685e-7 1 -3.09731e-7 -5.61645e-7 1 -3.09744e-7 -5.61659e-7 1 1.23892e-6 6.72496e-7 1 -1.23878e-6 2.67399e-7 1 -3.09569e-7 1.82646e-7 1 -3.09864e-7 1.82644e-7 1 -1.239e-6 2.67364e-7 1 -3.09742e-7 -2.94757e-7 1 -6.19448e-7 -2.9482e-7 1 -6.19448e-7 -2.94629e-7 1 -3.09714e-7 -2.94696e-7 1 3.0972e-7 3.79352e-7 1 3.09647e-7 1.22206e-6 1 3.09794e-7 1.22247e-6 1 3.09721e-7 3.79356e-7 1 0 0 1 -3.09799e-7 -1.22199e-6 1 -3.09652e-7 -1.22204e-6 1 0 0 1 -6.1954e-7 -1.97377e-7 1 -3.09615e-7 3.79571e-7 1 -3.09816e-7 3.79447e-7 1 -6.19353e-7 -1.97377e-7 1 0 0 1 0 0 1 0 0 1 0 0 1 9.29133e-7 7.59954e-7 1 3.09727e-7 5.61927e-7 1 3.0973e-7 5.61935e-7 1 9.2924e-7 7.59759e-7 1 -3.09779e-7 3.80076e-7 1 6.19484e-7 1.98157e-7 1 6.19434e-7 1.98157e-7 1 -3.0967e-7 3.80012e-7 1 -6.19459e-7 -4.96413e-7 1 -6.19453e-7 0 1 -6.19453e-7 0 1 -6.19459e-7 -4.96397e-7 1 0 5.61896e-7 1 0 5.6216e-7 2.69285e-7 -0.8171738 0.5763913 2.69285e-7 -0.8171739 0.5763913 0 -0.8167747 0.576957 0 -0.8167746 0.5769569 -1.34699e-7 0.8180673 -0.5751225 -1.34699e-7 0.8180673 -0.5751225 -6.05001e-7 0.8171765 -0.5763875 -6.05001e-7 0.8171765 -0.5763875 -1.347e-7 0.8171757 -0.5763887 -1.347e-7 0.8171757 -0.5763887 0 0.8167755 -0.5769557 0 0.8167755 -0.5769557 -5.7877e-7 0.8171769 -0.576387 -5.7877e-7 0.8171769 -0.5763871 0 -0.8171768 0.5763872 2.69285e-7 -0.8171801 0.5763826 2.69285e-7 -0.8171801 0.5763826 0 -0.8176917 0.5756565 0 -0.8172382 0.5763001 0 -0.8172382 0.5763001 0 -0.8180658 0.5751246 0 -0.8180659 0.5751246 0 -0.8180675 0.5751222 0 -0.8180675 0.5751223 0 -0.8181718 0.5749738 0 -0.8181718 0.5749739 0 -0.8180667 0.5751235 0 -0.8180667 0.5751234 2.73722e-7 -0.8189361 0.5738849 2.73722e-7 -0.818936 0.5738849 1.34641e-7 -0.8186088 0.5743514 1.34641e-7 -0.8186088 0.5743514 0 -0.8189356 0.5738855 0 -0.8189356 0.5738855 1.39081e-7 -0.8189345 0.5738872 1.39081e-7 -0.8189344 0.5738872 4.40301e-7 -0.8195195 0.5730513 4.40301e-7 -0.8195195 0.5730513 2.69289e-7 -0.8191037 0.5736455 2.69289e-7 -0.8191037 0.5736455 5.23179e-7 -0.8197692 0.5726943 5.23179e-7 -0.8197691 0.5726942 5.74948e-7 -0.8197687 0.5726948 5.74947e-7 -0.8197687 0.5726948 -1.34645e-7 -0.8200239 0.5723295 -1.34645e-7 -0.8200238 0.5723294 1.19244e-7 -0.8197696 0.5726936 1.19244e-7 -0.8197695 0.5726936 0 -0.820575 0.5715389 0 -0.8205751 0.5715388 -1.60523e-7 -0.8204245 0.5717549 -1.60523e-7 -0.8204245 0.5717549 0 -0.8205666 0.571551 0 -0.8205667 0.571551 0 -0.8205758 0.5715377 -1.30314e-7 -0.8213263 0.5704588 -1.30314e-7 -0.8213263 0.5704588 -1.30314e-7 -0.8209365 0.5710195 -1.30314e-7 -0.8209365 0.5710195 1.34645e-7 -0.82134 0.5704391 1.34645e-7 -0.82134 0.5704391 1.34646e-7 -0.8213431 0.5704345 1.34645e-7 -0.8213431 0.5704345 0 -0.8218331 0.5697284 0 -0.821833 0.5697284 0 -0.8214611 0.5702646 0 -0.8220728 0.5693825 0 -0.8220729 0.5693825 0 -0.8220745 0.5693801 0 -0.8220744 0.5693801 0 -0.8223537 0.5689767 0 -0.8223537 0.5689767 0 -0.8220793 0.5693732 0 -0.8220793 0.5693731 0 -0.8227743 0.5683684 0 -0.8227019 0.5684731 0 -0.8227019 0.5684731 1 -9.29165e-7 -5.70478e-7 1 -9.2919e-7 -5.70446e-7 -1.34699e-7 0.8180676 -0.5751221 0 0.8180656 -0.5751249 0 0.8181713 -0.5749747 0 0.8181713 -0.5749746 0 0.8186093 -0.5743508 0 0.8186093 -0.5743508 -4.10913e-7 0.8189338 -0.5738881 -4.10913e-7 0.8189339 -0.5738881 -5.88674e-7 0.8189342 -0.5738875 -5.88674e-7 0.8189342 -0.5738875 -2.69405e-7 0.8189362 -0.5738846 -2.69405e-7 0.8189362 -0.5738847 0 0.8191057 -0.5736429 -1.34702e-7 0.8195199 -0.5730507 -1.34702e-7 0.8195199 -0.5730507 -1.34702e-7 0.8197661 -0.5726987 -1.34702e-7 0.819766 -0.5726987 -2.04039e-7 0.8197677 -0.5726963 -2.04039e-7 0.8197677 -0.5726963 -3.38739e-7 0.8197681 -0.5726957 -3.38739e-7 0.819768 -0.5726957 -1.347e-7 0.8200289 -0.5723221 -1.34701e-7 0.8200289 -0.5723222 0 0.8204286 -0.5717492 0 0.8204286 -0.5717491 -1.73122e-7 0.8205711 -0.5715445 -1.73122e-7 0.8205711 -0.5715445 -4.42525e-7 0.8205731 -0.5715416 -4.42525e-7 0.8205732 -0.5715416 -4.94567e-7 0.8205687 -0.571548 -4.94567e-7 0.8205687 -0.5715481 -4.94568e-7 0.8209367 -0.5710192 -4.94568e-7 0.8209367 -0.5710192 -2.69404e-7 0.8213222 -0.5704646 -2.69404e-7 0.8213222 -0.5704646 -1.34702e-7 0.8213435 -0.5704339 -1.34702e-7 0.8213435 -0.5704339 -1.34702e-7 0.8213427 -0.5704351 -1.34702e-7 0.8213427 -0.5704351 0 0.8214616 -0.5702639 0 0.8218296 -0.5697334 0 0.8220738 -0.5693809 0 0.8220739 -0.5693809 0 0.8220742 -0.5693804 0 0.8220743 -0.5693804 0 0.8220807 -0.569371 0 0.8220807 -0.5693711 0 0.8223533 -0.5689773 0 0.8226996 -0.5684764 0 0.8226997 -0.5684764 0 0.8227763 -0.5683653 0 0.8227775 -0.5683636 0 0.8227775 -0.5683636 -1 3.09712e-7 -9.39277e-7 -1 0 -1.8378e-7 -1 0 -1.84418e-7 -1 3.09735e-7 -9.3925e-7 -1 -3.09745e-7 7.55074e-7 -1 -3.09692e-7 7.55107e-7 -1 -6.19447e-7 0 -1 -6.19447e-7 0 -1 0 0 -1 0 0 -1 3.09718e-7 2.80746e-7 -1 3.09745e-7 2.80787e-7 -1 -3.098e-7 -4.75032e-7 -1 -3.09634e-7 -4.74882e-7 -1 0 -3.7791e-7 -1 0 -3.7796e-7 -1 0 -3.78062e-7 -1 0 -3.78159e-7 -1 -3.09792e-7 2.8082e-7 -1 -3.09658e-7 2.81269e-7 -1 3.0974e-7 1.41569e-6 -1 3.09694e-7 1.41567e-6 -1 -3.09966e-7 -1.84023e-7 -1 -3.09526e-7 -1.83219e-7 -1 -3.09697e-7 -9.40107e-7 -1 -3.09775e-7 -9.40186e-7 -1 3.09774e-7 -3.78459e-7 -1 3.0968e-7 -3.78574e-7 -1 -6.19347e-7 -2.80925e-7 -1 -6.19541e-7 -2.80776e-7 -1 -3.09611e-7 8.55107e-7 -1 -3.09822e-7 8.54957e-7 -1 -9.2946e-7 -3.79266e-7 -1 -9.28869e-7 -3.78543e-7 -1 -9.29162e-7 -1.95532e-7 -1 -9.29167e-7 -1.95537e-7 -1 0 1.22185e-6 -1 0 1.2216e-6 -1 0 0 -1 0 0 -1 3.0967e-7 -4.63694e-7 -1 3.09775e-7 -4.63661e-7 -1 -3.09775e-7 -9.41e-7 -1 -3.09686e-7 -9.40892e-7 -1 0 -8.42768e-7 -1 0 -8.42727e-7 -1 9.29096e-7 6.73992e-7 -1 9.29244e-7 6.74491e-7 -1 -3.09734e-7 3.79013e-7 -1 -3.09764e-7 3.78987e-7 -1 -9.28971e-7 -6.74987e-7 -1 -9.29415e-7 -6.75121e-7 -1 3.09753e-7 4.63393e-7 -1 3.09706e-7 4.63263e-7 -1 0 3.79602e-7 -1 0 3.79404e-7 -1 -3.0977e-7 -5.61906e-7 -1 -3.09677e-7 -5.61906e-7 -1 3.09753e-7 -2.80922e-7 -1 3.09708e-7 -2.80964e-7 -1 3.09678e-7 -2.80958e-7 -1 3.09784e-7 -2.80861e-7 -1 0 1.97952e-7 -1 0 1.97954e-7 -1 0 7.59874e-7 -1 0 7.59806e-7 -1 3.09711e-7 5.61865e-7 -1 3.09736e-7 5.61865e-7 -1 0 3.80087e-7 -1 0 3.80151e-7 -1 -3.09702e-7 -7.43636e-7 -1 -3.09754e-7 -7.43478e-7 -1 0 -1.40472e-6 -1 0 -1.40467e-6 -1 1.23915e-6 1.93071e-7 -1 1.23863e-6 1.92437e-7 0 0.7388961 -0.6738194 0 0.7388961 -0.6738194 0 0.7442921 -0.6678543 0 0.7442921 -0.6678543 0 -0.8163145 0.5776078 0 -0.8163145 0.5776078 1.3467e-7 -0.816256 0.5776904 1.3467e-7 -0.8162561 0.5776903 0 0.8163167 -0.5776047 0 0.8163166 -0.5776047 1 -6.19062e-7 0 1 -6.19139e-7 -3.95586e-7 1 -6.19824e-7 -3.96479e-7 1 -6.19893e-7 0 1 -3.09852e-7 -1.22148e-7 1 0 4.28611e-7 1 0 4.29331e-7 1 -3.09617e-7 -1.21533e-7 1 0 -2.12269e-7 1 0 1.30514e-7 1 0 1.3037e-7 1 0 -2.12444e-7 1 -6.19274e-7 -4.21886e-7 1 0 2.09118e-7 1 0 2.09049e-7 1 -6.19648e-7 -4.22394e-7 1 3.09822e-7 -4.07984e-7 1 -6.19556e-7 -6.31321e-7 1 -6.1937e-7 -6.31131e-7 1 3.09641e-7 -4.07746e-7 1 1.23891e-6 2.36223e-7 1 9.2925e-7 -1.17039e-6 1 9.29113e-7 -1.17024e-6 1 1.23891e-6 2.36564e-7 1 -3.09732e-7 -6.43059e-7 1 3.10042e-7 9.99178e-7 1 3.09425e-7 9.98515e-7 1 -3.09724e-7 -6.43075e-7 1 6.19643e-7 1.01267e-6 1 -3.09832e-7 -6.42852e-7 1 -3.09623e-7 -6.43285e-7 1 6.19287e-7 1.01238e-6 1 0 -1.8976e-7 1 -3.09747e-7 0 1 -3.09763e-7 0 1 0 -1.89373e-7 1 0 -1.77667e-6 1 1.85844e-6 6.3503e-7 1 1.85825e-6 6.3472e-7 1 0 -1.7769e-6 1 0 8.38859e-7 1 0 -4.66815e-7 1 0 -4.67133e-7 1 0 8.39176e-7 1 9.2916e-7 1.88338e-7 1 0 4.70649e-7 1 0 4.70525e-7 1 9.29186e-7 1.88445e-7 1 3.09701e-7 -4.64985e-7 1 0 -1.12355e-6 1 0 -1.12355e-6 1 3.09723e-7 -4.64969e-7 1 0 0 1 0 -2.81513e-7 1 0 -2.81552e-7 1 0 0 1 3.09673e-7 3.78727e-7 1 3.09722e-7 0 1 3.0966e-7 0 1 3.09731e-7 3.78799e-7 1 -3.0973e-7 -1.03834e-6 1 0 -6.58193e-7 1 0 -6.58349e-7 1 -3.09767e-7 -1.03841e-6 1 3.10116e-7 -2.80268e-7 1 9.2919e-7 1.13238e-6 1 9.29164e-7 1.13235e-6 1 3.09346e-7 -2.8175e-7 1 0 6.5809e-7 1 -3.09865e-7 -1.03617e-6 1 -3.09592e-7 -1.03525e-6 1 0 6.58697e-7 1 -6.19189e-7 5.62307e-7 1 -6.19712e-7 5.61669e-7 0 -0.7226273 0.6912379 0 -0.7168018 0.697277 0 -0.7168018 0.697277 0 0.7497815 -0.6616855 0 0.7497816 -0.6616855 0 0.7289369 -0.6845809 0 0.728937 -0.6845808 0 0.734283 -0.6788434 0 0.7167958 -0.6972832 0 0.7167958 -0.6972832 0 0.7226291 -0.691236 0 0.7226292 -0.691236 3.02654e-7 -0.7342824 0.6788442 3.02655e-7 -0.7342824 0.6788442 2.67803e-7 -0.7289253 0.6845933 2.67803e-7 -0.7289253 0.6845933 0 -0.7442886 0.6678583 0 -0.7442886 0.6678582 0 -0.7389047 0.67381 0 -0.7389047 0.67381 2.55068e-7 -0.7542684 0.6565664 2.55068e-7 -0.7542684 0.6565664 2.67949e-7 -0.7497744 0.6616936 2.67949e-7 -0.7497744 0.6616936 0 -0.7630493 0.6463405 0 -0.7630492 0.6463406 0 -0.7584195 0.6517667 0 -0.7584196 0.6517668 -1.5561e-7 -0.7718776 0.6357712 -1.5561e-7 -0.7718776 0.6357712 0 -0.7678071 0.6406812 0 -0.7678071 0.6406812 5.90683e-7 -0.7792425 0.6267225 2.17373e-7 -0.7755912 0.6312355 2.17374e-7 -0.7755912 0.6312355 3.10669e-7 -0.7872312 0.616658 3.1067e-7 -0.7872313 0.616658 5.9075e-7 -0.7833113 0.6216297 5.9075e-7 -0.7833114 0.6216297 0 -0.7937039 0.6083044 0 -0.7905154 0.6124421 0 -0.7905154 0.6124421 -1.34201e-7 -0.7998096 0.6002539 -1.34201e-7 -0.7998096 0.6002539 0 -0.7968032 0.6042389 0 -0.7968033 0.6042389 1.23671e-7 -0.8056675 0.5923683 1.23671e-7 -0.8056674 0.5923683 0 -0.8027744 0.596283 0 -0.8027744 0.5962829 0 -0.810671 0.5855019 0 -0.810671 0.585502 0 -0.808302 0.5887681 0 -0.8148778 0.5796328 0 -0.8148778 0.5796328 0 -0.8128709 0.5824439 0 -0.812871 0.5824438 0 -0.8181297 0.5750339 0 -0.8166449 0.5771405 0 -0.8166449 0.5771405 0 -0.8200549 0.5722851 0 -0.8193004 0.5733646 0 -0.8193004 0.5733645 1.34946e-7 -0.8196353 0.5728857 1.34946e-7 -0.8196353 0.5728858 0 -0.8202149 0.5720556 3.68845e-7 -0.8166372 0.5771515 3.68845e-7 -0.8166372 0.5771515 3.65579e-7 -0.8180823 0.5751014 3.65579e-7 -0.8180822 0.5751014 1.3467e-7 -0.8162547 0.5776921 1.3467e-7 -0.8162548 0.5776921 1.38212e-7 -0.8162549 0.5776921 1.38212e-7 -0.8162549 0.5776921 1 6.19468e-7 1.49376e-6 1 6.19468e-7 1.49363e-6 0 0.7542659 -0.6565691 0 0.7584142 -0.6517729 0 0.7584142 -0.651773 -2.70661e-7 0.7630476 -0.6463423 -2.7066e-7 0.7630476 -0.6463423 -3.0808e-7 0.7678105 -0.640677 -3.0808e-7 0.7678105 -0.640677 -2.89898e-7 0.7718811 -0.6357671 -2.89898e-7 0.7718811 -0.6357671 -2.52478e-7 0.77559 -0.631237 -2.52478e-7 0.7755901 -0.631237 0 0.7792448 -0.6267198 0 0.7833121 -0.6216287 0 0.7872318 -0.6166572 -1.26129e-7 0.7905186 -0.6124381 -1.26129e-7 0.7905187 -0.6124382 -3.38094e-7 0.7937017 -0.6083073 -3.38095e-7 0.7937018 -0.6083073 -2.11965e-7 0.7968018 -0.6042408 -2.11965e-7 0.7968018 -0.6042408 0 0.7998104 -0.6002528 0 0.7998104 -0.6002529 0 0.8027714 -0.596287 0 0.8027715 -0.596287 0 0.8056688 -0.5923665 0 0.8056688 -0.5923664 0 0.8083049 -0.5887643 0 0.8106725 -0.5854998 0 0.8106726 -0.5854998 0 0.8128709 -0.5824441 0 0.8128708 -0.5824441 0 0.8148767 -0.5796345 0 0.8148767 -0.5796344 -2.51603e-7 0.8166449 -0.5771406 -2.51603e-7 0.8166449 -0.5771406 -1.34928e-7 0.8181275 -0.5750371 -1.34928e-7 0.8181274 -0.5750371 0 0.8193027 -0.5733613 0 0.8193026 -0.5733613 0 0.820059 -0.572279 0 0.8202142 -0.5720567 -1.34403e-7 0.8196309 -0.572892 -1.34403e-7 0.8196309 -0.572892 -1.34403e-7 0.8180823 -0.5751012 -1.34403e-7 0.8180823 -0.5751012 0 0.8166416 -0.5771452 0 0.816253 -0.5776946 0 0.8162531 -0.5776947 -1.34676e-7 0.8162497 -0.5776993 -1.34676e-7 0.8162497 -0.5776993 -1.34676e-7 0.8162575 -0.5776883 -1.34677e-7 0.8162575 -0.5776883 -1 1.8584e-6 8.24266e-7 -1 3.10145e-7 -6.1767e-7 -1 3.0929e-7 -6.18441e-7 -1 1.85839e-6 8.24242e-7 -1 3.10223e-7 -2.696e-7 -1 3.0919e-7 -2.70763e-7 -1 3.0931e-7 -2.23637e-7 -1 3.10089e-7 -2.22785e-7 -1 -6.19711e-7 -6.16813e-7 -1 -6.19242e-7 -6.15828e-7 -1 3.09688e-7 5.55177e-7 -1 3.09769e-7 5.55143e-7 -1 3.09599e-7 1.04959e-6 -1 3.09855e-7 1.04907e-6 -1 -6.19564e-7 4.17016e-7 -1 -6.19383e-7 4.17381e-7 -1 -1.8582e-6 -8.4345e-7 -1 -1.85858e-6 -8.43452e-7 -1 -1.2391e-6 -4.23744e-7 -1 -1.23872e-6 -4.23612e-7 -1 -6.19629e-7 -9.91278e-7 -1 -6.19267e-7 -9.90699e-7 -1 -3.09527e-7 -5.5568e-7 -1 -3.09912e-7 -5.56272e-7 -1 1.85825e-6 1.23279e-6 -1 1.85849e-6 1.23287e-6 -1 1.54915e-6 7.98076e-7 -1 1.54812e-6 7.97547e-7 -1 -3.09712e-7 -7.25553e-7 -1 -3.09719e-7 -7.25567e-7 -1 -3.09616e-7 -6.41289e-7 -1 -3.09816e-7 -6.41813e-7 -1 9.29335e-7 9.01568e-7 -1 9.29068e-7 9.01356e-7 -1 -3.0974e-7 0 -1 -3.09747e-7 0 -1 3.09414e-7 1.9652e-7 -1 3.09967e-7 1.96885e-7 -1 9.2952e-7 9.29201e-7 -1 9.28865e-7 9.28866e-7 -1 -1.85831e-6 -1.01441e-6 -1 -1.85842e-6 -1.01456e-6 -1 -3.09626e-7 1.93741e-7 -1 -3.09883e-7 1.93499e-7 -1 9.29062e-7 2.75837e-7 -1 9.29278e-7 2.76293e-7 -1 6.19479e-7 -6.53982e-7 -1 6.19407e-7 -6.54103e-7 -1 6.19427e-7 1.88448e-7 -1 6.1946e-7 1.88458e-7 -1 -9.29177e-7 -1.92113e-7 -1 -9.29163e-7 -1.92111e-7 -1 -9.29178e-7 0 -1 -9.29163e-7 0 -1 -6.19444e-7 0 -1 -6.19493e-7 0 -1 -3.09794e-7 2.81267e-7 -1 -3.09709e-7 2.81363e-7 -1 3.09725e-7 2.80692e-7 -1 3.09705e-7 2.80624e-7 -1 9.29134e-7 3.78732e-7 -1 9.29197e-7 3.7881e-7 -1 0 -4.74841e-7 -1 0 -4.74992e-7 -1 -6.19437e-7 -2.93014e-7 -1 -6.19482e-7 -2.93094e-7 -1 3.0971e-7 1.5016e-6 -1 3.09731e-7 1.50163e-6 -1 -9.28799e-7 -2.88502e-7 -1 -9.29567e-7 -2.89671e-7 -1 -1.23919e-6 -8.5145e-7 -1 -1.23864e-6 -8.50695e-7 -1 6.18865e-7 4.73524e-7 -1 6.20007e-7 4.73961e-7 -1 9.29742e-7 7.63386e-7 -1 9.28664e-7 7.6326e-7 0 0.3316001 -0.9434201 0 0.3487297 -0.9372234 0 0.3487297 -0.9372234 2.67638e-7 -0.7116621 0.702522 2.67638e-7 -0.7116621 0.7025219 4.09715e-7 -0.7049095 0.7092974 4.09715e-7 -0.7049095 0.7092974 -2.7107e-7 0.7116655 -0.7025185 -2.7107e-7 0.7116655 -0.7025185 1 7.74458e-7 1.3086e-7 1 5.41788e-7 1.30693e-7 1 5.42385e-7 1.30894e-7 1 7.74301e-7 1.30728e-7 1 -9.29304e-7 -1.57524e-7 1 -1.55789e-7 0 1 -1.54063e-7 0 1 -9.29303e-7 -1.57515e-7 1 1.3938e-6 -4.92031e-7 1 3.08531e-7 0 1 3.10877e-7 0 1 1.39397e-6 -4.91272e-7 1 -7.75454e-7 -9.53183e-7 1 -1.5597e-7 -1.54358e-6 1 -1.53827e-7 -1.54302e-6 1 -7.73386e-7 -9.50641e-7 1 9.28344e-7 5.99161e-7 1 7.7435e-7 3.94798e-7 1 7.74323e-7 3.94785e-7 1 9.30078e-7 5.99693e-7 1 0 2.86267e-7 1 -1.54576e-7 2.41146e-7 1 -1.55156e-7 2.40936e-7 1 0 2.86432e-7 1 -4.64635e-7 -7.10621e-7 1 4.64477e-7 0 1 4.64757e-7 0 1 -4.64586e-7 -7.10605e-7 1 -1.54361e-7 -5.28865e-7 1 -1.23895e-6 -4.85896e-7 1 -1.23895e-6 -4.85203e-7 1 -1.55322e-7 -5.28396e-7 1 -1.53092e-7 -5.44048e-7 1 1.23918e-6 -3.08926e-7 1 1.23882e-6 -3.09794e-7 1 -1.56562e-7 -5.46052e-7 1 6.18128e-7 2.46577e-7 1 0 0 1 0 0 1 6.20778e-7 2.49384e-7 1 9.28768e-7 5.63731e-7 1 -6.19477e-7 -2.62501e-7 1 -6.19477e-7 -2.61648e-7 1 9.29604e-7 5.63743e-7 1 -3.09735e-7 2.55488e-7 1 1.23801e-6 2.80552e-7 1 1.23984e-6 2.81004e-7 1 -3.09746e-7 2.55497e-7 1 -6.20182e-7 -8.81686e-7 1 3.09233e-7 2.87675e-7 1 3.10231e-7 2.87408e-7 1 -6.18821e-7 -8.81012e-7 1 3.09992e-7 8.68229e-7 1 -9.28566e-7 -3.32535e-7 1 -9.29879e-7 -3.33779e-7 1 3.09503e-7 8.67807e-7 1 -6.20002e-7 -5.81432e-7 1 0 3.00489e-7 1 0 3.00501e-7 1 -6.18974e-7 -5.80468e-7 1 3.09825e-7 0 1 -3.10047e-7 -5.81136e-7 1 -3.09448e-7 -5.80762e-7 1 3.09656e-7 0 1 3.09682e-7 -5.0722e-7 1 3.09878e-7 -2.3178e-7 1 3.09579e-7 -2.31556e-7 1 3.09773e-7 -5.07207e-7 1 3.09759e-7 0 1 0 -5.51639e-7 1 0 -5.5164e-7 1 3.09697e-7 0 1 6.19465e-7 1.21107e-6 1 6.19465e-7 1.21042e-6 2.6536e-7 -0.2718453 0.962341 0 -0.2550762 0.966921 0 0.3689901 -0.9294334 0 0.3689901 -0.9294334 -5.46928e-7 0.2922962 -0.9563279 -2.73397e-7 0.3142425 -0.9493428 -2.73603e-7 0.2551607 -0.9668987 -2.7351e-7 0.2718159 -0.9623493 2.65431e-7 -0.3141924 0.9493594 5.3081e-7 -0.2923119 0.956323 5.3081e-7 -0.2923119 0.9563231 0 -0.3487638 0.9372107 0 -0.3487639 0.9372107 0 -0.3316047 0.9434185 0 -0.3316046 0.9434185 0 -0.3867213 0.9221966 0 -0.3867213 0.9221967 0 -0.3689602 0.9294452 0 -0.3689603 0.9294453 0 -0.4192306 0.9078798 0 -0.4192306 0.9078798 0 -0.4007498 0.9161877 0 -0.4007498 0.9161877 1.69171e-7 -0.4496932 0.8931831 1.6917e-7 -0.4496932 0.8931831 0 -0.4370574 0.8994337 0 -0.4370574 0.8994337 0 -0.4812781 0.876568 0 -0.4812781 0.876568 1.69175e-7 -0.4650484 0.8852852 1.69175e-7 -0.4650485 0.8852853 1.68035e-7 -0.5065834 0.862191 1.68035e-7 -0.5065834 0.862191 0 -0.4940422 0.869438 0 -0.4940422 0.8694381 0 -0.533989 0.8454915 0 -0.5339889 0.8454915 1.68037e-7 -0.5212398 0.8534103 1.68037e-7 -0.5212398 0.8534103 0 -0.5572978 0.8303127 0 -0.5440972 0.8390222 -1.5739e-7 -0.5788056 0.8154656 -1.5739e-7 -0.5788056 0.8154656 -1.32261e-7 -0.5698935 0.8217186 -1.32261e-7 -0.5698935 0.8217186 0 -0.6012043 0.7990955 0 -0.6012043 0.7990955 0 -0.5897611 0.8075778 0 -0.5897611 0.8075779 0 -0.6189774 0.7854089 0 -0.6189774 0.7854089 0 -0.6100722 0.7923458 0 -0.6100722 0.7923458 5.34364e-7 -0.6381396 0.7699207 5.34364e-7 -0.6381396 0.7699207 2.67164e-7 -0.6292612 0.777194 2.67164e-7 -0.6292613 0.777194 2.67237e-7 -0.6545032 0.7560593 2.67237e-7 -0.6545032 0.7560593 5.34436e-7 -0.6452413 0.7639789 5.34436e-7 -0.6452413 0.7639789 0 -0.6697074 0.7426251 0 -0.6697074 0.7426251 0 -0.6633668 0.7482945 0 -0.6633669 0.7482944 5.26496e-7 -0.6852442 0.7283135 2.67457e-7 -0.6772144 0.7357857 2.67457e-7 -0.6772145 0.7357857 1.42073e-7 -0.6976689 0.7164204 1.42073e-7 -0.697669 0.7164204 2.59039e-7 -0.6917725 0.7221156 2.59038e-7 -0.6917725 0.7221155 1 2.32184e-7 0 1 2.32446e-7 0 0 0.3867504 -0.9221846 0 0.3867503 -0.9221845 0 0.4007006 -0.9162091 0 0.4007006 -0.9162091 0 0.4192388 -0.9078761 0 0.4192386 -0.9078761 2.72767e-7 0.4371047 -0.8994107 2.72768e-7 0.4371047 -0.8994107 2.72767e-7 0.4496709 -0.8931944 2.72767e-7 0.4496709 -0.8931944 0 0.4650449 -0.8852871 0 0.465045 -0.8852872 0 0.4813045 -0.8765535 0 0.4813045 -0.8765535 0 0.4940441 -0.8694369 0 0.4940441 -0.8694369 0 0.506566 -0.8622012 0 0.5212554 -0.8534008 0 0.5212554 -0.8534007 0 0.534009 -0.8454789 0 0.534009 -0.8454788 0 0.5440655 -0.8390427 0 0.5573015 -0.8303102 0 0.5699222 -0.8216987 0 0.5787967 -0.815472 0 0.5787967 -0.815472 0 0.5897572 -0.8075808 0 0.5897571 -0.8075807 0 0.6012191 -0.7990843 0 0.6012191 -0.7990843 0 0.6100732 -0.7923451 0 0.6100732 -0.7923451 0 0.6189668 -0.7854173 0 0.6189668 -0.7854172 0 0.6292721 -0.7771851 -2.71547e-7 0.6381494 -0.7699127 -2.71546e-7 0.6381493 -0.7699127 -5.4303e-7 0.6452265 -0.7639914 -5.4303e-7 0.6452265 -0.7639914 -2.71488e-7 0.6545035 -0.7560589 -2.71488e-7 0.6545035 -0.7560589 0 0.6633779 -0.7482846 0 0.663378 -0.7482845 0 0.6697013 -0.7426307 0 0.6697013 -0.7426306 0 0.6772136 -0.7357865 0 0.6852545 -0.7283037 0 0.6917753 -0.7221128 0 0.697662 -0.7164272 0 0.697662 -0.7164271 -2.71073e-7 0.704913 -0.7092939 -2.71073e-7 0.7049129 -0.7092939 -1 6.98207e-7 0 -1 1.3166e-6 1.30693e-7 -1 1.31648e-6 1.30896e-7 -1 6.95842e-7 0 -1 7.74634e-7 1.30862e-7 -1 7.74163e-7 1.30729e-7 -1 -1.55425e-7 0 -1 -1.54389e-7 0 -1 -9.29315e-7 -1.57525e-7 -1 -9.29297e-7 -1.57517e-7 -1 1.53501e-7 2.40115e-7 -1 1.56128e-7 2.41162e-7 -1 -7.75702e-7 2.84454e-7 -1 -7.73167e-7 2.85012e-7 -1 -1.3926e-6 0 -1 -1.39517e-6 0 -1 1.55092e-7 0 -1 1.54679e-7 0 -1 1.0841e-6 3.94793e-7 -1 1.08406e-6 3.94779e-7 -1 1.54784e-6 8.45086e-7 -1 1.54957e-6 8.44931e-7 -1 1.55378e-7 2.38954e-7 -1 1.54398e-7 2.38116e-7 -1 0 -2.43218e-7 -1 0 -2.43079e-7 -1 4.64475e-7 -2.56717e-7 -1 4.64756e-7 -2.56366e-7 -1 -3.09754e-7 -6.87918e-7 -1 -3.09718e-7 -6.87904e-7 -1 -1.08397e-6 -4.81508e-7 -1 -1.08419e-6 -4.80864e-7 -1 -6.19191e-7 2.66913e-7 -1 -6.19742e-7 2.66643e-7 -1 4.64905e-7 1.31248e-6 -1 4.64366e-7 1.31162e-6 -1 -4.63148e-7 2.6444e-7 -1 -4.65988e-7 2.60791e-7 -1 3.09792e-7 2.77946e-7 -1 3.09611e-7 2.77796e-7 -1 6.17435e-7 2.44446e-7 -1 6.21371e-7 2.48338e-7 -1 -1.23897e-6 -5.26114e-7 -1 -1.23897e-6 -5.24969e-7 -1 3.09309e-7 1.07676e-6 -1 3.10141e-7 1.07705e-6 -1 1.54844e-6 1.07321e-6 -1 1.5489e-6 1.07401e-6 -1 0 2.51018e-7 -1 0 2.51003e-7 -1 0 2.5304e-7 -1 0 2.53344e-7 -1 3.09396e-7 -8.79083e-7 -1 3.1007e-7 -8.78055e-7 -1 0 -8.24686e-7 -1 0 -8.25921e-7 -1 6.19471e-7 6.22902e-7 -1 6.19471e-7 6.22867e-7 -1 6.19453e-7 3.00497e-7 -1 6.19453e-7 3.00511e-7 -1 -9.30528e-7 -3.42959e-7 -1 -9.27947e-7 -3.42388e-7 -1 -6.20083e-7 -3.42784e-7 -1 -6.18884e-7 -3.42563e-7 -1 9.29297e-7 0 -1 9.29126e-7 0 -1 6.19453e-7 2.31774e-7 -1 6.19453e-7 2.31553e-7 -1 3.09676e-7 1.86018e-7 -1 3.09767e-7 1.86099e-7 -1 -3.09547e-7 0 -1 -3.09907e-7 0 -1 -3.09698e-7 2.79073e-7 -1 -3.09758e-7 2.78999e-7 -1 -1.00673e-6 -3.09225e-7 -1 -1.00666e-6 -3.09204e-7 0 7.39334e-6 -1 0 0 -1 0 -0.2316486 0.9727995 0 -0.2316486 0.9727995 0 -0.207876 0.9781552 -5.47348e-7 0.2316424 -0.972801 -5.47349e-7 0.2316424 -0.9728011 1 0 0 1 -8.65401e-7 -1.68154e-7 1 -8.64774e-7 -1.68032e-7 1 0 -3.27798e-7 1 -3.4427e-7 -4.57559e-7 1 -3.40596e-7 -4.57881e-7 1 0 -3.2781e-7 1 5.62673e-7 -1.60223e-7 1 3.68007e-7 0 1 3.67744e-7 0 1 5.6037e-7 -1.60804e-7 1 -2.32863e-7 -1.99815e-7 1 0 -1.68484e-7 1 0 -1.6891e-7 1 -2.31854e-7 -1.99488e-7 1 1.08361e-6 -4.76338e-7 1 5.0101e-7 -4.94595e-7 1 5.05409e-7 -4.94578e-7 1 1.08455e-6 -4.76348e-7 1 -9.28783e-7 0 1 -3.10147e-7 -3.2428e-7 1 -3.09447e-7 -3.24596e-7 1 -9.29777e-7 0 1 -4.64651e-7 0 1 -4.64598e-7 0 0 0 1 0 -7.39347e-6 -1 0 0 -1 7.94071e-7 0 1 7.94071e-7 0 1 2.69355e-7 3.6968e-6 1 5.24716e-7 -3.69661e-6 1 -2.97288e-7 0 1 -2.97289e-7 0 1 -2.6935e-7 0 1 0 0 1 0 0 1 0 0 1 0 0 1 -2.97289e-7 0 1 -2.97289e-7 0 1 -2.6935e-7 0 1 -2.69345e-7 0 1 -2.97285e-7 0 1 -2.97284e-7 0 1 0 0 1 0 0 1 0 -0.01082926 0.9999414 0 -0.01082926 0.9999414 0 -0.002075314 0.9999979 0 -0.002075314 0.9999979 0 -0.05238682 0.998627 0 -0.05238682 0.9986268 0 -0.03042578 0.9995371 0 -0.03042578 0.9995371 0 -0.0998004 0.9950076 0 -0.0998004 0.9950075 0 -0.07387071 0.9972679 0 -0.07387071 0.9972679 0 -0.1421203 0.9898494 0 -0.1421203 0.9898495 2.65004e-7 -0.1223186 0.9924909 2.65004e-7 -0.1223186 0.9924909 0 -0.1903113 0.9817238 -1.57555e-7 -0.1672222 0.9859193 0 0.002050042 -0.999998 0 0.002050042 -0.999998 0 0.01074403 -0.9999424 0 0.01074403 -0.9999424 0 0.03040069 -0.9995378 0 0.03040069 -0.9995378 0 0.05237656 -0.9986275 0 0.05237656 -0.9986274 0 0.07382351 -0.9972714 0 0.09985178 -0.9950024 0 0.09985178 -0.9950023 0 0.1223422 -0.992488 0 0.1223422 -0.992488 0 0.1420518 -0.9898594 0 0.1420518 -0.9898592 0 0.1672468 -0.9859151 -2.73781e-7 0.1903728 -0.9817119 -2.73781e-7 0.1903728 -0.9817119 -5.47482e-7 0.2077984 -0.9781717 -5.47482e-7 0.2077984 -0.9781717 -1 1.25627e-7 0 -1 1.25628e-7 0 -1 -1.25627e-7 0 -1 -1.25628e-7 0 -1 -8.66611e-7 1.51578e-7 -1 -8.65983e-7 1.51468e-7 -1 -3.64815e-7 5.00815e-7 -1 -3.61188e-7 5.0134e-7 -1 0 3.11368e-7 -1 0 3.11387e-7 -1 3.68003e-7 0 -1 3.6774e-7 0 -1 5.62665e-7 1.57885e-7 -1 5.60362e-7 1.57968e-7 -1 0 1.49709e-7 -1 0 1.49785e-7 -1 -3.87814e-7 0 -1 -3.86636e-7 0 -1 -2.72702e-7 4.53618e-7 -1 -2.69498e-7 4.54476e-7 -1 6.19378e-7 7.84071e-7 -1 6.19642e-7 7.84064e-7 -1 -3.10514e-7 3.0364e-7 -1 -3.09115e-7 3.04743e-7 -1 -1.47051e-6 -4.01044e-7 -1 -1.47224e-6 -4.01741e-7 0 -0.8318433 0.5550105 0 1 0</float_array>
          <technique_common>
            <accessor source="#Cube-mesh-normals-array" count="3338" stride="3">
              <param name="X" type="float"/>
              <param name="Y" type="float"/>
              <param name="Z" type="float"/>
            </accessor>
          </technique_common>
        </source>
        <source id="Cube-mesh-map-0">
          <float_array id="Cube-mesh-map-0-array" count="14608">1.826009 -0.4475226 1.826009 -0.5002377 1.902221 -0.5002377 1.902221 -0.4475226 -0.9784346 -0.2893772 0.4237871 -0.2893772 0.4237871 -0.236662 -0.9784346 -0.236662 1.826009 1.450221 0.4237871 1.450221 0.4237871 1.397506 1.826009 1.397506 -0.9784346 1.450221 0.4237871 1.450221 0.4237871 1.502936 -0.9784346 1.502936 1.978435 1.397506 1.978435 1.450221 1.902222 1.450221 1.902222 1.397506 1.978435 1.292075 1.978435 1.344791 1.902222 1.344791 1.902222 1.292076 1.978435 1.186645 1.978435 1.23936 1.902222 1.239361 1.902222 1.186645 1.978435 1.081215 1.978435 1.13393 1.902222 1.13393 1.902222 1.081215 1.978435 0.9757848 1.978435 1.0285 1.902222 1.0285 1.902222 0.9757851 1.978435 0.8703544 1.978435 0.9230698 1.902222 0.9230701 1.902222 0.8703549 1.978435 0.7649243 1.978435 0.8176394 1.902222 0.8176397 1.902222 0.7649247 1.978435 0.6594942 1.978435 0.7122092 1.902222 0.7122095 1.902222 0.6594945 1.978435 0.5540639 1.978435 0.6067791 1.902222 0.6067793 1.902222 0.5540643 1.978435 0.4486338 1.978435 0.5013489 1.902222 0.5013492 1.902222 0.4486342 1.978435 0.3432036 1.978435 0.3959189 1.902222 0.395919 1.902222 0.343204 1.978435 0.2377735 1.978435 0.2904886 1.902222 0.2904888 1.902222 0.2377737 1.978435 0.1323433 1.978435 0.1850583 1.902222 0.1850585 1.902222 0.1323435 1.978435 0.02691304 1.978435 0.07962828 1.902222 0.07962846 1.902222 0.02691328 1.978435 -0.07851696 1.978435 -0.02580189 1.902222 -0.02580171 1.902222 -0.07851696 1.978435 -0.1839472 1.978435 -0.131232 1.902222 -0.1312319 1.902222 -0.183947 1.978435 -0.2893774 1.978435 -0.2366622 1.902222 -0.2366622 1.902222 -0.2893772 1.978435 -0.3948075 1.978435 -0.3420925 1.902222 -0.3420925 1.902222 -0.3948075 1.978435 -0.5002377 1.978435 -0.4475226 1.902222 -0.4475225 1.902222 -0.5002377 1.826009 -0.4475225 0.4237871 -0.4475225 0.4237871 -0.5002377 1.826009 -0.5002377 -0.9784346 -0.236662 0.4237871 -0.236662 0.4237871 -0.1839469 -0.9784346 -0.1839469 -0.9784346 -0.3948074 0.4237871 -0.3948074 0.4237871 -0.3420923 -0.9784346 -0.3420923 -0.9784346 -0.5002377 0.4237871 -0.5002369 0.4237871 -0.4475225 -0.9784346 -0.4475225 1.826009 -0.3420923 0.4237871 -0.3420925 0.4237871 -0.3948075 1.826009 -0.3948074 1.826009 -0.236662 0.4237871 -0.2366622 0.4237871 -0.2893774 1.826009 -0.2893772 1.826009 -0.1312317 0.4237871 -0.1312321 0.4237871 -0.1839472 1.826009 -0.1839469 1.826009 -0.02580153 0.4237871 -0.02580189 0.4237871 -0.07851701 1.826009 -0.0785166 1.826009 0.0796287 0.4237871 0.07962828 0.4237871 0.02691328 1.826009 0.02691364 1.826009 0.185059 0.4237871 0.1850585 0.4237871 0.1323435 1.826009 0.1323438 1.826009 0.2904892 0.4237871 0.2904888 0.4237871 0.2377737 1.826009 0.2377741 1.826009 0.3959194 0.4237871 0.3959192 0.4237871 0.343204 1.826009 0.3432042 1.826009 0.5013496 0.4237871 0.5013492 0.4237871 0.4486342 1.826009 0.4486345 1.826009 0.6067797 0.4237871 0.6067793 0.4237871 0.5540643 1.826009 0.5540646 1.826009 0.7122099 0.4237871 0.7122097 0.4237871 0.6594945 1.826009 0.6594946 1.826009 0.8176401 0.4237871 0.8176397 0.4237871 0.7649247 1.826009 0.7649249 1.826009 0.9230701 0.4237871 0.92307 0.4237871 0.8703548 1.826009 0.870355 1.826009 1.0285 0.4237871 1.0285 0.4237871 0.975785 1.826009 0.9757854 1.826009 1.13393 0.4237871 1.13393 0.4237871 1.081215 1.826009 1.081215 1.826009 1.239361 0.4237871 1.239361 0.4237871 1.186645 1.826009 1.186645 1.826009 1.344791 0.4237871 1.344791 0.4237871 1.292076 1.826009 1.292076 1.826009 1.397506 0.4237871 1.397506 0.4237871 1.344791 1.826009 1.344791 1.826009 1.292076 0.4237871 1.292076 0.4237871 1.239361 1.826009 1.239361 1.826009 1.186645 0.4237871 1.186645 0.4237871 1.13393 1.826009 1.13393 1.826009 1.081215 0.4237871 1.081215 0.4237871 1.0285 1.826009 1.0285 1.826009 0.9757854 0.4237871 0.975785 0.4237871 0.92307 1.826009 0.9230701 1.826009 0.870355 0.4237871 0.8703548 0.4237871 0.8176397 1.826009 0.8176401 1.826009 0.7649249 0.4237871 0.7649247 0.4237871 0.7122097 1.826009 0.7122099 1.826009 0.6594946 0.4237871 0.6594945 0.4237871 0.6067793 1.826009 0.6067797 1.826009 0.5540646 0.4237871 0.5540643 0.4237871 0.5013492 1.826009 0.5013496 1.826009 0.4486345 0.4237871 0.4486342 0.4237871 0.3959192 1.826009 0.3959194 1.826009 0.3432042 0.4237871 0.343204 0.4237871 0.2904888 1.826009 0.2904892 1.826009 0.2377741 0.4237871 0.2377737 0.4237871 0.1850585 1.826009 0.185059 1.826009 0.1323438 0.4237871 0.1323435 0.4237871 0.07962828 1.826009 0.0796287 1.826009 0.02691364 0.4237871 0.02691328 0.4237871 -0.02580189 1.826009 -0.02580153 1.826009 -0.0785166 0.4237871 -0.07851701 0.4237871 -0.1312321 1.826009 -0.1312317 1.826009 -0.1839469 0.4237871 -0.1839472 0.4237871 -0.2366622 1.826009 -0.236662 1.826009 -0.2893772 0.4237871 -0.2893774 0.4237871 -0.3420925 1.826009 -0.3420923 1.826009 -0.3948074 0.4237871 -0.3948075 0.4237871 -0.4475225 1.826009 -0.4475225 -0.9784346 -0.4475225 0.4237871 -0.4475225 0.4237871 -0.3948074 -0.9784346 -0.3948074 -0.9784346 -0.3420923 0.4237871 -0.3420923 0.4237871 -0.2893772 -0.9784346 -0.2893772 1.826009 1.502936 0.4237871 1.502936 0.4237871 1.450221 1.826009 1.450221 1.978435 1.344791 1.978435 1.397506 1.902222 1.397506 1.902222 1.344791 1.978435 1.23936 1.978435 1.292075 1.902222 1.292076 1.902222 1.239361 1.978435 1.13393 1.978435 1.186645 1.902222 1.186645 1.902222 1.13393 1.978435 1.0285 1.978435 1.081215 1.902222 1.081215 1.902222 1.0285 1.978435 0.9230698 1.978435 0.9757848 1.902222 0.9757851 1.902222 0.9230701 1.978435 0.8176394 1.978435 0.8703544 1.902222 0.8703549 1.902222 0.8176397 1.978435 0.7122092 1.978435 0.7649243 1.902222 0.7649247 1.902222 0.7122095 1.978435 0.6067791 1.978435 0.6594942 1.902222 0.6594945 1.902222 0.6067793 1.978435 0.5013489 1.978435 0.5540639 1.902222 0.5540643 1.902222 0.5013492 1.978435 0.3959189 1.978435 0.4486338 1.902222 0.4486342 1.902222 0.395919 1.978435 0.2904886 1.978435 0.3432036 1.902222 0.343204 1.902222 0.2904888 1.978435 0.1850583 1.978435 0.2377735 1.902222 0.2377737 1.902222 0.1850585 1.978435 0.07962828 1.978435 0.1323433 1.902222 0.1323435 1.902222 0.07962846 1.978435 -0.02580189 1.978435 0.02691304 1.902222 0.02691328 1.902222 -0.02580171 1.978435 -0.131232 1.978435 -0.07851696 1.902222 -0.07851696 1.902222 -0.1312319 1.978435 -0.2366622 1.978435 -0.1839472 1.902222 -0.183947 1.902222 -0.2366622 1.978435 -0.3420925 1.978435 -0.2893774 1.902222 -0.2893772 1.902222 -0.3420925 1.978435 -0.4475226 1.978435 -0.3948075 1.902222 -0.3948075 1.902222 -0.4475225 1.978435 1.450221 1.978435 1.502935 1.902222 1.502936 1.902222 1.450221 -0.9784346 -0.1839469 0.4237871 -0.1839469 0.4237871 -0.1312317 -0.9784346 -0.1312317 -0.9784346 -0.1312317 0.4237871 -0.1312317 0.4237871 -0.0785166 -0.9784346 -0.0785166 -0.9784346 -0.0785166 0.4237871 -0.0785166 0.4237871 -0.02580153 -0.9784346 -0.02580153 -0.9784346 -0.02580153 0.4237871 -0.02580153 0.4237871 0.02691364 -0.9784346 0.02691364 -0.9784346 0.02691364 0.4237871 0.02691364 0.4237871 0.0796287 -0.9784346 0.0796287 -0.9784346 0.0796287 0.4237871 0.0796287 0.4237871 0.1323438 -0.9784346 0.1323438 -0.9784346 0.1323438 0.4237871 0.1323438 0.4237871 0.185059 -0.9784346 0.185059 -0.9784346 0.185059 0.4237871 0.185059 0.4237871 0.2377741 -0.9784346 0.2377741 -0.9784346 0.2377741 0.4237871 0.2377741 0.4237871 0.2904892 -0.9784346 0.2904892 -0.9784346 0.2904892 0.4237871 0.2904892 0.4237871 0.3432042 -0.9784346 0.3432042 -0.9784346 0.3432042 0.4237871 0.3432042 0.4237871 0.3959194 -0.9784346 0.3959194 -0.9784346 0.3959194 0.4237871 0.3959194 0.4237871 0.4486345 -0.9784346 0.4486345 -0.9784346 0.4486345 0.4237871 0.4486345 0.4237871 0.5013496 -0.9784346 0.5013496 -0.9784346 0.5013496 0.4237871 0.5013496 0.4237871 0.5540646 -0.9784346 0.5540646 -0.9784346 0.5540646 0.4237871 0.5540646 0.4237871 0.6067797 -0.9784346 0.6067797 -0.9784346 0.6067797 0.4237871 0.6067797 0.4237871 0.6594946 -0.9784346 0.6594946 -0.9784346 0.6594946 0.4237871 0.6594946 0.4237871 0.7122099 -0.9784346 0.7122099 -0.9784346 0.7122099 0.4237871 0.7122099 0.4237871 0.7649249 -0.9784346 0.7649249 -0.9784346 0.7649249 0.4237871 0.7649249 0.4237871 0.8176401 -0.9784346 0.8176401 -0.9784346 0.8176401 0.4237871 0.8176401 0.4237871 0.870355 -0.9784346 0.870355 -0.9784346 0.870355 0.4237871 0.870355 0.4237871 0.9230701 -0.9784346 0.9230701 -0.9784346 0.9230701 0.4237871 0.9230701 0.4237871 0.9757854 -0.9784346 0.9757854 -0.9784346 0.9757854 0.4237871 0.9757854 0.4237871 1.0285 -0.9784346 1.0285 -0.9784346 1.0285 0.4237871 1.0285 0.4237871 1.081215 -0.9784346 1.081215 -0.9784346 1.081215 0.4237871 1.081215 0.4237871 1.13393 -0.9784346 1.13393 -0.9784346 1.13393 0.4237871 1.13393 0.4237871 1.186645 -0.9784346 1.186645 -0.9784346 1.186645 0.4237871 1.186645 0.4237871 1.239361 -0.9784346 1.239361 -0.9784346 1.239361 0.4237871 1.239361 0.4237871 1.292076 -0.9784346 1.292076 -0.9784346 1.292076 0.4237871 1.292076 0.4237871 1.344791 -0.9784346 1.344791 -0.9784346 1.344791 0.4237871 1.344791 0.4237871 1.397506 -0.9784346 1.397506 -0.9784346 1.397506 0.4237871 1.397506 0.4237871 1.450221 -0.9784346 1.450221 1.826009 1.502936 1.826009 1.450221 1.902221 1.450221 1.902222 1.502936 1.826009 1.450221 1.826009 1.397506 1.902221 1.397506 1.902221 1.450221 1.826009 1.397506 1.826009 1.344791 1.902221 1.344791 1.902221 1.397506 1.826009 1.344791 1.826009 1.292076 1.902221 1.292076 1.902221 1.344791 1.826009 1.292076 1.826009 1.23936 1.902221 1.23936 1.902221 1.292076 1.826009 1.23936 1.826009 1.186645 1.902221 1.186645 1.902221 1.23936 1.826009 1.186645 1.826009 1.13393 1.902221 1.13393 1.902221 1.186645 1.826009 1.13393 1.826009 1.081215 1.902221 1.081215 1.902221 1.13393 1.826009 1.081215 1.826009 1.0285 1.902221 1.0285 1.902221 1.081215 1.826009 1.0285 1.826009 0.9757848 1.902221 0.9757848 1.902221 1.0285 1.826009 0.9757848 1.826009 0.9230698 1.902221 0.9230698 1.902221 0.9757848 1.826009 0.9230698 1.826009 0.8703545 1.902221 0.8703545 1.902221 0.9230698 1.826009 0.8703545 1.826009 0.8176394 1.902221 0.8176394 1.902221 0.8703545 1.826009 0.8176394 1.826009 0.7649243 1.902221 0.7649243 1.902221 0.8176394 1.826009 0.7649243 1.826009 0.7122092 1.902221 0.7122092 1.902221 0.7649243 1.826009 0.7122092 1.826009 0.6594944 1.902221 0.6594944 1.902221 0.7122092 1.826009 0.6594944 1.826009 0.6067791 1.902221 0.6067791 1.902221 0.6594944 1.826009 0.6067791 1.826009 0.5540639 1.902221 0.5540639 1.902221 0.6067791 1.826009 0.5540639 1.826009 0.5013489 1.902221 0.5013489 1.902221 0.5540639 1.826009 0.5013489 1.826009 0.4486338 1.902221 0.4486338 1.902221 0.5013489 1.826009 0.4486338 1.826009 0.3959189 1.902221 0.3959189 1.902221 0.4486338 1.826009 0.3959189 1.826009 0.3432037 1.902221 0.3432037 1.902221 0.3959189 1.826009 0.3432037 1.826009 0.2904886 1.902221 0.2904886 1.902221 0.3432037 1.826009 0.2904886 1.826009 0.2377735 1.902221 0.2377735 1.902221 0.2904886 1.826009 0.2377735 1.826009 0.1850584 1.902221 0.1850584 1.902221 0.2377735 1.826009 0.1850584 1.826009 0.1323433 1.902221 0.1323433 1.902221 0.1850584 1.826009 0.1323433 1.826009 0.07962828 1.902221 0.07962828 1.902221 0.1323433 1.826009 0.07962828 1.826009 0.02691316 1.902221 0.02691316 1.902221 0.07962828 1.826009 0.02691316 1.826009 -0.02580189 1.902221 -0.02580189 1.902221 0.02691316 1.826009 -0.02580189 1.826009 -0.07851696 1.902221 -0.07851696 1.902221 -0.02580189 1.826009 -0.07851696 1.826009 -0.131232 1.902221 -0.131232 1.902221 -0.07851696 1.826009 -0.131232 1.826009 -0.1839472 1.902221 -0.1839472 1.902221 -0.131232 1.826009 -0.1839472 1.826009 -0.2366622 1.902221 -0.2366622 1.902221 -0.1839472 1.826009 -0.2366622 1.826009 -0.2893773 1.902221 -0.2893773 1.902221 -0.2366622 1.826009 -0.2893773 1.826009 -0.3420923 1.902221 -0.3420923 1.902221 -0.2893773 1.826009 -0.3420923 1.826009 -0.3948074 1.902221 -0.3948074 1.902221 -0.3420923 1.826009 -0.3948074 1.826009 -0.4475226 1.902221 -0.4475226 1.902221 -0.3948074 1.826009 -0.4475226 1.826009 -0.5002377 1.902221 -0.5002377 1.902221 -0.4475226 -0.9784346 -0.2893772 0.4237871 -0.2893772 0.4237871 -0.236662 -0.9784346 -0.236662 1.826009 1.450221 0.4237871 1.450221 0.4237871 1.397506 1.826009 1.397506 -0.9784346 1.450221 0.4237871 1.450221 0.4237871 1.502936 -0.9784346 1.502936 1.978435 1.397506 1.978435 1.450221 1.902222 1.450221 1.902222 1.397506 1.978435 1.292075 1.978435 1.344791 1.902222 1.344791 1.902222 1.292076 1.978435 1.186645 1.978435 1.23936 1.902222 1.239361 1.902222 1.186645 1.978435 1.081215 1.978435 1.13393 1.902222 1.13393 1.902222 1.081215 1.978435 0.9757848 1.978435 1.0285 1.902222 1.0285 1.902222 0.9757851 1.978435 0.8703544 1.978435 0.9230698 1.902222 0.9230701 1.902222 0.8703549 1.978435 0.7649243 1.978435 0.8176394 1.902222 0.8176397 1.902222 0.7649247 1.978435 0.6594942 1.978435 0.7122092 1.902222 0.7122095 1.902222 0.6594945 1.978435 0.5540639 1.978435 0.6067791 1.902222 0.6067793 1.902222 0.5540643 1.978435 0.4486338 1.978435 0.5013489 1.902222 0.5013492 1.902222 0.4486342 1.978435 0.3432036 1.978435 0.3959189 1.902222 0.395919 1.902222 0.343204 1.978435 0.2377735 1.978435 0.2904886 1.902222 0.2904888 1.902222 0.2377737 1.978435 0.1323433 1.978435 0.1850583 1.902222 0.1850585 1.902222 0.1323435 1.978435 0.02691304 1.978435 0.07962828 1.902222 0.07962846 1.902222 0.02691328 1.978435 -0.07851696 1.978435 -0.02580189 1.902222 -0.02580171 1.902222 -0.07851696 1.978435 -0.1839472 1.978435 -0.131232 1.902222 -0.1312319 1.902222 -0.183947 1.978435 -0.2893774 1.978435 -0.2366622 1.902222 -0.2366622 1.902222 -0.2893772 1.978435 -0.3948075 1.978435 -0.3420925 1.902222 -0.3420925 1.902222 -0.3948075 1.978435 -0.5002377 1.978435 -0.4475226 1.902222 -0.4475225 1.902222 -0.5002377 1.826009 -0.4475225 0.4237871 -0.4475225 0.4237871 -0.5002377 1.826009 -0.5002377 -0.9784346 -0.236662 0.4237871 -0.236662 0.4237871 -0.1839469 -0.9784346 -0.1839469 -0.9784346 -0.3948074 0.4237871 -0.3948074 0.4237871 -0.3420923 -0.9784346 -0.3420923 -0.9784346 -0.5002377 0.4237871 -0.5002369 0.4237871 -0.4475225 -0.9784346 -0.4475225 1.826009 -0.3420923 0.4237871 -0.3420925 0.4237871 -0.3948075 1.826009 -0.3948074 1.826009 -0.236662 0.4237871 -0.2366622 0.4237871 -0.2893774 1.826009 -0.2893772 1.826009 -0.1312317 0.4237871 -0.1312321 0.4237871 -0.1839472 1.826009 -0.1839469 1.826009 -0.02580153 0.4237871 -0.02580189 0.4237871 -0.07851701 1.826009 -0.0785166 1.826009 0.0796287 0.4237871 0.07962828 0.4237871 0.02691328 1.826009 0.02691364 1.826009 0.185059 0.4237871 0.1850585 0.4237871 0.1323435 1.826009 0.1323438 1.826009 0.2904892 0.4237871 0.2904888 0.4237871 0.2377737 1.826009 0.2377741 1.826009 0.3959194 0.4237871 0.3959192 0.4237871 0.343204 1.826009 0.3432042 1.826009 0.5013496 0.4237871 0.5013492 0.4237871 0.4486342 1.826009 0.4486345 1.826009 0.6067797 0.4237871 0.6067793 0.4237871 0.5540643 1.826009 0.5540646 1.826009 0.7122099 0.4237871 0.7122097 0.4237871 0.6594945 1.826009 0.6594946 1.826009 0.8176401 0.4237871 0.8176397 0.4237871 0.7649247 1.826009 0.7649249 1.826009 0.9230701 0.4237871 0.92307 0.4237871 0.8703548 1.826009 0.870355 1.826009 1.0285 0.4237871 1.0285 0.4237871 0.975785 1.826009 0.9757854 1.826009 1.13393 0.4237871 1.13393 0.4237871 1.081215 1.826009 1.081215 1.826009 1.239361 0.4237871 1.239361 0.4237871 1.186645 1.826009 1.186645 1.826009 1.344791 0.4237871 1.344791 0.4237871 1.292076 1.826009 1.292076 1.826009 1.397506 0.4237871 1.397506 0.4237871 1.344791 1.826009 1.344791 1.826009 1.292076 0.4237871 1.292076 0.4237871 1.239361 1.826009 1.239361 1.826009 1.186645 0.4237871 1.186645 0.4237871 1.13393 1.826009 1.13393 1.826009 1.081215 0.4237871 1.081215 0.4237871 1.0285 1.826009 1.0285 1.826009 0.9757854 0.4237871 0.975785 0.4237871 0.92307 1.826009 0.9230701 1.826009 0.870355 0.4237871 0.8703548 0.4237871 0.8176397 1.826009 0.8176401 1.826009 0.7649249 0.4237871 0.7649247 0.4237871 0.7122097 1.826009 0.7122099 1.826009 0.6594946 0.4237871 0.6594945 0.4237871 0.6067793 1.826009 0.6067797 1.826009 0.5540646 0.4237871 0.5540643 0.4237871 0.5013492 1.826009 0.5013496 1.826009 0.4486345 0.4237871 0.4486342 0.4237871 0.3959192 1.826009 0.3959194 1.826009 0.3432042 0.4237871 0.343204 0.4237871 0.2904888 1.826009 0.2904892 1.826009 0.2377741 0.4237871 0.2377737 0.4237871 0.1850585 1.826009 0.185059 1.826009 0.1323438 0.4237871 0.1323435 0.4237871 0.07962828 1.826009 0.0796287 1.826009 0.02691364 0.4237871 0.02691328 0.4237871 -0.02580189 1.826009 -0.02580153 1.826009 -0.0785166 0.4237871 -0.07851701 0.4237871 -0.1312321 1.826009 -0.1312317 1.826009 -0.1839469 0.4237871 -0.1839472 0.4237871 -0.2366622 1.826009 -0.236662 1.826009 -0.2893772 0.4237871 -0.2893774 0.4237871 -0.3420925 1.826009 -0.3420923 1.826009 -0.3948074 0.4237871 -0.3948075 0.4237871 -0.4475225 1.826009 -0.4475225 -0.9784346 -0.4475225 0.4237871 -0.4475225 0.4237871 -0.3948074 -0.9784346 -0.3948074 -0.9784346 -0.3420923 0.4237871 -0.3420923 0.4237871 -0.2893772 -0.9784346 -0.2893772 1.826009 1.502936 0.4237871 1.502936 0.4237871 1.450221 1.826009 1.450221 1.978435 1.344791 1.978435 1.397506 1.902222 1.397506 1.902222 1.344791 1.978435 1.23936 1.978435 1.292075 1.902222 1.292076 1.902222 1.239361 1.978435 1.13393 1.978435 1.186645 1.902222 1.186645 1.902222 1.13393 1.978435 1.0285 1.978435 1.081215 1.902222 1.081215 1.902222 1.0285 1.978435 0.9230698 1.978435 0.9757848 1.902222 0.9757851 1.902222 0.9230701 1.978435 0.8176394 1.978435 0.8703544 1.902222 0.8703549 1.902222 0.8176397 1.978435 0.7122092 1.978435 0.7649243 1.902222 0.7649247 1.902222 0.7122095 1.978435 0.6067791 1.978435 0.6594942 1.902222 0.6594945 1.902222 0.6067793 1.978435 0.5013489 1.978435 0.5540639 1.902222 0.5540643 1.902222 0.5013492 1.978435 0.3959189 1.978435 0.4486338 1.902222 0.4486342 1.902222 0.395919 1.978435 0.2904886 1.978435 0.3432036 1.902222 0.343204 1.902222 0.2904888 1.978435 0.1850583 1.978435 0.2377735 1.902222 0.2377737 1.902222 0.1850585 1.978435 0.07962828 1.978435 0.1323433 1.902222 0.1323435 1.902222 0.07962846 1.978435 -0.02580189 1.978435 0.02691304 1.902222 0.02691328 1.902222 -0.02580171 1.978435 -0.131232 1.978435 -0.07851696 1.902222 -0.07851696 1.902222 -0.1312319 1.978435 -0.2366622 1.978435 -0.1839472 1.902222 -0.183947 1.902222 -0.2366622 1.978435 -0.3420925 1.978435 -0.2893774 1.902222 -0.2893772 1.902222 -0.3420925 1.978435 -0.4475226 1.978435 -0.3948075 1.902222 -0.3948075 1.902222 -0.4475225 1.978435 1.450221 1.978435 1.502935 1.902222 1.502936 1.902222 1.450221 -0.9784346 -0.1839469 0.4237871 -0.1839469 0.4237871 -0.1312317 -0.9784346 -0.1312317 -0.9784346 -0.1312317 0.4237871 -0.1312317 0.4237871 -0.0785166 -0.9784346 -0.0785166 -0.9784346 -0.0785166 0.4237871 -0.0785166 0.4237871 -0.02580153 -0.9784346 -0.02580153 -0.9784346 -0.02580153 0.4237871 -0.02580153 0.4237871 0.02691364 -0.9784346 0.02691364 -0.9784346 0.02691364 0.4237871 0.02691364 0.4237871 0.0796287 -0.9784346 0.0796287 -0.9784346 0.0796287 0.4237871 0.0796287 0.4237871 0.1323438 -0.9784346 0.1323438 -0.9784346 0.1323438 0.4237871 0.1323438 0.4237871 0.185059 -0.9784346 0.185059 -0.9784346 0.185059 0.4237871 0.185059 0.4237871 0.2377741 -0.9784346 0.2377741 -0.9784346 0.2377741 0.4237871 0.2377741 0.4237871 0.2904892 -0.9784346 0.2904892 -0.9784346 0.2904892 0.4237871 0.2904892 0.4237871 0.3432042 -0.9784346 0.3432042 -0.9784346 0.3432042 0.4237871 0.3432042 0.4237871 0.3959194 -0.9784346 0.3959194 -0.9784346 0.3959194 0.4237871 0.3959194 0.4237871 0.4486345 -0.9784346 0.4486345 -0.9784346 0.4486345 0.4237871 0.4486345 0.4237871 0.5013496 -0.9784346 0.5013496 -0.9784346 0.5013496 0.4237871 0.5013496 0.4237871 0.5540646 -0.9784346 0.5540646 -0.9784346 0.5540646 0.4237871 0.5540646 0.4237871 0.6067797 -0.9784346 0.6067797 -0.9784346 0.6067797 0.4237871 0.6067797 0.4237871 0.6594946 -0.9784346 0.6594946 -0.9784346 0.6594946 0.4237871 0.6594946 0.4237871 0.7122099 -0.9784346 0.7122099 -0.9784346 0.7122099 0.4237871 0.7122099 0.4237871 0.7649249 -0.9784346 0.7649249 -0.9784346 0.7649249 0.4237871 0.7649249 0.4237871 0.8176401 -0.9784346 0.8176401 -0.9784346 0.8176401 0.4237871 0.8176401 0.4237871 0.870355 -0.9784346 0.870355 -0.9784346 0.870355 0.4237871 0.870355 0.4237871 0.9230701 -0.9784346 0.9230701 -0.9784346 0.9230701 0.4237871 0.9230701 0.4237871 0.9757854 -0.9784346 0.9757854 -0.9784346 0.9757854 0.4237871 0.9757854 0.4237871 1.0285 -0.9784346 1.0285 -0.9784346 1.0285 0.4237871 1.0285 0.4237871 1.081215 -0.9784346 1.081215 -0.9784346 1.081215 0.4237871 1.081215 0.4237871 1.13393 -0.9784346 1.13393 -0.9784346 1.13393 0.4237871 1.13393 0.4237871 1.186645 -0.9784346 1.186645 -0.9784346 1.186645 0.4237871 1.186645 0.4237871 1.239361 -0.9784346 1.239361 -0.9784346 1.239361 0.4237871 1.239361 0.4237871 1.292076 -0.9784346 1.292076 -0.9784346 1.292076 0.4237871 1.292076 0.4237871 1.344791 -0.9784346 1.344791 -0.9784346 1.344791 0.4237871 1.344791 0.4237871 1.397506 -0.9784346 1.397506 -0.9784346 1.397506 0.4237871 1.397506 0.4237871 1.450221 -0.9784346 1.450221 1.826009 1.502936 1.826009 1.450221 1.902221 1.450221 1.902222 1.502936 1.826009 1.450221 1.826009 1.397506 1.902221 1.397506 1.902221 1.450221 1.826009 1.397506 1.826009 1.344791 1.902221 1.344791 1.902221 1.397506 1.826009 1.344791 1.826009 1.292076 1.902221 1.292076 1.902221 1.344791 1.826009 1.292076 1.826009 1.23936 1.902221 1.23936 1.902221 1.292076 1.826009 1.23936 1.826009 1.186645 1.902221 1.186645 1.902221 1.23936 1.826009 1.186645 1.826009 1.13393 1.902221 1.13393 1.902221 1.186645 1.826009 1.13393 1.826009 1.081215 1.902221 1.081215 1.902221 1.13393 1.826009 1.081215 1.826009 1.0285 1.902221 1.0285 1.902221 1.081215 1.826009 1.0285 1.826009 0.9757848 1.902221 0.9757848 1.902221 1.0285 1.826009 0.9757848 1.826009 0.9230698 1.902221 0.9230698 1.902221 0.9757848 1.826009 0.9230698 1.826009 0.8703545 1.902221 0.8703545 1.902221 0.9230698 1.826009 0.8703545 1.826009 0.8176394 1.902221 0.8176394 1.902221 0.8703545 1.826009 0.8176394 1.826009 0.7649243 1.902221 0.7649243 1.902221 0.8176394 1.826009 0.7649243 1.826009 0.7122092 1.902221 0.7122092 1.902221 0.7649243 1.826009 0.7122092 1.826009 0.6594944 1.902221 0.6594944 1.902221 0.7122092 1.826009 0.6594944 1.826009 0.6067791 1.902221 0.6067791 1.902221 0.6594944 1.826009 0.6067791 1.826009 0.5540639 1.902221 0.5540639 1.902221 0.6067791 1.826009 0.5540639 1.826009 0.5013489 1.902221 0.5013489 1.902221 0.5540639 1.826009 0.5013489 1.826009 0.4486338 1.902221 0.4486338 1.902221 0.5013489 1.826009 0.4486338 1.826009 0.3959189 1.902221 0.3959189 1.902221 0.4486338 1.826009 0.3959189 1.826009 0.3432037 1.902221 0.3432037 1.902221 0.3959189 1.826009 0.3432037 1.826009 0.2904886 1.902221 0.2904886 1.902221 0.3432037 1.826009 0.2904886 1.826009 0.2377735 1.902221 0.2377735 1.902221 0.2904886 1.826009 0.2377735 1.826009 0.1850584 1.902221 0.1850584 1.902221 0.2377735 1.826009 0.1850584 1.826009 0.1323433 1.902221 0.1323433 1.902221 0.1850584 1.826009 0.1323433 1.826009 0.07962828 1.902221 0.07962828 1.902221 0.1323433 1.826009 0.07962828 1.826009 0.02691316 1.902221 0.02691316 1.902221 0.07962828 1.826009 0.02691316 1.826009 -0.02580189 1.902221 -0.02580189 1.902221 0.02691316 1.826009 -0.02580189 1.826009 -0.07851696 1.902221 -0.07851696 1.902221 -0.02580189 1.826009 -0.07851696 1.826009 -0.131232 1.902221 -0.131232 1.902221 -0.07851696 1.826009 -0.131232 1.826009 -0.1839472 1.902221 -0.1839472 1.902221 -0.131232 1.826009 -0.1839472 1.826009 -0.2366622 1.902221 -0.2366622 1.902221 -0.1839472 1.826009 -0.2366622 1.826009 -0.2893773 1.902221 -0.2893773 1.902221 -0.2366622 1.826009 -0.2893773 1.826009 -0.3420923 1.902221 -0.3420923 1.902221 -0.2893773 1.826009 -0.3420923 1.826009 -0.3948074 1.902221 -0.3948074 1.902221 -0.3420923 1.826009 -0.3948074 1.826009 -0.4475226 1.902221 -0.4475226 1.902221 -0.3948074 1.826009 -0.4475226 1.826009 -0.5002377 1.902221 -0.5002377 1.902221 -0.4475226 -0.9784346 -0.2893772 0.4237871 -0.2893772 0.4237871 -0.236662 -0.9784346 -0.236662 1.826009 1.450221 0.4237871 1.450221 0.4237871 1.397506 1.826009 1.397506 -0.9784346 1.450221 0.4237871 1.450221 0.4237871 1.502936 -0.9784346 1.502936 1.978435 1.397506 1.978435 1.450221 1.902222 1.450221 1.902222 1.397506 1.978435 1.292075 1.978435 1.344791 1.902222 1.344791 1.902222 1.292076 1.978435 1.186645 1.978435 1.23936 1.902222 1.239361 1.902222 1.186645 1.978435 1.081215 1.978435 1.13393 1.902222 1.13393 1.902222 1.081215 1.978435 0.9757848 1.978435 1.0285 1.902222 1.0285 1.902222 0.9757851 1.978435 0.8703544 1.978435 0.9230698 1.902222 0.9230701 1.902222 0.8703549 1.978435 0.7649243 1.978435 0.8176394 1.902222 0.8176397 1.902222 0.7649247 1.978435 0.6594942 1.978435 0.7122092 1.902222 0.7122095 1.902222 0.6594945 1.978435 0.5540639 1.978435 0.6067791 1.902222 0.6067793 1.902222 0.5540643 1.978435 0.4486338 1.978435 0.5013489 1.902222 0.5013492 1.902222 0.4486342 1.978435 0.3432036 1.978435 0.3959189 1.902222 0.395919 1.902222 0.343204 1.978435 0.2377735 1.978435 0.2904886 1.902222 0.2904888 1.902222 0.2377737 1.978435 0.1323433 1.978435 0.1850583 1.902222 0.1850585 1.902222 0.1323435 1.978435 0.02691304 1.978435 0.07962828 1.902222 0.07962846 1.902222 0.02691328 1.978435 -0.07851696 1.978435 -0.02580189 1.902222 -0.02580171 1.902222 -0.07851696 1.978435 -0.1839472 1.978435 -0.131232 1.902222 -0.1312319 1.902222 -0.183947 1.978435 -0.2893774 1.978435 -0.2366622 1.902222 -0.2366622 1.902222 -0.2893772 1.978435 -0.3948075 1.978435 -0.3420925 1.902222 -0.3420925 1.902222 -0.3948075 1.978435 -0.5002377 1.978435 -0.4475226 1.902222 -0.4475225 1.902222 -0.5002377 1.826009 -0.4475225 0.4237871 -0.4475225 0.4237871 -0.5002377 1.826009 -0.5002377 -0.9784346 -0.236662 0.4237871 -0.236662 0.4237871 -0.1839469 -0.9784346 -0.1839469 -0.9784346 -0.3948074 0.4237871 -0.3948074 0.4237871 -0.3420923 -0.9784346 -0.3420923 -0.9784346 -0.5002377 0.4237871 -0.5002369 0.4237871 -0.4475225 -0.9784346 -0.4475225 1.826009 -0.3420923 0.4237871 -0.3420925 0.4237871 -0.3948075 1.826009 -0.3948074 1.826009 -0.236662 0.4237871 -0.2366622 0.4237871 -0.2893774 1.826009 -0.2893772 1.826009 -0.1312317 0.4237871 -0.1312321 0.4237871 -0.1839472 1.826009 -0.1839469 1.826009 -0.02580153 0.4237871 -0.02580189 0.4237871 -0.07851701 1.826009 -0.0785166 1.826009 0.0796287 0.4237871 0.07962828 0.4237871 0.02691328 1.826009 0.02691364 1.826009 0.185059 0.4237871 0.1850585 0.4237871 0.1323435 1.826009 0.1323438 1.826009 0.2904892 0.4237871 0.2904888 0.4237871 0.2377737 1.826009 0.2377741 1.826009 0.3959194 0.4237871 0.3959192 0.4237871 0.343204 1.826009 0.3432042 1.826009 0.5013496 0.4237871 0.5013492 0.4237871 0.4486342 1.826009 0.4486345 1.826009 0.6067797 0.4237871 0.6067793 0.4237871 0.5540643 1.826009 0.5540646 1.826009 0.7122099 0.4237871 0.7122097 0.4237871 0.6594945 1.826009 0.6594946 1.826009 0.8176401 0.4237871 0.8176397 0.4237871 0.7649247 1.826009 0.7649249 1.826009 0.9230701 0.4237871 0.92307 0.4237871 0.8703548 1.826009 0.870355 1.826009 1.0285 0.4237871 1.0285 0.4237871 0.975785 1.826009 0.9757854 1.826009 1.13393 0.4237871 1.13393 0.4237871 1.081215 1.826009 1.081215 1.826009 1.239361 0.4237871 1.239361 0.4237871 1.186645 1.826009 1.186645 1.826009 1.344791 0.4237871 1.344791 0.4237871 1.292076 1.826009 1.292076 1.826009 1.397506 0.4237871 1.397506 0.4237871 1.344791 1.826009 1.344791 1.826009 1.292076 0.4237871 1.292076 0.4237871 1.239361 1.826009 1.239361 1.826009 1.186645 0.4237871 1.186645 0.4237871 1.13393 1.826009 1.13393 1.826009 1.081215 0.4237871 1.081215 0.4237871 1.0285 1.826009 1.0285 1.826009 0.9757854 0.4237871 0.975785 0.4237871 0.92307 1.826009 0.9230701 1.826009 0.870355 0.4237871 0.8703548 0.4237871 0.8176397 1.826009 0.8176401 1.826009 0.7649249 0.4237871 0.7649247 0.4237871 0.7122097 1.826009 0.7122099 1.826009 0.6594946 0.4237871 0.6594945 0.4237871 0.6067793 1.826009 0.6067797 1.826009 0.5540646 0.4237871 0.5540643 0.4237871 0.5013492 1.826009 0.5013496 1.826009 0.4486345 0.4237871 0.4486342 0.4237871 0.3959192 1.826009 0.3959194 1.826009 0.3432042 0.4237871 0.343204 0.4237871 0.2904888 1.826009 0.2904892 1.826009 0.2377741 0.4237871 0.2377737 0.4237871 0.1850585 1.826009 0.185059 1.826009 0.1323438 0.4237871 0.1323435 0.4237871 0.07962828 1.826009 0.0796287 1.826009 0.02691364 0.4237871 0.02691328 0.4237871 -0.02580189 1.826009 -0.02580153 1.826009 -0.0785166 0.4237871 -0.07851701 0.4237871 -0.1312321 1.826009 -0.1312317 1.826009 -0.1839469 0.4237871 -0.1839472 0.4237871 -0.2366622 1.826009 -0.236662 1.826009 -0.2893772 0.4237871 -0.2893774 0.4237871 -0.3420925 1.826009 -0.3420923 1.826009 -0.3948074 0.4237871 -0.3948075 0.4237871 -0.4475225 1.826009 -0.4475225 -0.9784346 -0.4475225 0.4237871 -0.4475225 0.4237871 -0.3948074 -0.9784346 -0.3948074 -0.9784346 -0.3420923 0.4237871 -0.3420923 0.4237871 -0.2893772 -0.9784346 -0.2893772 1.826009 1.502936 0.4237871 1.502936 0.4237871 1.450221 1.826009 1.450221 1.978435 1.344791 1.978435 1.397506 1.902222 1.397506 1.902222 1.344791 1.978435 1.23936 1.978435 1.292075 1.902222 1.292076 1.902222 1.239361 1.978435 1.13393 1.978435 1.186645 1.902222 1.186645 1.902222 1.13393 1.978435 1.0285 1.978435 1.081215 1.902222 1.081215 1.902222 1.0285 1.978435 0.9230698 1.978435 0.9757848 1.902222 0.9757851 1.902222 0.9230701 1.978435 0.8176394 1.978435 0.8703544 1.902222 0.8703549 1.902222 0.8176397 1.978435 0.7122092 1.978435 0.7649243 1.902222 0.7649247 1.902222 0.7122095 1.978435 0.6067791 1.978435 0.6594942 1.902222 0.6594945 1.902222 0.6067793 1.978435 0.5013489 1.978435 0.5540639 1.902222 0.5540643 1.902222 0.5013492 1.978435 0.3959189 1.978435 0.4486338 1.902222 0.4486342 1.902222 0.395919 1.978435 0.2904886 1.978435 0.3432036 1.902222 0.343204 1.902222 0.2904888 1.978435 0.1850583 1.978435 0.2377735 1.902222 0.2377737 1.902222 0.1850585 1.978435 0.07962828 1.978435 0.1323433 1.902222 0.1323435 1.902222 0.07962846 1.978435 -0.02580189 1.978435 0.02691304 1.902222 0.02691328 1.902222 -0.02580171 1.978435 -0.131232 1.978435 -0.07851696 1.902222 -0.07851696 1.902222 -0.1312319 1.978435 -0.2366622 1.978435 -0.1839472 1.902222 -0.183947 1.902222 -0.2366622 1.978435 -0.3420925 1.978435 -0.2893774 1.902222 -0.2893772 1.902222 -0.3420925 1.978435 -0.4475226 1.978435 -0.3948075 1.902222 -0.3948075 1.902222 -0.4475225 1.978435 1.450221 1.978435 1.502935 1.902222 1.502936 1.902222 1.450221 -0.9784346 -0.1839469 0.4237871 -0.1839469 0.4237871 -0.1312317 -0.9784346 -0.1312317 -0.9784346 -0.1312317 0.4237871 -0.1312317 0.4237871 -0.0785166 -0.9784346 -0.0785166 -0.9784346 -0.0785166 0.4237871 -0.0785166 0.4237871 -0.02580153 -0.9784346 -0.02580153 -0.9784346 -0.02580153 0.4237871 -0.02580153 0.4237871 0.02691364 -0.9784346 0.02691364 -0.9784346 0.02691364 0.4237871 0.02691364 0.4237871 0.0796287 -0.9784346 0.0796287 -0.9784346 0.0796287 0.4237871 0.0796287 0.4237871 0.1323438 -0.9784346 0.1323438 -0.9784346 0.1323438 0.4237871 0.1323438 0.4237871 0.185059 -0.9784346 0.185059 -0.9784346 0.185059 0.4237871 0.185059 0.4237871 0.2377741 -0.9784346 0.2377741 -0.9784346 0.2377741 0.4237871 0.2377741 0.4237871 0.2904892 -0.9784346 0.2904892 -0.9784346 0.2904892 0.4237871 0.2904892 0.4237871 0.3432042 -0.9784346 0.3432042 -0.9784346 0.3432042 0.4237871 0.3432042 0.4237871 0.3959194 -0.9784346 0.3959194 -0.9784346 0.3959194 0.4237871 0.3959194 0.4237871 0.4486345 -0.9784346 0.4486345 -0.9784346 0.4486345 0.4237871 0.4486345 0.4237871 0.5013496 -0.9784346 0.5013496 -0.9784346 0.5013496 0.4237871 0.5013496 0.4237871 0.5540646 -0.9784346 0.5540646 -0.9784346 0.5540646 0.4237871 0.5540646 0.4237871 0.6067797 -0.9784346 0.6067797 -0.9784346 0.6067797 0.4237871 0.6067797 0.4237871 0.6594946 -0.9784346 0.6594946 -0.9784346 0.6594946 0.4237871 0.6594946 0.4237871 0.7122099 -0.9784346 0.7122099 -0.9784346 0.7122099 0.4237871 0.7122099 0.4237871 0.7649249 -0.9784346 0.7649249 -0.9784346 0.7649249 0.4237871 0.7649249 0.4237871 0.8176401 -0.9784346 0.8176401 -0.9784346 0.8176401 0.4237871 0.8176401 0.4237871 0.870355 -0.9784346 0.870355 -0.9784346 0.870355 0.4237871 0.870355 0.4237871 0.9230701 -0.9784346 0.9230701 -0.9784346 0.9230701 0.4237871 0.9230701 0.4237871 0.9757854 -0.9784346 0.9757854 -0.9784346 0.9757854 0.4237871 0.9757854 0.4237871 1.0285 -0.9784346 1.0285 -0.9784346 1.0285 0.4237871 1.0285 0.4237871 1.081215 -0.9784346 1.081215 -0.9784346 1.081215 0.4237871 1.081215 0.4237871 1.13393 -0.9784346 1.13393 -0.9784346 1.13393 0.4237871 1.13393 0.4237871 1.186645 -0.9784346 1.186645 -0.9784346 1.186645 0.4237871 1.186645 0.4237871 1.239361 -0.9784346 1.239361 -0.9784346 1.239361 0.4237871 1.239361 0.4237871 1.292076 -0.9784346 1.292076 -0.9784346 1.292076 0.4237871 1.292076 0.4237871 1.344791 -0.9784346 1.344791 -0.9784346 1.344791 0.4237871 1.344791 0.4237871 1.397506 -0.9784346 1.397506 -0.9784346 1.397506 0.4237871 1.397506 0.4237871 1.450221 -0.9784346 1.450221 1.826009 1.502936 1.826009 1.450221 1.902221 1.450221 1.902222 1.502936 1.826009 1.450221 1.826009 1.397506 1.902221 1.397506 1.902221 1.450221 1.826009 1.397506 1.826009 1.344791 1.902221 1.344791 1.902221 1.397506 1.826009 1.344791 1.826009 1.292076 1.902221 1.292076 1.902221 1.344791 1.826009 1.292076 1.826009 1.23936 1.902221 1.23936 1.902221 1.292076 1.826009 1.23936 1.826009 1.186645 1.902221 1.186645 1.902221 1.23936 1.826009 1.186645 1.826009 1.13393 1.902221 1.13393 1.902221 1.186645 1.826009 1.13393 1.826009 1.081215 1.902221 1.081215 1.902221 1.13393 1.826009 1.081215 1.826009 1.0285 1.902221 1.0285 1.902221 1.081215 1.826009 1.0285 1.826009 0.9757848 1.902221 0.9757848 1.902221 1.0285 1.826009 0.9757848 1.826009 0.9230698 1.902221 0.9230698 1.902221 0.9757848 1.826009 0.9230698 1.826009 0.8703545 1.902221 0.8703545 1.902221 0.9230698 1.826009 0.8703545 1.826009 0.8176394 1.902221 0.8176394 1.902221 0.8703545 1.826009 0.8176394 1.826009 0.7649243 1.902221 0.7649243 1.902221 0.8176394 1.826009 0.7649243 1.826009 0.7122092 1.902221 0.7122092 1.902221 0.7649243 1.826009 0.7122092 1.826009 0.6594944 1.902221 0.6594944 1.902221 0.7122092 1.826009 0.6594944 1.826009 0.6067791 1.902221 0.6067791 1.902221 0.6594944 1.826009 0.6067791 1.826009 0.5540639 1.902221 0.5540639 1.902221 0.6067791 1.826009 0.5540639 1.826009 0.5013489 1.902221 0.5013489 1.902221 0.5540639 1.826009 0.5013489 1.826009 0.4486338 1.902221 0.4486338 1.902221 0.5013489 1.826009 0.4486338 1.826009 0.3959189 1.902221 0.3959189 1.902221 0.4486338 1.826009 0.3959189 1.826009 0.3432037 1.902221 0.3432037 1.902221 0.3959189 1.826009 0.3432037 1.826009 0.2904886 1.902221 0.2904886 1.902221 0.3432037 1.826009 0.2904886 1.826009 0.2377735 1.902221 0.2377735 1.902221 0.2904886 1.826009 0.2377735 1.826009 0.1850584 1.902221 0.1850584 1.902221 0.2377735 1.826009 0.1850584 1.826009 0.1323433 1.902221 0.1323433 1.902221 0.1850584 1.826009 0.1323433 1.826009 0.07962828 1.902221 0.07962828 1.902221 0.1323433 1.826009 0.07962828 1.826009 0.02691316 1.902221 0.02691316 1.902221 0.07962828 1.826009 0.02691316 1.826009 -0.02580189 1.902221 -0.02580189 1.902221 0.02691316 1.826009 -0.02580189 1.826009 -0.07851696 1.902221 -0.07851696 1.902221 -0.02580189 1.826009 -0.07851696 1.826009 -0.131232 1.902221 -0.131232 1.902221 -0.07851696 1.826009 -0.131232 1.826009 -0.1839472 1.902221 -0.1839472 1.902221 -0.131232 1.826009 -0.1839472 1.826009 -0.2366622 1.902221 -0.2366622 1.902221 -0.1839472 1.826009 -0.2366622 1.826009 -0.2893773 1.902221 -0.2893773 1.902221 -0.2366622 1.826009 -0.2893773 1.826009 -0.3420923 1.902221 -0.3420923 1.902221 -0.2893773 1.826009 -0.3420923 1.826009 -0.3948074 1.902221 -0.3948074 1.902221 -0.3420923 1.826009 -0.3948074 1.826009 -0.4475226 1.902221 -0.4475226 1.902221 -0.3948074 1.826009 -0.4475226 1.826009 -0.5002377 1.902221 -0.5002377 1.902221 -0.4475226 -0.9784346 -0.2893772 0.4237871 -0.2893772 0.4237871 -0.236662 -0.9784346 -0.236662 1.826009 1.450221 0.4237871 1.450221 0.4237871 1.397506 1.826009 1.397506 -0.9784346 1.450221 0.4237871 1.450221 0.4237871 1.502936 -0.9784346 1.502936 1.978435 1.397506 1.978435 1.450221 1.902222 1.450221 1.902222 1.397506 1.978435 1.292075 1.978435 1.344791 1.902222 1.344791 1.902222 1.292076 1.978435 1.186645 1.978435 1.23936 1.902222 1.239361 1.902222 1.186645 1.978435 1.081215 1.978435 1.13393 1.902222 1.13393 1.902222 1.081215 1.978435 0.9757848 1.978435 1.0285 1.902222 1.0285 1.902222 0.9757851 1.978435 0.8703544 1.978435 0.9230698 1.902222 0.9230701 1.902222 0.8703549 1.978435 0.7649243 1.978435 0.8176394 1.902222 0.8176397 1.902222 0.7649247 1.978435 0.6594942 1.978435 0.7122092 1.902222 0.7122095 1.902222 0.6594945 1.978435 0.5540639 1.978435 0.6067791 1.902222 0.6067793 1.902222 0.5540643 1.978435 0.4486338 1.978435 0.5013489 1.902222 0.5013492 1.902222 0.4486342 1.978435 0.3432036 1.978435 0.3959189 1.902222 0.395919 1.902222 0.343204 1.978435 0.2377735 1.978435 0.2904886 1.902222 0.2904888 1.902222 0.2377737 1.978435 0.1323433 1.978435 0.1850583 1.902222 0.1850585 1.902222 0.1323435 1.978435 0.02691304 1.978435 0.07962828 1.902222 0.07962846 1.902222 0.02691328 1.978435 -0.07851696 1.978435 -0.02580189 1.902222 -0.02580171 1.902222 -0.07851696 1.978435 -0.1839472 1.978435 -0.131232 1.902222 -0.1312319 1.902222 -0.183947 1.978435 -0.2893774 1.978435 -0.2366622 1.902222 -0.2366622 1.902222 -0.2893772 1.978435 -0.3948075 1.978435 -0.3420925 1.902222 -0.3420925 1.902222 -0.3948075 1.978435 -0.5002377 1.978435 -0.4475226 1.902222 -0.4475225 1.902222 -0.5002377 1.826009 -0.4475225 0.4237871 -0.4475225 0.4237871 -0.5002377 1.826009 -0.5002377 -0.9784346 -0.236662 0.4237871 -0.236662 0.4237871 -0.1839469 -0.9784346 -0.1839469 -0.9784346 -0.3948074 0.4237871 -0.3948074 0.4237871 -0.3420923 -0.9784346 -0.3420923 -0.9784346 -0.5002377 0.4237871 -0.5002369 0.4237871 -0.4475225 -0.9784346 -0.4475225 1.826009 -0.3420923 0.4237871 -0.3420925 0.4237871 -0.3948075 1.826009 -0.3948074 1.826009 -0.236662 0.4237871 -0.2366622 0.4237871 -0.2893774 1.826009 -0.2893772 1.826009 -0.1312317 0.4237871 -0.1312321 0.4237871 -0.1839472 1.826009 -0.1839469 1.826009 -0.02580153 0.4237871 -0.02580189 0.4237871 -0.07851701 1.826009 -0.0785166 1.826009 0.0796287 0.4237871 0.07962828 0.4237871 0.02691328 1.826009 0.02691364 1.826009 0.185059 0.4237871 0.1850585 0.4237871 0.1323435 1.826009 0.1323438 1.826009 0.2904892 0.4237871 0.2904888 0.4237871 0.2377737 1.826009 0.2377741 1.826009 0.3959194 0.4237871 0.3959192 0.4237871 0.343204 1.826009 0.3432042 1.826009 0.5013496 0.4237871 0.5013492 0.4237871 0.4486342 1.826009 0.4486345 1.826009 0.6067797 0.4237871 0.6067793 0.4237871 0.5540643 1.826009 0.5540646 1.826009 0.7122099 0.4237871 0.7122097 0.4237871 0.6594945 1.826009 0.6594946 1.826009 0.8176401 0.4237871 0.8176397 0.4237871 0.7649247 1.826009 0.7649249 1.826009 0.9230701 0.4237871 0.92307 0.4237871 0.8703548 1.826009 0.870355 1.826009 1.0285 0.4237871 1.0285 0.4237871 0.975785 1.826009 0.9757854 1.826009 1.13393 0.4237871 1.13393 0.4237871 1.081215 1.826009 1.081215 1.826009 1.239361 0.4237871 1.239361 0.4237871 1.186645 1.826009 1.186645 1.826009 1.344791 0.4237871 1.344791 0.4237871 1.292076 1.826009 1.292076 1.826009 1.397506 0.4237871 1.397506 0.4237871 1.344791 1.826009 1.344791 1.826009 1.292076 0.4237871 1.292076 0.4237871 1.239361 1.826009 1.239361 1.826009 1.186645 0.4237871 1.186645 0.4237871 1.13393 1.826009 1.13393 1.826009 1.081215 0.4237871 1.081215 0.4237871 1.0285 1.826009 1.0285 1.826009 0.9757854 0.4237871 0.975785 0.4237871 0.92307 1.826009 0.9230701 1.826009 0.870355 0.4237871 0.8703548 0.4237871 0.8176397 1.826009 0.8176401 1.826009 0.7649249 0.4237871 0.7649247 0.4237871 0.7122097 1.826009 0.7122099 1.826009 0.6594946 0.4237871 0.6594945 0.4237871 0.6067793 1.826009 0.6067797 1.826009 0.5540646 0.4237871 0.5540643 0.4237871 0.5013492 1.826009 0.5013496 1.826009 0.4486345 0.4237871 0.4486342 0.4237871 0.3959192 1.826009 0.3959194 1.826009 0.3432042 0.4237871 0.343204 0.4237871 0.2904888 1.826009 0.2904892 1.826009 0.2377741 0.4237871 0.2377737 0.4237871 0.1850585 1.826009 0.185059 1.826009 0.1323438 0.4237871 0.1323435 0.4237871 0.07962828 1.826009 0.0796287 1.826009 0.02691364 0.4237871 0.02691328 0.4237871 -0.02580189 1.826009 -0.02580153 1.826009 -0.0785166 0.4237871 -0.07851701 0.4237871 -0.1312321 1.826009 -0.1312317 1.826009 -0.1839469 0.4237871 -0.1839472 0.4237871 -0.2366622 1.826009 -0.236662 1.826009 -0.2893772 0.4237871 -0.2893774 0.4237871 -0.3420925 1.826009 -0.3420923 1.826009 -0.3948074 0.4237871 -0.3948075 0.4237871 -0.4475225 1.826009 -0.4475225 -0.9784346 -0.4475225 0.4237871 -0.4475225 0.4237871 -0.3948074 -0.9784346 -0.3948074 -0.9784346 -0.3420923 0.4237871 -0.3420923 0.4237871 -0.2893772 -0.9784346 -0.2893772 1.826009 1.502936 0.4237871 1.502936 0.4237871 1.450221 1.826009 1.450221 1.978435 1.344791 1.978435 1.397506 1.902222 1.397506 1.902222 1.344791 1.978435 1.23936 1.978435 1.292075 1.902222 1.292076 1.902222 1.239361 1.978435 1.13393 1.978435 1.186645 1.902222 1.186645 1.902222 1.13393 1.978435 1.0285 1.978435 1.081215 1.902222 1.081215 1.902222 1.0285 1.978435 0.9230698 1.978435 0.9757848 1.902222 0.9757851 1.902222 0.9230701 1.978435 0.8176394 1.978435 0.8703544 1.902222 0.8703549 1.902222 0.8176397 1.978435 0.7122092 1.978435 0.7649243 1.902222 0.7649247 1.902222 0.7122095 1.978435 0.6067791 1.978435 0.6594942 1.902222 0.6594945 1.902222 0.6067793 1.978435 0.5013489 1.978435 0.5540639 1.902222 0.5540643 1.902222 0.5013492 1.978435 0.3959189 1.978435 0.4486338 1.902222 0.4486342 1.902222 0.395919 1.978435 0.2904886 1.978435 0.3432036 1.902222 0.343204 1.902222 0.2904888 1.978435 0.1850583 1.978435 0.2377735 1.902222 0.2377737 1.902222 0.1850585 1.978435 0.07962828 1.978435 0.1323433 1.902222 0.1323435 1.902222 0.07962846 1.978435 -0.02580189 1.978435 0.02691304 1.902222 0.02691328 1.902222 -0.02580171 1.978435 -0.131232 1.978435 -0.07851696 1.902222 -0.07851696 1.902222 -0.1312319 1.978435 -0.2366622 1.978435 -0.1839472 1.902222 -0.183947 1.902222 -0.2366622 1.978435 -0.3420925 1.978435 -0.2893774 1.902222 -0.2893772 1.902222 -0.3420925 1.978435 -0.4475226 1.978435 -0.3948075 1.902222 -0.3948075 1.902222 -0.4475225 1.978435 1.450221 1.978435 1.502935 1.902222 1.502936 1.902222 1.450221 -0.9784346 -0.1839469 0.4237871 -0.1839469 0.4237871 -0.1312317 -0.9784346 -0.1312317 -0.9784346 -0.1312317 0.4237871 -0.1312317 0.4237871 -0.0785166 -0.9784346 -0.0785166 -0.9784346 -0.0785166 0.4237871 -0.0785166 0.4237871 -0.02580153 -0.9784346 -0.02580153 -0.9784346 -0.02580153 0.4237871 -0.02580153 0.4237871 0.02691364 -0.9784346 0.02691364 -0.9784346 0.02691364 0.4237871 0.02691364 0.4237871 0.0796287 -0.9784346 0.0796287 -0.9784346 0.0796287 0.4237871 0.0796287 0.4237871 0.1323438 -0.9784346 0.1323438 -0.9784346 0.1323438 0.4237871 0.1323438 0.4237871 0.185059 -0.9784346 0.185059 -0.9784346 0.185059 0.4237871 0.185059 0.4237871 0.2377741 -0.9784346 0.2377741 -0.9784346 0.2377741 0.4237871 0.2377741 0.4237871 0.2904892 -0.9784346 0.2904892 -0.9784346 0.2904892 0.4237871 0.2904892 0.4237871 0.3432042 -0.9784346 0.3432042 -0.9784346 0.3432042 0.4237871 0.3432042 0.4237871 0.3959194 -0.9784346 0.3959194 -0.9784346 0.3959194 0.4237871 0.3959194 0.4237871 0.4486345 -0.9784346 0.4486345 -0.9784346 0.4486345 0.4237871 0.4486345 0.4237871 0.5013496 -0.9784346 0.5013496 -0.9784346 0.5013496 0.4237871 0.5013496 0.4237871 0.5540646 -0.9784346 0.5540646 -0.9784346 0.5540646 0.4237871 0.5540646 0.4237871 0.6067797 -0.9784346 0.6067797 -0.9784346 0.6067797 0.4237871 0.6067797 0.4237871 0.6594946 -0.9784346 0.6594946 -0.9784346 0.6594946 0.4237871 0.6594946 0.4237871 0.7122099 -0.9784346 0.7122099 -0.9784346 0.7122099 0.4237871 0.7122099 0.4237871 0.7649249 -0.9784346 0.7649249 -0.9784346 0.7649249 0.4237871 0.7649249 0.4237871 0.8176401 -0.9784346 0.8176401 -0.9784346 0.8176401 0.4237871 0.8176401 0.4237871 0.870355 -0.9784346 0.870355 -0.9784346 0.870355 0.4237871 0.870355 0.4237871 0.9230701 -0.9784346 0.9230701 -0.9784346 0.9230701 0.4237871 0.9230701 0.4237871 0.9757854 -0.9784346 0.9757854 -0.9784346 0.9757854 0.4237871 0.9757854 0.4237871 1.0285 -0.9784346 1.0285 -0.9784346 1.0285 0.4237871 1.0285 0.4237871 1.081215 -0.9784346 1.081215 -0.9784346 1.081215 0.4237871 1.081215 0.4237871 1.13393 -0.9784346 1.13393 -0.9784346 1.13393 0.4237871 1.13393 0.4237871 1.186645 -0.9784346 1.186645 -0.9784346 1.186645 0.4237871 1.186645 0.4237871 1.239361 -0.9784346 1.239361 -0.9784346 1.239361 0.4237871 1.239361 0.4237871 1.292076 -0.9784346 1.292076 -0.9784346 1.292076 0.4237871 1.292076 0.4237871 1.344791 -0.9784346 1.344791 -0.9784346 1.344791 0.4237871 1.344791 0.4237871 1.397506 -0.9784346 1.397506 -0.9784346 1.397506 0.4237871 1.397506 0.4237871 1.450221 -0.9784346 1.450221 1.826009 1.502936 1.826009 1.450221 1.902221 1.450221 1.902222 1.502936 1.826009 1.450221 1.826009 1.397506 1.902221 1.397506 1.902221 1.450221 1.826009 1.397506 1.826009 1.344791 1.902221 1.344791 1.902221 1.397506 1.826009 1.344791 1.826009 1.292076 1.902221 1.292076 1.902221 1.344791 1.826009 1.292076 1.826009 1.23936 1.902221 1.23936 1.902221 1.292076 1.826009 1.23936 1.826009 1.186645 1.902221 1.186645 1.902221 1.23936 1.826009 1.186645 1.826009 1.13393 1.902221 1.13393 1.902221 1.186645 1.826009 1.13393 1.826009 1.081215 1.902221 1.081215 1.902221 1.13393 1.826009 1.081215 1.826009 1.0285 1.902221 1.0285 1.902221 1.081215 1.826009 1.0285 1.826009 0.9757848 1.902221 0.9757848 1.902221 1.0285 1.826009 0.9757848 1.826009 0.9230698 1.902221 0.9230698 1.902221 0.9757848 1.826009 0.9230698 1.826009 0.8703545 1.902221 0.8703545 1.902221 0.9230698 1.826009 0.8703545 1.826009 0.8176394 1.902221 0.8176394 1.902221 0.8703545 1.826009 0.8176394 1.826009 0.7649243 1.902221 0.7649243 1.902221 0.8176394 1.826009 0.7649243 1.826009 0.7122092 1.902221 0.7122092 1.902221 0.7649243 1.826009 0.7122092 1.826009 0.6594944 1.902221 0.6594944 1.902221 0.7122092 1.826009 0.6594944 1.826009 0.6067791 1.902221 0.6067791 1.902221 0.6594944 1.826009 0.6067791 1.826009 0.5540639 1.902221 0.5540639 1.902221 0.6067791 1.826009 0.5540639 1.826009 0.5013489 1.902221 0.5013489 1.902221 0.5540639 1.826009 0.5013489 1.826009 0.4486338 1.902221 0.4486338 1.902221 0.5013489 1.826009 0.4486338 1.826009 0.3959189 1.902221 0.3959189 1.902221 0.4486338 1.826009 0.3959189 1.826009 0.3432037 1.902221 0.3432037 1.902221 0.3959189 1.826009 0.3432037 1.826009 0.2904886 1.902221 0.2904886 1.902221 0.3432037 1.826009 0.2904886 1.826009 0.2377735 1.902221 0.2377735 1.902221 0.2904886 1.826009 0.2377735 1.826009 0.1850584 1.902221 0.1850584 1.902221 0.2377735 1.826009 0.1850584 1.826009 0.1323433 1.902221 0.1323433 1.902221 0.1850584 1.826009 0.1323433 1.826009 0.07962828 1.902221 0.07962828 1.902221 0.1323433 1.826009 0.07962828 1.826009 0.02691316 1.902221 0.02691316 1.902221 0.07962828 1.826009 0.02691316 1.826009 -0.02580189 1.902221 -0.02580189 1.902221 0.02691316 1.826009 -0.02580189 1.826009 -0.07851696 1.902221 -0.07851696 1.902221 -0.02580189 1.826009 -0.07851696 1.826009 -0.131232 1.902221 -0.131232 1.902221 -0.07851696 1.826009 -0.131232 1.826009 -0.1839472 1.902221 -0.1839472 1.902221 -0.131232 1.826009 -0.1839472 1.826009 -0.2366622 1.902221 -0.2366622 1.902221 -0.1839472 1.826009 -0.2366622 1.826009 -0.2893773 1.902221 -0.2893773 1.902221 -0.2366622 1.826009 -0.2893773 1.826009 -0.3420923 1.902221 -0.3420923 1.902221 -0.2893773 1.826009 -0.3420923 1.826009 -0.3948074 1.902221 -0.3948074 1.902221 -0.3420923 1.826009 -0.3948074 1.826009 -0.4475226 1.902221 -0.4475226 1.902221 -0.3948074 1.826009 -0.4475226 1.826009 -0.5002377 1.902221 -0.5002377 1.902221 -0.4475226 -0.9784346 -0.2893772 0.4237871 -0.2893772 0.4237871 -0.236662 -0.9784346 -0.236662 1.826009 1.450221 0.4237871 1.450221 0.4237871 1.397506 1.826009 1.397506 -0.9784346 1.450221 0.4237871 1.450221 0.4237871 1.502936 -0.9784346 1.502936 1.978435 1.397506 1.978435 1.450221 1.902222 1.450221 1.902222 1.397506 1.978435 1.292075 1.978435 1.344791 1.902222 1.344791 1.902222 1.292076 1.978435 1.186645 1.978435 1.23936 1.902222 1.239361 1.902222 1.186645 1.978435 1.081215 1.978435 1.13393 1.902222 1.13393 1.902222 1.081215 1.978435 0.9757848 1.978435 1.0285 1.902222 1.0285 1.902222 0.9757851 1.978435 0.8703544 1.978435 0.9230698 1.902222 0.9230701 1.902222 0.8703549 1.978435 0.7649243 1.978435 0.8176394 1.902222 0.8176397 1.902222 0.7649247 1.978435 0.6594942 1.978435 0.7122092 1.902222 0.7122095 1.902222 0.6594945 1.978435 0.5540639 1.978435 0.6067791 1.902222 0.6067793 1.902222 0.5540643 1.978435 0.4486338 1.978435 0.5013489 1.902222 0.5013492 1.902222 0.4486342 1.978435 0.3432036 1.978435 0.3959189 1.902222 0.395919 1.902222 0.343204 1.978435 0.2377735 1.978435 0.2904886 1.902222 0.2904888 1.902222 0.2377737 1.978435 0.1323433 1.978435 0.1850583 1.902222 0.1850585 1.902222 0.1323435 1.978435 0.02691304 1.978435 0.07962828 1.902222 0.07962846 1.902222 0.02691328 1.978435 -0.07851696 1.978435 -0.02580189 1.902222 -0.02580171 1.902222 -0.07851696 1.978435 -0.1839472 1.978435 -0.131232 1.902222 -0.1312319 1.902222 -0.183947 1.978435 -0.2893774 1.978435 -0.2366622 1.902222 -0.2366622 1.902222 -0.2893772 1.978435 -0.3948075 1.978435 -0.3420925 1.902222 -0.3420925 1.902222 -0.3948075 1.978435 -0.5002377 1.978435 -0.4475226 1.902222 -0.4475225 1.902222 -0.5002377 1.826009 -0.4475225 0.4237871 -0.4475225 0.4237871 -0.5002377 1.826009 -0.5002377 -0.9784346 -0.236662 0.4237871 -0.236662 0.4237871 -0.1839469 -0.9784346 -0.1839469 -0.9784346 -0.3948074 0.4237871 -0.3948074 0.4237871 -0.3420923 -0.9784346 -0.3420923 -0.9784346 -0.5002377 0.4237871 -0.5002369 0.4237871 -0.4475225 -0.9784346 -0.4475225 1.826009 -0.3420923 0.4237871 -0.3420925 0.4237871 -0.3948075 1.826009 -0.3948074 1.826009 -0.236662 0.4237871 -0.2366622 0.4237871 -0.2893774 1.826009 -0.2893772 1.826009 -0.1312317 0.4237871 -0.1312321 0.4237871 -0.1839472 1.826009 -0.1839469 1.826009 -0.02580153 0.4237871 -0.02580189 0.4237871 -0.07851701 1.826009 -0.0785166 1.826009 0.0796287 0.4237871 0.07962828 0.4237871 0.02691328 1.826009 0.02691364 1.826009 0.185059 0.4237871 0.1850585 0.4237871 0.1323435 1.826009 0.1323438 1.826009 0.2904892 0.4237871 0.2904888 0.4237871 0.2377737 1.826009 0.2377741 1.826009 0.3959194 0.4237871 0.3959192 0.4237871 0.343204 1.826009 0.3432042 1.826009 0.5013496 0.4237871 0.5013492 0.4237871 0.4486342 1.826009 0.4486345 1.826009 0.6067797 0.4237871 0.6067793 0.4237871 0.5540643 1.826009 0.5540646 1.826009 0.7122099 0.4237871 0.7122097 0.4237871 0.6594945 1.826009 0.6594946 1.826009 0.8176401 0.4237871 0.8176397 0.4237871 0.7649247 1.826009 0.7649249 1.826009 0.9230701 0.4237871 0.92307 0.4237871 0.8703548 1.826009 0.870355 1.826009 1.0285 0.4237871 1.0285 0.4237871 0.975785 1.826009 0.9757854 1.826009 1.13393 0.4237871 1.13393 0.4237871 1.081215 1.826009 1.081215 1.826009 1.239361 0.4237871 1.239361 0.4237871 1.186645 1.826009 1.186645 1.826009 1.344791 0.4237871 1.344791 0.4237871 1.292076 1.826009 1.292076 1.826009 1.397506 0.4237871 1.397506 0.4237871 1.344791 1.826009 1.344791 1.826009 1.292076 0.4237871 1.292076 0.4237871 1.239361 1.826009 1.239361 1.826009 1.186645 0.4237871 1.186645 0.4237871 1.13393 1.826009 1.13393 1.826009 1.081215 0.4237871 1.081215 0.4237871 1.0285 1.826009 1.0285 1.826009 0.9757854 0.4237871 0.975785 0.4237871 0.92307 1.826009 0.9230701 1.826009 0.870355 0.4237871 0.8703548 0.4237871 0.8176397 1.826009 0.8176401 1.826009 0.7649249 0.4237871 0.7649247 0.4237871 0.7122097 1.826009 0.7122099 1.826009 0.6594946 0.4237871 0.6594945 0.4237871 0.6067793 1.826009 0.6067797 1.826009 0.5540646 0.4237871 0.5540643 0.4237871 0.5013492 1.826009 0.5013496 1.826009 0.4486345 0.4237871 0.4486342 0.4237871 0.3959192 1.826009 0.3959194 1.826009 0.3432042 0.4237871 0.343204 0.4237871 0.2904888 1.826009 0.2904892 1.826009 0.2377741 0.4237871 0.2377737 0.4237871 0.1850585 1.826009 0.185059 1.826009 0.1323438 0.4237871 0.1323435 0.4237871 0.07962828 1.826009 0.0796287 1.826009 0.02691364 0.4237871 0.02691328 0.4237871 -0.02580189 1.826009 -0.02580153 1.826009 -0.0785166 0.4237871 -0.07851701 0.4237871 -0.1312321 1.826009 -0.1312317 1.826009 -0.1839469 0.4237871 -0.1839472 0.4237871 -0.2366622 1.826009 -0.236662 1.826009 -0.2893772 0.4237871 -0.2893774 0.4237871 -0.3420925 1.826009 -0.3420923 1.826009 -0.3948074 0.4237871 -0.3948075 0.4237871 -0.4475225 1.826009 -0.4475225 -0.9784346 -0.4475225 0.4237871 -0.4475225 0.4237871 -0.3948074 -0.9784346 -0.3948074 -0.9784346 -0.3420923 0.4237871 -0.3420923 0.4237871 -0.2893772 -0.9784346 -0.2893772 1.826009 1.502936 0.4237871 1.502936 0.4237871 1.450221 1.826009 1.450221 1.978435 1.344791 1.978435 1.397506 1.902222 1.397506 1.902222 1.344791 1.978435 1.23936 1.978435 1.292075 1.902222 1.292076 1.902222 1.239361 1.978435 1.13393 1.978435 1.186645 1.902222 1.186645 1.902222 1.13393 1.978435 1.0285 1.978435 1.081215 1.902222 1.081215 1.902222 1.0285 1.978435 0.9230698 1.978435 0.9757848 1.902222 0.9757851 1.902222 0.9230701 1.978435 0.8176394 1.978435 0.8703544 1.902222 0.8703549 1.902222 0.8176397 1.978435 0.7122092 1.978435 0.7649243 1.902222 0.7649247 1.902222 0.7122095 1.978435 0.6067791 1.978435 0.6594942 1.902222 0.6594945 1.902222 0.6067793 1.978435 0.5013489 1.978435 0.5540639 1.902222 0.5540643 1.902222 0.5013492 1.978435 0.3959189 1.978435 0.4486338 1.902222 0.4486342 1.902222 0.395919 1.978435 0.2904886 1.978435 0.3432036 1.902222 0.343204 1.902222 0.2904888 1.978435 0.1850583 1.978435 0.2377735 1.902222 0.2377737 1.902222 0.1850585 1.978435 0.07962828 1.978435 0.1323433 1.902222 0.1323435 1.902222 0.07962846 1.978435 -0.02580189 1.978435 0.02691304 1.902222 0.02691328 1.902222 -0.02580171 1.978435 -0.131232 1.978435 -0.07851696 1.902222 -0.07851696 1.902222 -0.1312319 1.978435 -0.2366622 1.978435 -0.1839472 1.902222 -0.183947 1.902222 -0.2366622 1.978435 -0.3420925 1.978435 -0.2893774 1.902222 -0.2893772 1.902222 -0.3420925 1.978435 -0.4475226 1.978435 -0.3948075 1.902222 -0.3948075 1.902222 -0.4475225 1.978435 1.450221 1.978435 1.502935 1.902222 1.502936 1.902222 1.450221 -0.9784346 -0.1839469 0.4237871 -0.1839469 0.4237871 -0.1312317 -0.9784346 -0.1312317 -0.9784346 -0.1312317 0.4237871 -0.1312317 0.4237871 -0.0785166 -0.9784346 -0.0785166 -0.9784346 -0.0785166 0.4237871 -0.0785166 0.4237871 -0.02580153 -0.9784346 -0.02580153 -0.9784346 -0.02580153 0.4237871 -0.02580153 0.4237871 0.02691364 -0.9784346 0.02691364 -0.9784346 0.02691364 0.4237871 0.02691364 0.4237871 0.0796287 -0.9784346 0.0796287 -0.9784346 0.0796287 0.4237871 0.0796287 0.4237871 0.1323438 -0.9784346 0.1323438 -0.9784346 0.1323438 0.4237871 0.1323438 0.4237871 0.185059 -0.9784346 0.185059 -0.9784346 0.185059 0.4237871 0.185059 0.4237871 0.2377741 -0.9784346 0.2377741 -0.9784346 0.2377741 0.4237871 0.2377741 0.4237871 0.2904892 -0.9784346 0.2904892 -0.9784346 0.2904892 0.4237871 0.2904892 0.4237871 0.3432042 -0.9784346 0.3432042 -0.9784346 0.3432042 0.4237871 0.3432042 0.4237871 0.3959194 -0.9784346 0.3959194 -0.9784346 0.3959194 0.4237871 0.3959194 0.4237871 0.4486345 -0.9784346 0.4486345 -0.9784346 0.4486345 0.4237871 0.4486345 0.4237871 0.5013496 -0.9784346 0.5013496 -0.9784346 0.5013496 0.4237871 0.5013496 0.4237871 0.5540646 -0.9784346 0.5540646 -0.9784346 0.5540646 0.4237871 0.5540646 0.4237871 0.6067797 -0.9784346 0.6067797 -0.9784346 0.6067797 0.4237871 0.6067797 0.4237871 0.6594946 -0.9784346 0.6594946 -0.9784346 0.6594946 0.4237871 0.6594946 0.4237871 0.7122099 -0.9784346 0.7122099 -0.9784346 0.7122099 0.4237871 0.7122099 0.4237871 0.7649249 -0.9784346 0.7649249 -0.9784346 0.7649249 0.4237871 0.7649249 0.4237871 0.8176401 -0.9784346 0.8176401 -0.9784346 0.8176401 0.4237871 0.8176401 0.4237871 0.870355 -0.9784346 0.870355 -0.9784346 0.870355 0.4237871 0.870355 0.4237871 0.9230701 -0.9784346 0.9230701 -0.9784346 0.9230701 0.4237871 0.9230701 0.4237871 0.9757854 -0.9784346 0.9757854 -0.9784346 0.9757854 0.4237871 0.9757854 0.4237871 1.0285 -0.9784346 1.0285 -0.9784346 1.0285 0.4237871 1.0285 0.4237871 1.081215 -0.9784346 1.081215 -0.9784346 1.081215 0.4237871 1.081215 0.4237871 1.13393 -0.9784346 1.13393 -0.9784346 1.13393 0.4237871 1.13393 0.4237871 1.186645 -0.9784346 1.186645 -0.9784346 1.186645 0.4237871 1.186645 0.4237871 1.239361 -0.9784346 1.239361 -0.9784346 1.239361 0.4237871 1.239361 0.4237871 1.292076 -0.9784346 1.292076 -0.9784346 1.292076 0.4237871 1.292076 0.4237871 1.344791 -0.9784346 1.344791 -0.9784346 1.344791 0.4237871 1.344791 0.4237871 1.397506 -0.9784346 1.397506 -0.9784346 1.397506 0.4237871 1.397506 0.4237871 1.450221 -0.9784346 1.450221 1.826009 1.502936 1.826009 1.450221 1.902221 1.450221 1.902222 1.502936 1.826009 1.450221 1.826009 1.397506 1.902221 1.397506 1.902221 1.450221 1.826009 1.397506 1.826009 1.344791 1.902221 1.344791 1.902221 1.397506 1.826009 1.344791 1.826009 1.292076 1.902221 1.292076 1.902221 1.344791 1.826009 1.292076 1.826009 1.23936 1.902221 1.23936 1.902221 1.292076 1.826009 1.23936 1.826009 1.186645 1.902221 1.186645 1.902221 1.23936 1.826009 1.186645 1.826009 1.13393 1.902221 1.13393 1.902221 1.186645 1.826009 1.13393 1.826009 1.081215 1.902221 1.081215 1.902221 1.13393 1.826009 1.081215 1.826009 1.0285 1.902221 1.0285 1.902221 1.081215 1.826009 1.0285 1.826009 0.9757848 1.902221 0.9757848 1.902221 1.0285 1.826009 0.9757848 1.826009 0.9230698 1.902221 0.9230698 1.902221 0.9757848 1.826009 0.9230698 1.826009 0.8703545 1.902221 0.8703545 1.902221 0.9230698 1.826009 0.8703545 1.826009 0.8176394 1.902221 0.8176394 1.902221 0.8703545 1.826009 0.8176394 1.826009 0.7649243 1.902221 0.7649243 1.902221 0.8176394 1.826009 0.7649243 1.826009 0.7122092 1.902221 0.7122092 1.902221 0.7649243 1.826009 0.7122092 1.826009 0.6594944 1.902221 0.6594944 1.902221 0.7122092 1.826009 0.6594944 1.826009 0.6067791 1.902221 0.6067791 1.902221 0.6594944 1.826009 0.6067791 1.826009 0.5540639 1.902221 0.5540639 1.902221 0.6067791 1.826009 0.5540639 1.826009 0.5013489 1.902221 0.5013489 1.902221 0.5540639 1.826009 0.5013489 1.826009 0.4486338 1.902221 0.4486338 1.902221 0.5013489 1.826009 0.4486338 1.826009 0.3959189 1.902221 0.3959189 1.902221 0.4486338 1.826009 0.3959189 1.826009 0.3432037 1.902221 0.3432037 1.902221 0.3959189 1.826009 0.3432037 1.826009 0.2904886 1.902221 0.2904886 1.902221 0.3432037 1.826009 0.2904886 1.826009 0.2377735 1.902221 0.2377735 1.902221 0.2904886 1.826009 0.2377735 1.826009 0.1850584 1.902221 0.1850584 1.902221 0.2377735 1.826009 0.1850584 1.826009 0.1323433 1.902221 0.1323433 1.902221 0.1850584 1.826009 0.1323433 1.826009 0.07962828 1.902221 0.07962828 1.902221 0.1323433 1.826009 0.07962828 1.826009 0.02691316 1.902221 0.02691316 1.902221 0.07962828 1.826009 0.02691316 1.826009 -0.02580189 1.902221 -0.02580189 1.902221 0.02691316 1.826009 -0.02580189 1.826009 -0.07851696 1.902221 -0.07851696 1.902221 -0.02580189 1.826009 -0.07851696 1.826009 -0.131232 1.902221 -0.131232 1.902221 -0.07851696 1.826009 -0.131232 1.826009 -0.1839472 1.902221 -0.1839472 1.902221 -0.131232 1.826009 -0.1839472 1.826009 -0.2366622 1.902221 -0.2366622 1.902221 -0.1839472 1.826009 -0.2366622 1.826009 -0.2893773 1.902221 -0.2893773 1.902221 -0.2366622 1.826009 -0.2893773 1.826009 -0.3420923 1.902221 -0.3420923 1.902221 -0.2893773 1.826009 -0.3420923 1.826009 -0.3948074 1.902221 -0.3948074 1.902221 -0.3420923 1.826009 -0.3948074 1.826009 -0.4475226 1.902221 -0.4475226 1.902221 -0.3948074 1.826009 -0.4475226 1.826009 -0.5002377 1.902221 -0.5002377 1.902221 -0.4475226 -0.9784346 -0.2893772 0.4237871 -0.2893772 0.4237871 -0.236662 -0.9784346 -0.236662 1.826009 1.450221 0.4237871 1.450221 0.4237871 1.397506 1.826009 1.397506 -0.9784346 1.450221 0.4237871 1.450221 0.4237871 1.502936 -0.9784346 1.502936 1.978435 1.397506 1.978435 1.450221 1.902222 1.450221 1.902222 1.397506 1.978435 1.292075 1.978435 1.344791 1.902222 1.344791 1.902222 1.292076 1.978435 1.186645 1.978435 1.23936 1.902222 1.239361 1.902222 1.186645 1.978435 1.081215 1.978435 1.13393 1.902222 1.13393 1.902222 1.081215 1.978435 0.9757848 1.978435 1.0285 1.902222 1.0285 1.902222 0.9757851 1.978435 0.8703544 1.978435 0.9230698 1.902222 0.9230701 1.902222 0.8703549 1.978435 0.7649243 1.978435 0.8176394 1.902222 0.8176397 1.902222 0.7649247 1.978435 0.6594942 1.978435 0.7122092 1.902222 0.7122095 1.902222 0.6594945 1.978435 0.5540639 1.978435 0.6067791 1.902222 0.6067793 1.902222 0.5540643 1.978435 0.4486338 1.978435 0.5013489 1.902222 0.5013492 1.902222 0.4486342 1.978435 0.3432036 1.978435 0.3959189 1.902222 0.395919 1.902222 0.343204 1.978435 0.2377735 1.978435 0.2904886 1.902222 0.2904888 1.902222 0.2377737 1.978435 0.1323433 1.978435 0.1850583 1.902222 0.1850585 1.902222 0.1323435 1.978435 0.02691304 1.978435 0.07962828 1.902222 0.07962846 1.902222 0.02691328 1.978435 -0.07851696 1.978435 -0.02580189 1.902222 -0.02580171 1.902222 -0.07851696 1.978435 -0.1839472 1.978435 -0.131232 1.902222 -0.1312319 1.902222 -0.183947 1.978435 -0.2893774 1.978435 -0.2366622 1.902222 -0.2366622 1.902222 -0.2893772 1.978435 -0.3948075 1.978435 -0.3420925 1.902222 -0.3420925 1.902222 -0.3948075 1.978435 -0.5002377 1.978435 -0.4475226 1.902222 -0.4475225 1.902222 -0.5002377 1.826009 -0.4475225 0.4237871 -0.4475225 0.4237871 -0.5002377 1.826009 -0.5002377 -0.9784346 -0.236662 0.4237871 -0.236662 0.4237871 -0.1839469 -0.9784346 -0.1839469 -0.9784346 -0.3948074 0.4237871 -0.3948074 0.4237871 -0.3420923 -0.9784346 -0.3420923 -0.9784346 -0.5002377 0.4237871 -0.5002369 0.4237871 -0.4475225 -0.9784346 -0.4475225 1.826009 -0.3420923 0.4237871 -0.3420925 0.4237871 -0.3948075 1.826009 -0.3948074 1.826009 -0.236662 0.4237871 -0.2366622 0.4237871 -0.2893774 1.826009 -0.2893772 1.826009 -0.1312317 0.4237871 -0.1312321 0.4237871 -0.1839472 1.826009 -0.1839469 1.826009 -0.02580153 0.4237871 -0.02580189 0.4237871 -0.07851701 1.826009 -0.0785166 1.826009 0.0796287 0.4237871 0.07962828 0.4237871 0.02691328 1.826009 0.02691364 1.826009 0.185059 0.4237871 0.1850585 0.4237871 0.1323435 1.826009 0.1323438 1.826009 0.2904892 0.4237871 0.2904888 0.4237871 0.2377737 1.826009 0.2377741 1.826009 0.3959194 0.4237871 0.3959192 0.4237871 0.343204 1.826009 0.3432042 1.826009 0.5013496 0.4237871 0.5013492 0.4237871 0.4486342 1.826009 0.4486345 1.826009 0.6067797 0.4237871 0.6067793 0.4237871 0.5540643 1.826009 0.5540646 1.826009 0.7122099 0.4237871 0.7122097 0.4237871 0.6594945 1.826009 0.6594946 1.826009 0.8176401 0.4237871 0.8176397 0.4237871 0.7649247 1.826009 0.7649249 1.826009 0.9230701 0.4237871 0.92307 0.4237871 0.8703548 1.826009 0.870355 1.826009 1.0285 0.4237871 1.0285 0.4237871 0.975785 1.826009 0.9757854 1.826009 1.13393 0.4237871 1.13393 0.4237871 1.081215 1.826009 1.081215 1.826009 1.239361 0.4237871 1.239361 0.4237871 1.186645 1.826009 1.186645 1.826009 1.344791 0.4237871 1.344791 0.4237871 1.292076 1.826009 1.292076 1.826009 1.397506 0.4237871 1.397506 0.4237871 1.344791 1.826009 1.344791 1.826009 1.292076 0.4237871 1.292076 0.4237871 1.239361 1.826009 1.239361 1.826009 1.186645 0.4237871 1.186645 0.4237871 1.13393 1.826009 1.13393 1.826009 1.081215 0.4237871 1.081215 0.4237871 1.0285 1.826009 1.0285 1.826009 0.9757854 0.4237871 0.975785 0.4237871 0.92307 1.826009 0.9230701 1.826009 0.870355 0.4237871 0.8703548 0.4237871 0.8176397 1.826009 0.8176401 1.826009 0.7649249 0.4237871 0.7649247 0.4237871 0.7122097 1.826009 0.7122099 1.826009 0.6594946 0.4237871 0.6594945 0.4237871 0.6067793 1.826009 0.6067797 1.826009 0.5540646 0.4237871 0.5540643 0.4237871 0.5013492 1.826009 0.5013496 1.826009 0.4486345 0.4237871 0.4486342 0.4237871 0.3959192 1.826009 0.3959194 1.826009 0.3432042 0.4237871 0.343204 0.4237871 0.2904888 1.826009 0.2904892 1.826009 0.2377741 0.4237871 0.2377737 0.4237871 0.1850585 1.826009 0.185059 1.826009 0.1323438 0.4237871 0.1323435 0.4237871 0.07962828 1.826009 0.0796287 1.826009 0.02691364 0.4237871 0.02691328 0.4237871 -0.02580189 1.826009 -0.02580153 1.826009 -0.0785166 0.4237871 -0.07851701 0.4237871 -0.1312321 1.826009 -0.1312317 1.826009 -0.1839469 0.4237871 -0.1839472 0.4237871 -0.2366622 1.826009 -0.236662 1.826009 -0.2893772 0.4237871 -0.2893774 0.4237871 -0.3420925 1.826009 -0.3420923 1.826009 -0.3948074 0.4237871 -0.3948075 0.4237871 -0.4475225 1.826009 -0.4475225 -0.9784346 -0.4475225 0.4237871 -0.4475225 0.4237871 -0.3948074 -0.9784346 -0.3948074 -0.9784346 -0.3420923 0.4237871 -0.3420923 0.4237871 -0.2893772 -0.9784346 -0.2893772 1.826009 1.502936 0.4237871 1.502936 0.4237871 1.450221 1.826009 1.450221 1.978435 1.344791 1.978435 1.397506 1.902222 1.397506 1.902222 1.344791 1.978435 1.23936 1.978435 1.292075 1.902222 1.292076 1.902222 1.239361 1.978435 1.13393 1.978435 1.186645 1.902222 1.186645 1.902222 1.13393 1.978435 1.0285 1.978435 1.081215 1.902222 1.081215 1.902222 1.0285 1.978435 0.9230698 1.978435 0.9757848 1.902222 0.9757851 1.902222 0.9230701 1.978435 0.8176394 1.978435 0.8703544 1.902222 0.8703549 1.902222 0.8176397 1.978435 0.7122092 1.978435 0.7649243 1.902222 0.7649247 1.902222 0.7122095 1.978435 0.6067791 1.978435 0.6594942 1.902222 0.6594945 1.902222 0.6067793 1.978435 0.5013489 1.978435 0.5540639 1.902222 0.5540643 1.902222 0.5013492 1.978435 0.3959189 1.978435 0.4486338 1.902222 0.4486342 1.902222 0.395919 1.978435 0.2904886 1.978435 0.3432036 1.902222 0.343204 1.902222 0.2904888 1.978435 0.1850583 1.978435 0.2377735 1.902222 0.2377737 1.902222 0.1850585 1.978435 0.07962828 1.978435 0.1323433 1.902222 0.1323435 1.902222 0.07962846 1.978435 -0.02580189 1.978435 0.02691304 1.902222 0.02691328 1.902222 -0.02580171 1.978435 -0.131232 1.978435 -0.07851696 1.902222 -0.07851696 1.902222 -0.1312319 1.978435 -0.2366622 1.978435 -0.1839472 1.902222 -0.183947 1.902222 -0.2366622 1.978435 -0.3420925 1.978435 -0.2893774 1.902222 -0.2893772 1.902222 -0.3420925 1.978435 -0.4475226 1.978435 -0.3948075 1.902222 -0.3948075 1.902222 -0.4475225 1.978435 1.450221 1.978435 1.502935 1.902222 1.502936 1.902222 1.450221 -0.9784346 -0.1839469 0.4237871 -0.1839469 0.4237871 -0.1312317 -0.9784346 -0.1312317 -0.9784346 -0.1312317 0.4237871 -0.1312317 0.4237871 -0.0785166 -0.9784346 -0.0785166 -0.9784346 -0.0785166 0.4237871 -0.0785166 0.4237871 -0.02580153 -0.9784346 -0.02580153 -0.9784346 -0.02580153 0.4237871 -0.02580153 0.4237871 0.02691364 -0.9784346 0.02691364 -0.9784346 0.02691364 0.4237871 0.02691364 0.4237871 0.0796287 -0.9784346 0.0796287 -0.9784346 0.0796287 0.4237871 0.0796287 0.4237871 0.1323438 -0.9784346 0.1323438 -0.9784346 0.1323438 0.4237871 0.1323438 0.4237871 0.185059 -0.9784346 0.185059 -0.9784346 0.185059 0.4237871 0.185059 0.4237871 0.2377741 -0.9784346 0.2377741 -0.9784346 0.2377741 0.4237871 0.2377741 0.4237871 0.2904892 -0.9784346 0.2904892 -0.9784346 0.2904892 0.4237871 0.2904892 0.4237871 0.3432042 -0.9784346 0.3432042 -0.9784346 0.3432042 0.4237871 0.3432042 0.4237871 0.3959194 -0.9784346 0.3959194 -0.9784346 0.3959194 0.4237871 0.3959194 0.4237871 0.4486345 -0.9784346 0.4486345 -0.9784346 0.4486345 0.4237871 0.4486345 0.4237871 0.5013496 -0.9784346 0.5013496 -0.9784346 0.5013496 0.4237871 0.5013496 0.4237871 0.5540646 -0.9784346 0.5540646 -0.9784346 0.5540646 0.4237871 0.5540646 0.4237871 0.6067797 -0.9784346 0.6067797 -0.9784346 0.6067797 0.4237871 0.6067797 0.4237871 0.6594946 -0.9784346 0.6594946 -0.9784346 0.6594946 0.4237871 0.6594946 0.4237871 0.7122099 -0.9784346 0.7122099 -0.9784346 0.7122099 0.4237871 0.7122099 0.4237871 0.7649249 -0.9784346 0.7649249 -0.9784346 0.7649249 0.4237871 0.7649249 0.4237871 0.8176401 -0.9784346 0.8176401 -0.9784346 0.8176401 0.4237871 0.8176401 0.4237871 0.870355 -0.9784346 0.870355 -0.9784346 0.870355 0.4237871 0.870355 0.4237871 0.9230701 -0.9784346 0.9230701 -0.9784346 0.9230701 0.4237871 0.9230701 0.4237871 0.9757854 -0.9784346 0.9757854 -0.9784346 0.9757854 0.4237871 0.9757854 0.4237871 1.0285 -0.9784346 1.0285 -0.9784346 1.0285 0.4237871 1.0285 0.4237871 1.081215 -0.9784346 1.081215 -0.9784346 1.081215 0.4237871 1.081215 0.4237871 1.13393 -0.9784346 1.13393 -0.9784346 1.13393 0.4237871 1.13393 0.4237871 1.186645 -0.9784346 1.186645 -0.9784346 1.186645 0.4237871 1.186645 0.4237871 1.239361 -0.9784346 1.239361 -0.9784346 1.239361 0.4237871 1.239361 0.4237871 1.292076 -0.9784346 1.292076 -0.9784346 1.292076 0.4237871 1.292076 0.4237871 1.344791 -0.9784346 1.344791 -0.9784346 1.344791 0.4237871 1.344791 0.4237871 1.397506 -0.9784346 1.397506 -0.9784346 1.397506 0.4237871 1.397506 0.4237871 1.450221 -0.9784346 1.450221 1.826009 1.502936 1.826009 1.450221 1.902221 1.450221 1.902222 1.502936 1.826009 1.450221 1.826009 1.397506 1.902221 1.397506 1.902221 1.450221 1.826009 1.397506 1.826009 1.344791 1.902221 1.344791 1.902221 1.397506 1.826009 1.344791 1.826009 1.292076 1.902221 1.292076 1.902221 1.344791 1.826009 1.292076 1.826009 1.23936 1.902221 1.23936 1.902221 1.292076 1.826009 1.23936 1.826009 1.186645 1.902221 1.186645 1.902221 1.23936 1.826009 1.186645 1.826009 1.13393 1.902221 1.13393 1.902221 1.186645 1.826009 1.13393 1.826009 1.081215 1.902221 1.081215 1.902221 1.13393 1.826009 1.081215 1.826009 1.0285 1.902221 1.0285 1.902221 1.081215 1.826009 1.0285 1.826009 0.9757848 1.902221 0.9757848 1.902221 1.0285 1.826009 0.9757848 1.826009 0.9230698 1.902221 0.9230698 1.902221 0.9757848 1.826009 0.9230698 1.826009 0.8703545 1.902221 0.8703545 1.902221 0.9230698 1.826009 0.8703545 1.826009 0.8176394 1.902221 0.8176394 1.902221 0.8703545 1.826009 0.8176394 1.826009 0.7649243 1.902221 0.7649243 1.902221 0.8176394 1.826009 0.7649243 1.826009 0.7122092 1.902221 0.7122092 1.902221 0.7649243 1.826009 0.7122092 1.826009 0.6594944 1.902221 0.6594944 1.902221 0.7122092 1.826009 0.6594944 1.826009 0.6067791 1.902221 0.6067791 1.902221 0.6594944 1.826009 0.6067791 1.826009 0.5540639 1.902221 0.5540639 1.902221 0.6067791 1.826009 0.5540639 1.826009 0.5013489 1.902221 0.5013489 1.902221 0.5540639 1.826009 0.5013489 1.826009 0.4486338 1.902221 0.4486338 1.902221 0.5013489 1.826009 0.4486338 1.826009 0.3959189 1.902221 0.3959189 1.902221 0.4486338 1.826009 0.3959189 1.826009 0.3432037 1.902221 0.3432037 1.902221 0.3959189 1.826009 0.3432037 1.826009 0.2904886 1.902221 0.2904886 1.902221 0.3432037 1.826009 0.2904886 1.826009 0.2377735 1.902221 0.2377735 1.902221 0.2904886 1.826009 0.2377735 1.826009 0.1850584 1.902221 0.1850584 1.902221 0.2377735 1.826009 0.1850584 1.826009 0.1323433 1.902221 0.1323433 1.902221 0.1850584 1.826009 0.1323433 1.826009 0.07962828 1.902221 0.07962828 1.902221 0.1323433 1.826009 0.07962828 1.826009 0.02691316 1.902221 0.02691316 1.902221 0.07962828 1.826009 0.02691316 1.826009 -0.02580189 1.902221 -0.02580189 1.902221 0.02691316 1.826009 -0.02580189 1.826009 -0.07851696 1.902221 -0.07851696 1.902221 -0.02580189 1.826009 -0.07851696 1.826009 -0.131232 1.902221 -0.131232 1.902221 -0.07851696 1.826009 -0.131232 1.826009 -0.1839472 1.902221 -0.1839472 1.902221 -0.131232 1.826009 -0.1839472 1.826009 -0.2366622 1.902221 -0.2366622 1.902221 -0.1839472 1.826009 -0.2366622 1.826009 -0.2893773 1.902221 -0.2893773 1.902221 -0.2366622 1.826009 -0.2893773 1.826009 -0.3420923 1.902221 -0.3420923 1.902221 -0.2893773 1.826009 -0.3420923 1.826009 -0.3948074 1.902221 -0.3948074 1.902221 -0.3420923 1.826009 -0.3948074 1.826009 -0.4475226 1.902221 -0.4475226 1.902221 -0.3948074 1.826009 -0.4475226 1.826009 -0.5002377 1.902221 -0.5002377 1.902221 -0.4475226 -0.9784346 -0.2893772 0.4237871 -0.2893772 0.4237871 -0.236662 -0.9784346 -0.236662 1.826009 1.450221 0.4237871 1.450221 0.4237871 1.397506 1.826009 1.397506 -0.9784346 1.450221 0.4237871 1.450221 0.4237871 1.502936 -0.9784346 1.502936 1.978435 1.397506 1.978435 1.450221 1.902222 1.450221 1.902222 1.397506 1.978435 1.292075 1.978435 1.344791 1.902222 1.344791 1.902222 1.292076 1.978435 1.186645 1.978435 1.23936 1.902222 1.239361 1.902222 1.186645 1.978435 1.081215 1.978435 1.13393 1.902222 1.13393 1.902222 1.081215 1.978435 0.9757848 1.978435 1.0285 1.902222 1.0285 1.902222 0.9757851 1.978435 0.8703544 1.978435 0.9230698 1.902222 0.9230701 1.902222 0.8703549 1.978435 0.7649243 1.978435 0.8176394 1.902222 0.8176397 1.902222 0.7649247 1.978435 0.6594942 1.978435 0.7122092 1.902222 0.7122095 1.902222 0.6594945 1.978435 0.5540639 1.978435 0.6067791 1.902222 0.6067793 1.902222 0.5540643 1.978435 0.4486338 1.978435 0.5013489 1.902222 0.5013492 1.902222 0.4486342 1.978435 0.3432036 1.978435 0.3959189 1.902222 0.395919 1.902222 0.343204 1.978435 0.2377735 1.978435 0.2904886 1.902222 0.2904888 1.902222 0.2377737 1.978435 0.1323433 1.978435 0.1850583 1.902222 0.1850585 1.902222 0.1323435 1.978435 0.02691304 1.978435 0.07962828 1.902222 0.07962846 1.902222 0.02691328 1.978435 -0.07851696 1.978435 -0.02580189 1.902222 -0.02580171 1.902222 -0.07851696 1.978435 -0.1839472 1.978435 -0.131232 1.902222 -0.1312319 1.902222 -0.183947 1.978435 -0.2893774 1.978435 -0.2366622 1.902222 -0.2366622 1.902222 -0.2893772 1.978435 -0.3948075 1.978435 -0.3420925 1.902222 -0.3420925 1.902222 -0.3948075 1.978435 -0.5002377 1.978435 -0.4475226 1.902222 -0.4475225 1.902222 -0.5002377 1.826009 -0.4475225 0.4237871 -0.4475225 0.4237871 -0.5002377 1.826009 -0.5002377 -0.9784346 -0.236662 0.4237871 -0.236662 0.4237871 -0.1839469 -0.9784346 -0.1839469 -0.9784346 -0.3948074 0.4237871 -0.3948074 0.4237871 -0.3420923 -0.9784346 -0.3420923 -0.9784346 -0.5002377 0.4237871 -0.5002369 0.4237871 -0.4475225 -0.9784346 -0.4475225 1.826009 -0.3420923 0.4237871 -0.3420925 0.4237871 -0.3948075 1.826009 -0.3948074 1.826009 -0.236662 0.4237871 -0.2366622 0.4237871 -0.2893774 1.826009 -0.2893772 1.826009 -0.1312317 0.4237871 -0.1312321 0.4237871 -0.1839472 1.826009 -0.1839469 1.826009 -0.02580153 0.4237871 -0.02580189 0.4237871 -0.07851701 1.826009 -0.0785166 1.826009 0.0796287 0.4237871 0.07962828 0.4237871 0.02691328 1.826009 0.02691364 1.826009 0.185059 0.4237871 0.1850585 0.4237871 0.1323435 1.826009 0.1323438 1.826009 0.2904892 0.4237871 0.2904888 0.4237871 0.2377737 1.826009 0.2377741 1.826009 0.3959194 0.4237871 0.3959192 0.4237871 0.343204 1.826009 0.3432042 1.826009 0.5013496 0.4237871 0.5013492 0.4237871 0.4486342 1.826009 0.4486345 1.826009 0.6067797 0.4237871 0.6067793 0.4237871 0.5540643 1.826009 0.5540646 1.826009 0.7122099 0.4237871 0.7122097 0.4237871 0.6594945 1.826009 0.6594946 1.826009 0.8176401 0.4237871 0.8176397 0.4237871 0.7649247 1.826009 0.7649249 1.826009 0.9230701 0.4237871 0.92307 0.4237871 0.8703548 1.826009 0.870355 1.826009 1.0285 0.4237871 1.0285 0.4237871 0.975785 1.826009 0.9757854 1.826009 1.13393 0.4237871 1.13393 0.4237871 1.081215 1.826009 1.081215 1.826009 1.239361 0.4237871 1.239361 0.4237871 1.186645 1.826009 1.186645 1.826009 1.344791 0.4237871 1.344791 0.4237871 1.292076 1.826009 1.292076 1.826009 1.397506 0.4237871 1.397506 0.4237871 1.344791 1.826009 1.344791 1.826009 1.292076 0.4237871 1.292076 0.4237871 1.239361 1.826009 1.239361 1.826009 1.186645 0.4237871 1.186645 0.4237871 1.13393 1.826009 1.13393 1.826009 1.081215 0.4237871 1.081215 0.4237871 1.0285 1.826009 1.0285 1.826009 0.9757854 0.4237871 0.975785 0.4237871 0.92307 1.826009 0.9230701 1.826009 0.870355 0.4237871 0.8703548 0.4237871 0.8176397 1.826009 0.8176401 1.826009 0.7649249 0.4237871 0.7649247 0.4237871 0.7122097 1.826009 0.7122099 1.826009 0.6594946 0.4237871 0.6594945 0.4237871 0.6067793 1.826009 0.6067797 1.826009 0.5540646 0.4237871 0.5540643 0.4237871 0.5013492 1.826009 0.5013496 1.826009 0.4486345 0.4237871 0.4486342 0.4237871 0.3959192 1.826009 0.3959194 1.826009 0.3432042 0.4237871 0.343204 0.4237871 0.2904888 1.826009 0.2904892 1.826009 0.2377741 0.4237871 0.2377737 0.4237871 0.1850585 1.826009 0.185059 1.826009 0.1323438 0.4237871 0.1323435 0.4237871 0.07962828 1.826009 0.0796287 1.826009 0.02691364 0.4237871 0.02691328 0.4237871 -0.02580189 1.826009 -0.02580153 1.826009 -0.0785166 0.4237871 -0.07851701 0.4237871 -0.1312321 1.826009 -0.1312317 1.826009 -0.1839469 0.4237871 -0.1839472 0.4237871 -0.2366622 1.826009 -0.236662 1.826009 -0.2893772 0.4237871 -0.2893774 0.4237871 -0.3420925 1.826009 -0.3420923 1.826009 -0.3948074 0.4237871 -0.3948075 0.4237871 -0.4475225 1.826009 -0.4475225 -0.9784346 -0.4475225 0.4237871 -0.4475225 0.4237871 -0.3948074 -0.9784346 -0.3948074 -0.9784346 -0.3420923 0.4237871 -0.3420923 0.4237871 -0.2893772 -0.9784346 -0.2893772 1.826009 1.502936 0.4237871 1.502936 0.4237871 1.450221 1.826009 1.450221 1.978435 1.344791 1.978435 1.397506 1.902222 1.397506 1.902222 1.344791 1.978435 1.23936 1.978435 1.292075 1.902222 1.292076 1.902222 1.239361 1.978435 1.13393 1.978435 1.186645 1.902222 1.186645 1.902222 1.13393 1.978435 1.0285 1.978435 1.081215 1.902222 1.081215 1.902222 1.0285 1.978435 0.9230698 1.978435 0.9757848 1.902222 0.9757851 1.902222 0.9230701 1.978435 0.8176394 1.978435 0.8703544 1.902222 0.8703549 1.902222 0.8176397 1.978435 0.7122092 1.978435 0.7649243 1.902222 0.7649247 1.902222 0.7122095 1.978435 0.6067791 1.978435 0.6594942 1.902222 0.6594945 1.902222 0.6067793 1.978435 0.5013489 1.978435 0.5540639 1.902222 0.5540643 1.902222 0.5013492 1.978435 0.3959189 1.978435 0.4486338 1.902222 0.4486342 1.902222 0.395919 1.978435 0.2904886 1.978435 0.3432036 1.902222 0.343204 1.902222 0.2904888 1.978435 0.1850583 1.978435 0.2377735 1.902222 0.2377737 1.902222 0.1850585 1.978435 0.07962828 1.978435 0.1323433 1.902222 0.1323435 1.902222 0.07962846 1.978435 -0.02580189 1.978435 0.02691304 1.902222 0.02691328 1.902222 -0.02580171 1.978435 -0.131232 1.978435 -0.07851696 1.902222 -0.07851696 1.902222 -0.1312319 1.978435 -0.2366622 1.978435 -0.1839472 1.902222 -0.183947 1.902222 -0.2366622 1.978435 -0.3420925 1.978435 -0.2893774 1.902222 -0.2893772 1.902222 -0.3420925 1.978435 -0.4475226 1.978435 -0.3948075 1.902222 -0.3948075 1.902222 -0.4475225 1.978435 1.450221 1.978435 1.502935 1.902222 1.502936 1.902222 1.450221 -0.9784346 -0.1839469 0.4237871 -0.1839469 0.4237871 -0.1312317 -0.9784346 -0.1312317 -0.9784346 -0.1312317 0.4237871 -0.1312317 0.4237871 -0.0785166 -0.9784346 -0.0785166 -0.9784346 -0.0785166 0.4237871 -0.0785166 0.4237871 -0.02580153 -0.9784346 -0.02580153 -0.9784346 -0.02580153 0.4237871 -0.02580153 0.4237871 0.02691364 -0.9784346 0.02691364 -0.9784346 0.02691364 0.4237871 0.02691364 0.4237871 0.0796287 -0.9784346 0.0796287 -0.9784346 0.0796287 0.4237871 0.0796287 0.4237871 0.1323438 -0.9784346 0.1323438 -0.9784346 0.1323438 0.4237871 0.1323438 0.4237871 0.185059 -0.9784346 0.185059 -0.9784346 0.185059 0.4237871 0.185059 0.4237871 0.2377741 -0.9784346 0.2377741 -0.9784346 0.2377741 0.4237871 0.2377741 0.4237871 0.2904892 -0.9784346 0.2904892 -0.9784346 0.2904892 0.4237871 0.2904892 0.4237871 0.3432042 -0.9784346 0.3432042 -0.9784346 0.3432042 0.4237871 0.3432042 0.4237871 0.3959194 -0.9784346 0.3959194 -0.9784346 0.3959194 0.4237871 0.3959194 0.4237871 0.4486345 -0.9784346 0.4486345 -0.9784346 0.4486345 0.4237871 0.4486345 0.4237871 0.5013496 -0.9784346 0.5013496 -0.9784346 0.5013496 0.4237871 0.5013496 0.4237871 0.5540646 -0.9784346 0.5540646 -0.9784346 0.5540646 0.4237871 0.5540646 0.4237871 0.6067797 -0.9784346 0.6067797 -0.9784346 0.6067797 0.4237871 0.6067797 0.4237871 0.6594946 -0.9784346 0.6594946 -0.9784346 0.6594946 0.4237871 0.6594946 0.4237871 0.7122099 -0.9784346 0.7122099 -0.9784346 0.7122099 0.4237871 0.7122099 0.4237871 0.7649249 -0.9784346 0.7649249 -0.9784346 0.7649249 0.4237871 0.7649249 0.4237871 0.8176401 -0.9784346 0.8176401 -0.9784346 0.8176401 0.4237871 0.8176401 0.4237871 0.870355 -0.9784346 0.870355 -0.9784346 0.870355 0.4237871 0.870355 0.4237871 0.9230701 -0.9784346 0.9230701 -0.9784346 0.9230701 0.4237871 0.9230701 0.4237871 0.9757854 -0.9784346 0.9757854 -0.9784346 0.9757854 0.4237871 0.9757854 0.4237871 1.0285 -0.9784346 1.0285 -0.9784346 1.0285 0.4237871 1.0285 0.4237871 1.081215 -0.9784346 1.081215 -0.9784346 1.081215 0.4237871 1.081215 0.4237871 1.13393 -0.9784346 1.13393 -0.9784346 1.13393 0.4237871 1.13393 0.4237871 1.186645 -0.9784346 1.186645 -0.9784346 1.186645 0.4237871 1.186645 0.4237871 1.239361 -0.9784346 1.239361 -0.9784346 1.239361 0.4237871 1.239361 0.4237871 1.292076 -0.9784346 1.292076 -0.9784346 1.292076 0.4237871 1.292076 0.4237871 1.344791 -0.9784346 1.344791 -0.9784346 1.344791 0.4237871 1.344791 0.4237871 1.397506 -0.9784346 1.397506 -0.9784346 1.397506 0.4237871 1.397506 0.4237871 1.450221 -0.9784346 1.450221 1.826009 1.502936 1.826009 1.450221 1.902221 1.450221 1.902222 1.502936 1.826009 1.450221 1.826009 1.397506 1.902221 1.397506 1.902221 1.450221 1.826009 1.397506 1.826009 1.344791 1.902221 1.344791 1.902221 1.397506 1.826009 1.344791 1.826009 1.292076 1.902221 1.292076 1.902221 1.344791 1.826009 1.292076 1.826009 1.23936 1.902221 1.23936 1.902221 1.292076 1.826009 1.23936 1.826009 1.186645 1.902221 1.186645 1.902221 1.23936 1.826009 1.186645 1.826009 1.13393 1.902221 1.13393 1.902221 1.186645 1.826009 1.13393 1.826009 1.081215 1.902221 1.081215 1.902221 1.13393 1.826009 1.081215 1.826009 1.0285 1.902221 1.0285 1.902221 1.081215 1.826009 1.0285 1.826009 0.9757848 1.902221 0.9757848 1.902221 1.0285 1.826009 0.9757848 1.826009 0.9230698 1.902221 0.9230698 1.902221 0.9757848 1.826009 0.9230698 1.826009 0.8703545 1.902221 0.8703545 1.902221 0.9230698 1.826009 0.8703545 1.826009 0.8176394 1.902221 0.8176394 1.902221 0.8703545 1.826009 0.8176394 1.826009 0.7649243 1.902221 0.7649243 1.902221 0.8176394 1.826009 0.7649243 1.826009 0.7122092 1.902221 0.7122092 1.902221 0.7649243 1.826009 0.7122092 1.826009 0.6594944 1.902221 0.6594944 1.902221 0.7122092 1.826009 0.6594944 1.826009 0.6067791 1.902221 0.6067791 1.902221 0.6594944 1.826009 0.6067791 1.826009 0.5540639 1.902221 0.5540639 1.902221 0.6067791 1.826009 0.5540639 1.826009 0.5013489 1.902221 0.5013489 1.902221 0.5540639 1.826009 0.5013489 1.826009 0.4486338 1.902221 0.4486338 1.902221 0.5013489 1.826009 0.4486338 1.826009 0.3959189 1.902221 0.3959189 1.902221 0.4486338 1.826009 0.3959189 1.826009 0.3432037 1.902221 0.3432037 1.902221 0.3959189 1.826009 0.3432037 1.826009 0.2904886 1.902221 0.2904886 1.902221 0.3432037 1.826009 0.2904886 1.826009 0.2377735 1.902221 0.2377735 1.902221 0.2904886 1.826009 0.2377735 1.826009 0.1850584 1.902221 0.1850584 1.902221 0.2377735 1.826009 0.1850584 1.826009 0.1323433 1.902221 0.1323433 1.902221 0.1850584 1.826009 0.1323433 1.826009 0.07962828 1.902221 0.07962828 1.902221 0.1323433 1.826009 0.07962828 1.826009 0.02691316 1.902221 0.02691316 1.902221 0.07962828 1.826009 0.02691316 1.826009 -0.02580189 1.902221 -0.02580189 1.902221 0.02691316 1.826009 -0.02580189 1.826009 -0.07851696 1.902221 -0.07851696 1.902221 -0.02580189 1.826009 -0.07851696 1.826009 -0.131232 1.902221 -0.131232 1.902221 -0.07851696 1.826009 -0.131232 1.826009 -0.1839472 1.902221 -0.1839472 1.902221 -0.131232 1.826009 -0.1839472 1.826009 -0.2366622 1.902221 -0.2366622 1.902221 -0.1839472 1.826009 -0.2366622 1.826009 -0.2893773 1.902221 -0.2893773 1.902221 -0.2366622 1.826009 -0.2893773 1.826009 -0.3420923 1.902221 -0.3420923 1.902221 -0.2893773 1.826009 -0.3420923 1.826009 -0.3948074 1.902221 -0.3948074 1.902221 -0.3420923 1.826009 -0.3948074 1.826009 -0.4475226 1.902221 -0.4475226 1.902221 -0.3948074 1.826009 -0.4475226 1.826009 -0.5002377 1.902221 -0.5002377 1.902221 -0.4475226 -0.9784346 -0.2893772 0.4237871 -0.2893772 0.4237871 -0.236662 -0.9784346 -0.236662 1.826009 1.450221 0.4237871 1.450221 0.4237871 1.397506 1.826009 1.397506 -0.9784346 1.450221 0.4237871 1.450221 0.4237871 1.502936 -0.9784346 1.502936 1.978435 1.397506 1.978435 1.450221 1.902222 1.450221 1.902222 1.397506 1.978435 1.292075 1.978435 1.344791 1.902222 1.344791 1.902222 1.292076 1.978435 1.186645 1.978435 1.23936 1.902222 1.239361 1.902222 1.186645 1.978435 1.081215 1.978435 1.13393 1.902222 1.13393 1.902222 1.081215 1.978435 0.9757848 1.978435 1.0285 1.902222 1.0285 1.902222 0.9757851 1.978435 0.8703544 1.978435 0.9230698 1.902222 0.9230701 1.902222 0.8703549 1.978435 0.7649243 1.978435 0.8176394 1.902222 0.8176397 1.902222 0.7649247 1.978435 0.6594942 1.978435 0.7122092 1.902222 0.7122095 1.902222 0.6594945 1.978435 0.5540639 1.978435 0.6067791 1.902222 0.6067793 1.902222 0.5540643 1.978435 0.4486338 1.978435 0.5013489 1.902222 0.5013492 1.902222 0.4486342 1.978435 0.3432036 1.978435 0.3959189 1.902222 0.395919 1.902222 0.343204 1.978435 0.2377735 1.978435 0.2904886 1.902222 0.2904888 1.902222 0.2377737 1.978435 0.1323433 1.978435 0.1850583 1.902222 0.1850585 1.902222 0.1323435 1.978435 0.02691304 1.978435 0.07962828 1.902222 0.07962846 1.902222 0.02691328 1.978435 -0.07851696 1.978435 -0.02580189 1.902222 -0.02580171 1.902222 -0.07851696 1.978435 -0.1839472 1.978435 -0.131232 1.902222 -0.1312319 1.902222 -0.183947 1.978435 -0.2893774 1.978435 -0.2366622 1.902222 -0.2366622 1.902222 -0.2893772 1.978435 -0.3948075 1.978435 -0.3420925 1.902222 -0.3420925 1.902222 -0.3948075 1.978435 -0.5002377 1.978435 -0.4475226 1.902222 -0.4475225 1.902222 -0.5002377 1.826009 -0.4475225 0.4237871 -0.4475225 0.4237871 -0.5002377 1.826009 -0.5002377 -0.9784346 -0.236662 0.4237871 -0.236662 0.4237871 -0.1839469 -0.9784346 -0.1839469 -0.9784346 -0.3948074 0.4237871 -0.3948074 0.4237871 -0.3420923 -0.9784346 -0.3420923 -0.9784346 -0.5002377 0.4237871 -0.5002369 0.4237871 -0.4475225 -0.9784346 -0.4475225 1.826009 -0.3420923 0.4237871 -0.3420925 0.4237871 -0.3948075 1.826009 -0.3948074 1.826009 -0.236662 0.4237871 -0.2366622 0.4237871 -0.2893774 1.826009 -0.2893772 1.826009 -0.1312317 0.4237871 -0.1312321 0.4237871 -0.1839472 1.826009 -0.1839469 1.826009 -0.02580153 0.4237871 -0.02580189 0.4237871 -0.07851701 1.826009 -0.0785166 1.826009 0.0796287 0.4237871 0.07962828 0.4237871 0.02691328 1.826009 0.02691364 1.826009 0.185059 0.4237871 0.1850585 0.4237871 0.1323435 1.826009 0.1323438 1.826009 0.2904892 0.4237871 0.2904888 0.4237871 0.2377737 1.826009 0.2377741 1.826009 0.3959194 0.4237871 0.3959192 0.4237871 0.343204 1.826009 0.3432042 1.826009 0.5013496 0.4237871 0.5013492 0.4237871 0.4486342 1.826009 0.4486345 1.826009 0.6067797 0.4237871 0.6067793 0.4237871 0.5540643 1.826009 0.5540646 1.826009 0.7122099 0.4237871 0.7122097 0.4237871 0.6594945 1.826009 0.6594946 1.826009 0.8176401 0.4237871 0.8176397 0.4237871 0.7649247 1.826009 0.7649249 1.826009 0.9230701 0.4237871 0.92307 0.4237871 0.8703548 1.826009 0.870355 1.826009 1.0285 0.4237871 1.0285 0.4237871 0.975785 1.826009 0.9757854 1.826009 1.13393 0.4237871 1.13393 0.4237871 1.081215 1.826009 1.081215 1.826009 1.239361 0.4237871 1.239361 0.4237871 1.186645 1.826009 1.186645 1.826009 1.344791 0.4237871 1.344791 0.4237871 1.292076 1.826009 1.292076 1.826009 1.397506 0.4237871 1.397506 0.4237871 1.344791 1.826009 1.344791 1.826009 1.292076 0.4237871 1.292076 0.4237871 1.239361 1.826009 1.239361 1.826009 1.186645 0.4237871 1.186645 0.4237871 1.13393 1.826009 1.13393 1.826009 1.081215 0.4237871 1.081215 0.4237871 1.0285 1.826009 1.0285 1.826009 0.9757854 0.4237871 0.975785 0.4237871 0.92307 1.826009 0.9230701 1.826009 0.870355 0.4237871 0.8703548 0.4237871 0.8176397 1.826009 0.8176401 1.826009 0.7649249 0.4237871 0.7649247 0.4237871 0.7122097 1.826009 0.7122099 1.826009 0.6594946 0.4237871 0.6594945 0.4237871 0.6067793 1.826009 0.6067797 1.826009 0.5540646 0.4237871 0.5540643 0.4237871 0.5013492 1.826009 0.5013496 1.826009 0.4486345 0.4237871 0.4486342 0.4237871 0.3959192 1.826009 0.3959194 1.826009 0.3432042 0.4237871 0.343204 0.4237871 0.2904888 1.826009 0.2904892 1.826009 0.2377741 0.4237871 0.2377737 0.4237871 0.1850585 1.826009 0.185059 1.826009 0.1323438 0.4237871 0.1323435 0.4237871 0.07962828 1.826009 0.0796287 1.826009 0.02691364 0.4237871 0.02691328 0.4237871 -0.02580189 1.826009 -0.02580153 1.826009 -0.0785166 0.4237871 -0.07851701 0.4237871 -0.1312321 1.826009 -0.1312317 1.826009 -0.1839469 0.4237871 -0.1839472 0.4237871 -0.2366622 1.826009 -0.236662 1.826009 -0.2893772 0.4237871 -0.2893774 0.4237871 -0.3420925 1.826009 -0.3420923 1.826009 -0.3948074 0.4237871 -0.3948075 0.4237871 -0.4475225 1.826009 -0.4475225 -0.9784346 -0.4475225 0.4237871 -0.4475225 0.4237871 -0.3948074 -0.9784346 -0.3948074 -0.9784346 -0.3420923 0.4237871 -0.3420923 0.4237871 -0.2893772 -0.9784346 -0.2893772 1.826009 1.502936 0.4237871 1.502936 0.4237871 1.450221 1.826009 1.450221 1.978435 1.344791 1.978435 1.397506 1.902222 1.397506 1.902222 1.344791 1.978435 1.23936 1.978435 1.292075 1.902222 1.292076 1.902222 1.239361 1.978435 1.13393 1.978435 1.186645 1.902222 1.186645 1.902222 1.13393 1.978435 1.0285 1.978435 1.081215 1.902222 1.081215 1.902222 1.0285 1.978435 0.9230698 1.978435 0.9757848 1.902222 0.9757851 1.902222 0.9230701 1.978435 0.8176394 1.978435 0.8703544 1.902222 0.8703549 1.902222 0.8176397 1.978435 0.7122092 1.978435 0.7649243 1.902222 0.7649247 1.902222 0.7122095 1.978435 0.6067791 1.978435 0.6594942 1.902222 0.6594945 1.902222 0.6067793 1.978435 0.5013489 1.978435 0.5540639 1.902222 0.5540643 1.902222 0.5013492 1.978435 0.3959189 1.978435 0.4486338 1.902222 0.4486342 1.902222 0.395919 1.978435 0.2904886 1.978435 0.3432036 1.902222 0.343204 1.902222 0.2904888 1.978435 0.1850583 1.978435 0.2377735 1.902222 0.2377737 1.902222 0.1850585 1.978435 0.07962828 1.978435 0.1323433 1.902222 0.1323435 1.902222 0.07962846 1.978435 -0.02580189 1.978435 0.02691304 1.902222 0.02691328 1.902222 -0.02580171 1.978435 -0.131232 1.978435 -0.07851696 1.902222 -0.07851696 1.902222 -0.1312319 1.978435 -0.2366622 1.978435 -0.1839472 1.902222 -0.183947 1.902222 -0.2366622 1.978435 -0.3420925 1.978435 -0.2893774 1.902222 -0.2893772 1.902222 -0.3420925 1.978435 -0.4475226 1.978435 -0.3948075 1.902222 -0.3948075 1.902222 -0.4475225 1.978435 1.450221 1.978435 1.502935 1.902222 1.502936 1.902222 1.450221 -0.9784346 -0.1839469 0.4237871 -0.1839469 0.4237871 -0.1312317 -0.9784346 -0.1312317 -0.9784346 -0.1312317 0.4237871 -0.1312317 0.4237871 -0.0785166 -0.9784346 -0.0785166 -0.9784346 -0.0785166 0.4237871 -0.0785166 0.4237871 -0.02580153 -0.9784346 -0.02580153 -0.9784346 -0.02580153 0.4237871 -0.02580153 0.4237871 0.02691364 -0.9784346 0.02691364 -0.9784346 0.02691364 0.4237871 0.02691364 0.4237871 0.0796287 -0.9784346 0.0796287 -0.9784346 0.0796287 0.4237871 0.0796287 0.4237871 0.1323438 -0.9784346 0.1323438 -0.9784346 0.1323438 0.4237871 0.1323438 0.4237871 0.185059 -0.9784346 0.185059 -0.9784346 0.185059 0.4237871 0.185059 0.4237871 0.2377741 -0.9784346 0.2377741 -0.9784346 0.2377741 0.4237871 0.2377741 0.4237871 0.2904892 -0.9784346 0.2904892 -0.9784346 0.2904892 0.4237871 0.2904892 0.4237871 0.3432042 -0.9784346 0.3432042 -0.9784346 0.3432042 0.4237871 0.3432042 0.4237871 0.3959194 -0.9784346 0.3959194 -0.9784346 0.3959194 0.4237871 0.3959194 0.4237871 0.4486345 -0.9784346 0.4486345 -0.9784346 0.4486345 0.4237871 0.4486345 0.4237871 0.5013496 -0.9784346 0.5013496 -0.9784346 0.5013496 0.4237871 0.5013496 0.4237871 0.5540646 -0.9784346 0.5540646 -0.9784346 0.5540646 0.4237871 0.5540646 0.4237871 0.6067797 -0.9784346 0.6067797 -0.9784346 0.6067797 0.4237871 0.6067797 0.4237871 0.6594946 -0.9784346 0.6594946 -0.9784346 0.6594946 0.4237871 0.6594946 0.4237871 0.7122099 -0.9784346 0.7122099 -0.9784346 0.7122099 0.4237871 0.7122099 0.4237871 0.7649249 -0.9784346 0.7649249 -0.9784346 0.7649249 0.4237871 0.7649249 0.4237871 0.8176401 -0.9784346 0.8176401 -0.9784346 0.8176401 0.4237871 0.8176401 0.4237871 0.870355 -0.9784346 0.870355 -0.9784346 0.870355 0.4237871 0.870355 0.4237871 0.9230701 -0.9784346 0.9230701 -0.9784346 0.9230701 0.4237871 0.9230701 0.4237871 0.9757854 -0.9784346 0.9757854 -0.9784346 0.9757854 0.4237871 0.9757854 0.4237871 1.0285 -0.9784346 1.0285 -0.9784346 1.0285 0.4237871 1.0285 0.4237871 1.081215 -0.9784346 1.081215 -0.9784346 1.081215 0.4237871 1.081215 0.4237871 1.13393 -0.9784346 1.13393 -0.9784346 1.13393 0.4237871 1.13393 0.4237871 1.186645 -0.9784346 1.186645 -0.9784346 1.186645 0.4237871 1.186645 0.4237871 1.239361 -0.9784346 1.239361 -0.9784346 1.239361 0.4237871 1.239361 0.4237871 1.292076 -0.9784346 1.292076 -0.9784346 1.292076 0.4237871 1.292076 0.4237871 1.344791 -0.9784346 1.344791 -0.9784346 1.344791 0.4237871 1.344791 0.4237871 1.397506 -0.9784346 1.397506 -0.9784346 1.397506 0.4237871 1.397506 0.4237871 1.450221 -0.9784346 1.450221 1.826009 1.502936 1.826009 1.450221 1.902221 1.450221 1.902222 1.502936 1.826009 1.450221 1.826009 1.397506 1.902221 1.397506 1.902221 1.450221 1.826009 1.397506 1.826009 1.344791 1.902221 1.344791 1.902221 1.397506 1.826009 1.344791 1.826009 1.292076 1.902221 1.292076 1.902221 1.344791 1.826009 1.292076 1.826009 1.23936 1.902221 1.23936 1.902221 1.292076 1.826009 1.23936 1.826009 1.186645 1.902221 1.186645 1.902221 1.23936 1.826009 1.186645 1.826009 1.13393 1.902221 1.13393 1.902221 1.186645 1.826009 1.13393 1.826009 1.081215 1.902221 1.081215 1.902221 1.13393 1.826009 1.081215 1.826009 1.0285 1.902221 1.0285 1.902221 1.081215 1.826009 1.0285 1.826009 0.9757848 1.902221 0.9757848 1.902221 1.0285 1.826009 0.9757848 1.826009 0.9230698 1.902221 0.9230698 1.902221 0.9757848 1.826009 0.9230698 1.826009 0.8703545 1.902221 0.8703545 1.902221 0.9230698 1.826009 0.8703545 1.826009 0.8176394 1.902221 0.8176394 1.902221 0.8703545 1.826009 0.8176394 1.826009 0.7649243 1.902221 0.7649243 1.902221 0.8176394 1.826009 0.7649243 1.826009 0.7122092 1.902221 0.7122092 1.902221 0.7649243 1.826009 0.7122092 1.826009 0.6594944 1.902221 0.6594944 1.902221 0.7122092 1.826009 0.6594944 1.826009 0.6067791 1.902221 0.6067791 1.902221 0.6594944 1.826009 0.6067791 1.826009 0.5540639 1.902221 0.5540639 1.902221 0.6067791 1.826009 0.5540639 1.826009 0.5013489 1.902221 0.5013489 1.902221 0.5540639 1.826009 0.5013489 1.826009 0.4486338 1.902221 0.4486338 1.902221 0.5013489 1.826009 0.4486338 1.826009 0.3959189 1.902221 0.3959189 1.902221 0.4486338 1.826009 0.3959189 1.826009 0.3432037 1.902221 0.3432037 1.902221 0.3959189 1.826009 0.3432037 1.826009 0.2904886 1.902221 0.2904886 1.902221 0.3432037 1.826009 0.2904886 1.826009 0.2377735 1.902221 0.2377735 1.902221 0.2904886 1.826009 0.2377735 1.826009 0.1850584 1.902221 0.1850584 1.902221 0.2377735 1.826009 0.1850584 1.826009 0.1323433 1.902221 0.1323433 1.902221 0.1850584 1.826009 0.1323433 1.826009 0.07962828 1.902221 0.07962828 1.902221 0.1323433 1.826009 0.07962828 1.826009 0.02691316 1.902221 0.02691316 1.902221 0.07962828 1.826009 0.02691316 1.826009 -0.02580189 1.902221 -0.02580189 1.902221 0.02691316 1.826009 -0.02580189 1.826009 -0.07851696 1.902221 -0.07851696 1.902221 -0.02580189 1.826009 -0.07851696 1.826009 -0.131232 1.902221 -0.131232 1.902221 -0.07851696 1.826009 -0.131232 1.826009 -0.1839472 1.902221 -0.1839472 1.902221 -0.131232 1.826009 -0.1839472 1.826009 -0.2366622 1.902221 -0.2366622 1.902221 -0.1839472 1.826009 -0.2366622 1.826009 -0.2893773 1.902221 -0.2893773 1.902221 -0.2366622 1.826009 -0.2893773 1.826009 -0.3420923 1.902221 -0.3420923 1.902221 -0.2893773 1.826009 -0.3420923 1.826009 -0.3948074 1.902221 -0.3948074 1.902221 -0.3420923 1.826009 -0.3948074 1.826009 -0.4475226 1.902221 -0.4475226 1.902221 -0.3948074 1.826009 -0.4475226 1.826009 -0.5002377 1.902221 -0.5002377 1.902221 -0.4475226 -0.9784346 -0.2893772 0.4237871 -0.2893772 0.4237871 -0.236662 -0.9784346 -0.236662 1.826009 1.450221 0.4237871 1.450221 0.4237871 1.397506 1.826009 1.397506 -0.9784346 1.450221 0.4237871 1.450221 0.4237871 1.502936 -0.9784346 1.502936 1.978435 1.397506 1.978435 1.450221 1.902222 1.450221 1.902222 1.397506 1.978435 1.292075 1.978435 1.344791 1.902222 1.344791 1.902222 1.292076 1.978435 1.186645 1.978435 1.23936 1.902222 1.239361 1.902222 1.186645 1.978435 1.081215 1.978435 1.13393 1.902222 1.13393 1.902222 1.081215 1.978435 0.9757848 1.978435 1.0285 1.902222 1.0285 1.902222 0.9757851 1.978435 0.8703544 1.978435 0.9230698 1.902222 0.9230701 1.902222 0.8703549 1.978435 0.7649243 1.978435 0.8176394 1.902222 0.8176397 1.902222 0.7649247 1.978435 0.6594942 1.978435 0.7122092 1.902222 0.7122095 1.902222 0.6594945 1.978435 0.5540639 1.978435 0.6067791 1.902222 0.6067793 1.902222 0.5540643 1.978435 0.4486338 1.978435 0.5013489 1.902222 0.5013492 1.902222 0.4486342 1.978435 0.3432036 1.978435 0.3959189 1.902222 0.395919 1.902222 0.343204 1.978435 0.2377735 1.978435 0.2904886 1.902222 0.2904888 1.902222 0.2377737 1.978435 0.1323433 1.978435 0.1850583 1.902222 0.1850585 1.902222 0.1323435 1.978435 0.02691304 1.978435 0.07962828 1.902222 0.07962846 1.902222 0.02691328 1.978435 -0.07851696 1.978435 -0.02580189 1.902222 -0.02580171 1.902222 -0.07851696 1.978435 -0.1839472 1.978435 -0.131232 1.902222 -0.1312319 1.902222 -0.183947 1.978435 -0.2893774 1.978435 -0.2366622 1.902222 -0.2366622 1.902222 -0.2893772 1.978435 -0.3948075 1.978435 -0.3420925 1.902222 -0.3420925 1.902222 -0.3948075 1.978435 -0.5002377 1.978435 -0.4475226 1.902222 -0.4475225 1.902222 -0.5002377 1.826009 -0.4475225 0.4237871 -0.4475225 0.4237871 -0.5002377 1.826009 -0.5002377 -0.9784346 -0.236662 0.4237871 -0.236662 0.4237871 -0.1839469 -0.9784346 -0.1839469 -0.9784346 -0.3948074 0.4237871 -0.3948074 0.4237871 -0.3420923 -0.9784346 -0.3420923 -0.9784346 -0.5002377 0.4237871 -0.5002369 0.4237871 -0.4475225 -0.9784346 -0.4475225 1.826009 -0.3420923 0.4237871 -0.3420925 0.4237871 -0.3948075 1.826009 -0.3948074 1.826009 -0.236662 0.4237871 -0.2366622 0.4237871 -0.2893774 1.826009 -0.2893772 1.826009 -0.1312317 0.4237871 -0.1312321 0.4237871 -0.1839472 1.826009 -0.1839469 1.826009 -0.02580153 0.4237871 -0.02580189 0.4237871 -0.07851701 1.826009 -0.0785166 1.826009 0.0796287 0.4237871 0.07962828 0.4237871 0.02691328 1.826009 0.02691364 1.826009 0.185059 0.4237871 0.1850585 0.4237871 0.1323435 1.826009 0.1323438 1.826009 0.2904892 0.4237871 0.2904888 0.4237871 0.2377737 1.826009 0.2377741 1.826009 0.3959194 0.4237871 0.3959192 0.4237871 0.343204 1.826009 0.3432042 1.826009 0.5013496 0.4237871 0.5013492 0.4237871 0.4486342 1.826009 0.4486345 1.826009 0.6067797 0.4237871 0.6067793 0.4237871 0.5540643 1.826009 0.5540646 1.826009 0.7122099 0.4237871 0.7122097 0.4237871 0.6594945 1.826009 0.6594946 1.826009 0.8176401 0.4237871 0.8176397 0.4237871 0.7649247 1.826009 0.7649249 1.826009 0.9230701 0.4237871 0.92307 0.4237871 0.8703548 1.826009 0.870355 1.826009 1.0285 0.4237871 1.0285 0.4237871 0.975785 1.826009 0.9757854 1.826009 1.13393 0.4237871 1.13393 0.4237871 1.081215 1.826009 1.081215 1.826009 1.239361 0.4237871 1.239361 0.4237871 1.186645 1.826009 1.186645 1.826009 1.344791 0.4237871 1.344791 0.4237871 1.292076 1.826009 1.292076 1.826009 1.397506 0.4237871 1.397506 0.4237871 1.344791 1.826009 1.344791 1.826009 1.292076 0.4237871 1.292076 0.4237871 1.239361 1.826009 1.239361 1.826009 1.186645 0.4237871 1.186645 0.4237871 1.13393 1.826009 1.13393 1.826009 1.081215 0.4237871 1.081215 0.4237871 1.0285 1.826009 1.0285 1.826009 0.9757854 0.4237871 0.975785 0.4237871 0.92307 1.826009 0.9230701 1.826009 0.870355 0.4237871 0.8703548 0.4237871 0.8176397 1.826009 0.8176401 1.826009 0.7649249 0.4237871 0.7649247 0.4237871 0.7122097 1.826009 0.7122099 1.826009 0.6594946 0.4237871 0.6594945 0.4237871 0.6067793 1.826009 0.6067797 1.826009 0.5540646 0.4237871 0.5540643 0.4237871 0.5013492 1.826009 0.5013496 1.826009 0.4486345 0.4237871 0.4486342 0.4237871 0.3959192 1.826009 0.3959194 1.826009 0.3432042 0.4237871 0.343204 0.4237871 0.2904888 1.826009 0.2904892 1.826009 0.2377741 0.4237871 0.2377737 0.4237871 0.1850585 1.826009 0.185059 1.826009 0.1323438 0.4237871 0.1323435 0.4237871 0.07962828 1.826009 0.0796287 1.826009 0.02691364 0.4237871 0.02691328 0.4237871 -0.02580189 1.826009 -0.02580153 1.826009 -0.0785166 0.4237871 -0.07851701 0.4237871 -0.1312321 1.826009 -0.1312317 1.826009 -0.1839469 0.4237871 -0.1839472 0.4237871 -0.2366622 1.826009 -0.236662 1.826009 -0.2893772 0.4237871 -0.2893774 0.4237871 -0.3420925 1.826009 -0.3420923 1.826009 -0.3948074 0.4237871 -0.3948075 0.4237871 -0.4475225 1.826009 -0.4475225 -0.9784346 -0.4475225 0.4237871 -0.4475225 0.4237871 -0.3948074 -0.9784346 -0.3948074 -0.9784346 -0.3420923 0.4237871 -0.3420923 0.4237871 -0.2893772 -0.9784346 -0.2893772 1.826009 1.502936 0.4237871 1.502936 0.4237871 1.450221 1.826009 1.450221 1.978435 1.344791 1.978435 1.397506 1.902222 1.397506 1.902222 1.344791 1.978435 1.23936 1.978435 1.292075 1.902222 1.292076 1.902222 1.239361 1.978435 1.13393 1.978435 1.186645 1.902222 1.186645 1.902222 1.13393 1.978435 1.0285 1.978435 1.081215 1.902222 1.081215 1.902222 1.0285 1.978435 0.9230698 1.978435 0.9757848 1.902222 0.9757851 1.902222 0.9230701 1.978435 0.8176394 1.978435 0.8703544 1.902222 0.8703549 1.902222 0.8176397 1.978435 0.7122092 1.978435 0.7649243 1.902222 0.7649247 1.902222 0.7122095 1.978435 0.6067791 1.978435 0.6594942 1.902222 0.6594945 1.902222 0.6067793 1.978435 0.5013489 1.978435 0.5540639 1.902222 0.5540643 1.902222 0.5013492 1.978435 0.3959189 1.978435 0.4486338 1.902222 0.4486342 1.902222 0.395919 1.978435 0.2904886 1.978435 0.3432036 1.902222 0.343204 1.902222 0.2904888 1.978435 0.1850583 1.978435 0.2377735 1.902222 0.2377737 1.902222 0.1850585 1.978435 0.07962828 1.978435 0.1323433 1.902222 0.1323435 1.902222 0.07962846 1.978435 -0.02580189 1.978435 0.02691304 1.902222 0.02691328 1.902222 -0.02580171 1.978435 -0.131232 1.978435 -0.07851696 1.902222 -0.07851696 1.902222 -0.1312319 1.978435 -0.2366622 1.978435 -0.1839472 1.902222 -0.183947 1.902222 -0.2366622 1.978435 -0.3420925 1.978435 -0.2893774 1.902222 -0.2893772 1.902222 -0.3420925 1.978435 -0.4475226 1.978435 -0.3948075 1.902222 -0.3948075 1.902222 -0.4475225 1.978435 1.450221 1.978435 1.502935 1.902222 1.502936 1.902222 1.450221 -0.9784346 -0.1839469 0.4237871 -0.1839469 0.4237871 -0.1312317 -0.9784346 -0.1312317 -0.9784346 -0.1312317 0.4237871 -0.1312317 0.4237871 -0.0785166 -0.9784346 -0.0785166 -0.9784346 -0.0785166 0.4237871 -0.0785166 0.4237871 -0.02580153 -0.9784346 -0.02580153 -0.9784346 -0.02580153 0.4237871 -0.02580153 0.4237871 0.02691364 -0.9784346 0.02691364 -0.9784346 0.02691364 0.4237871 0.02691364 0.4237871 0.0796287 -0.9784346 0.0796287 -0.9784346 0.0796287 0.4237871 0.0796287 0.4237871 0.1323438 -0.9784346 0.1323438 -0.9784346 0.1323438 0.4237871 0.1323438 0.4237871 0.185059 -0.9784346 0.185059 -0.9784346 0.185059 0.4237871 0.185059 0.4237871 0.2377741 -0.9784346 0.2377741 -0.9784346 0.2377741 0.4237871 0.2377741 0.4237871 0.2904892 -0.9784346 0.2904892 -0.9784346 0.2904892 0.4237871 0.2904892 0.4237871 0.3432042 -0.9784346 0.3432042 -0.9784346 0.3432042 0.4237871 0.3432042 0.4237871 0.3959194 -0.9784346 0.3959194 -0.9784346 0.3959194 0.4237871 0.3959194 0.4237871 0.4486345 -0.9784346 0.4486345 -0.9784346 0.4486345 0.4237871 0.4486345 0.4237871 0.5013496 -0.9784346 0.5013496 -0.9784346 0.5013496 0.4237871 0.5013496 0.4237871 0.5540646 -0.9784346 0.5540646 -0.9784346 0.5540646 0.4237871 0.5540646 0.4237871 0.6067797 -0.9784346 0.6067797 -0.9784346 0.6067797 0.4237871 0.6067797 0.4237871 0.6594946 -0.9784346 0.6594946 -0.9784346 0.6594946 0.4237871 0.6594946 0.4237871 0.7122099 -0.9784346 0.7122099 -0.9784346 0.7122099 0.4237871 0.7122099 0.4237871 0.7649249 -0.9784346 0.7649249 -0.9784346 0.7649249 0.4237871 0.7649249 0.4237871 0.8176401 -0.9784346 0.8176401 -0.9784346 0.8176401 0.4237871 0.8176401 0.4237871 0.870355 -0.9784346 0.870355 -0.9784346 0.870355 0.4237871 0.870355 0.4237871 0.9230701 -0.9784346 0.9230701 -0.9784346 0.9230701 0.4237871 0.9230701 0.4237871 0.9757854 -0.9784346 0.9757854 -0.9784346 0.9757854 0.4237871 0.9757854 0.4237871 1.0285 -0.9784346 1.0285 -0.9784346 1.0285 0.4237871 1.0285 0.4237871 1.081215 -0.9784346 1.081215 -0.9784346 1.081215 0.4237871 1.081215 0.4237871 1.13393 -0.9784346 1.13393 -0.9784346 1.13393 0.4237871 1.13393 0.4237871 1.186645 -0.9784346 1.186645 -0.9784346 1.186645 0.4237871 1.186645 0.4237871 1.239361 -0.9784346 1.239361 -0.9784346 1.239361 0.4237871 1.239361 0.4237871 1.292076 -0.9784346 1.292076 -0.9784346 1.292076 0.4237871 1.292076 0.4237871 1.344791 -0.9784346 1.344791 -0.9784346 1.344791 0.4237871 1.344791 0.4237871 1.397506 -0.9784346 1.397506 -0.9784346 1.397506 0.4237871 1.397506 0.4237871 1.450221 -0.9784346 1.450221 1.826009 1.502936 1.826009 1.450221 1.902221 1.450221 1.902222 1.502936 1.826009 1.450221 1.826009 1.397506 1.902221 1.397506 1.902221 1.450221 1.826009 1.397506 1.826009 1.344791 1.902221 1.344791 1.902221 1.397506 1.826009 1.344791 1.826009 1.292076 1.902221 1.292076 1.902221 1.344791 1.826009 1.292076 1.826009 1.23936 1.902221 1.23936 1.902221 1.292076 1.826009 1.23936 1.826009 1.186645 1.902221 1.186645 1.902221 1.23936 1.826009 1.186645 1.826009 1.13393 1.902221 1.13393 1.902221 1.186645 1.826009 1.13393 1.826009 1.081215 1.902221 1.081215 1.902221 1.13393 1.826009 1.081215 1.826009 1.0285 1.902221 1.0285 1.902221 1.081215 1.826009 1.0285 1.826009 0.9757848 1.902221 0.9757848 1.902221 1.0285 1.826009 0.9757848 1.826009 0.9230698 1.902221 0.9230698 1.902221 0.9757848 1.826009 0.9230698 1.826009 0.8703545 1.902221 0.8703545 1.902221 0.9230698 1.826009 0.8703545 1.826009 0.8176394 1.902221 0.8176394 1.902221 0.8703545 1.826009 0.8176394 1.826009 0.7649243 1.902221 0.7649243 1.902221 0.8176394 1.826009 0.7649243 1.826009 0.7122092 1.902221 0.7122092 1.902221 0.7649243 1.826009 0.7122092 1.826009 0.6594944 1.902221 0.6594944 1.902221 0.7122092 1.826009 0.6594944 1.826009 0.6067791 1.902221 0.6067791 1.902221 0.6594944 1.826009 0.6067791 1.826009 0.5540639 1.902221 0.5540639 1.902221 0.6067791 1.826009 0.5540639 1.826009 0.5013489 1.902221 0.5013489 1.902221 0.5540639 1.826009 0.5013489 1.826009 0.4486338 1.902221 0.4486338 1.902221 0.5013489 1.826009 0.4486338 1.826009 0.3959189 1.902221 0.3959189 1.902221 0.4486338 1.826009 0.3959189 1.826009 0.3432037 1.902221 0.3432037 1.902221 0.3959189 1.826009 0.3432037 1.826009 0.2904886 1.902221 0.2904886 1.902221 0.3432037 1.826009 0.2904886 1.826009 0.2377735 1.902221 0.2377735 1.902221 0.2904886 1.826009 0.2377735 1.826009 0.1850584 1.902221 0.1850584 1.902221 0.2377735 1.826009 0.1850584 1.826009 0.1323433 1.902221 0.1323433 1.902221 0.1850584 1.826009 0.1323433 1.826009 0.07962828 1.902221 0.07962828 1.902221 0.1323433 1.826009 0.07962828 1.826009 0.02691316 1.902221 0.02691316 1.902221 0.07962828 1.826009 0.02691316 1.826009 -0.02580189 1.902221 -0.02580189 1.902221 0.02691316 1.826009 -0.02580189 1.826009 -0.07851696 1.902221 -0.07851696 1.902221 -0.02580189 1.826009 -0.07851696 1.826009 -0.131232 1.902221 -0.131232 1.902221 -0.07851696 1.826009 -0.131232 1.826009 -0.1839472 1.902221 -0.1839472 1.902221 -0.131232 1.826009 -0.1839472 1.826009 -0.2366622 1.902221 -0.2366622 1.902221 -0.1839472 1.826009 -0.2366622 1.826009 -0.2893773 1.902221 -0.2893773 1.902221 -0.2366622 1.826009 -0.2893773 1.826009 -0.3420923 1.902221 -0.3420923 1.902221 -0.2893773 1.826009 -0.3420923 1.826009 -0.3948074 1.902221 -0.3948074 1.902221 -0.3420923 1.826009 -0.3948074 1.826009 -0.4475226 1.902221 -0.4475226 1.902221 -0.3948074 1.826009 -0.4475226 1.826009 -0.5002377 1.902221 -0.5002377 1.902221 -0.4475226 -0.9784346 -0.2893772 0.4237871 -0.2893772 0.4237871 -0.236662 -0.9784346 -0.236662 1.826009 1.450221 0.4237871 1.450221 0.4237871 1.397506 1.826009 1.397506 -0.9784346 1.450221 0.4237871 1.450221 0.4237871 1.502936 -0.9784346 1.502936 1.978435 1.397506 1.978435 1.450221 1.902222 1.450221 1.902222 1.397506 1.978435 1.292075 1.978435 1.344791 1.902222 1.344791 1.902222 1.292076 1.978435 1.186645 1.978435 1.23936 1.902222 1.239361 1.902222 1.186645 1.978435 1.081215 1.978435 1.13393 1.902222 1.13393 1.902222 1.081215 1.978435 0.9757848 1.978435 1.0285 1.902222 1.0285 1.902222 0.9757851 1.978435 0.8703544 1.978435 0.9230698 1.902222 0.9230701 1.902222 0.8703549 1.978435 0.7649243 1.978435 0.8176394 1.902222 0.8176397 1.902222 0.7649247 1.978435 0.6594942 1.978435 0.7122092 1.902222 0.7122095 1.902222 0.6594945 1.978435 0.5540639 1.978435 0.6067791 1.902222 0.6067793 1.902222 0.5540643 1.978435 0.4486338 1.978435 0.5013489 1.902222 0.5013492 1.902222 0.4486342 1.978435 0.3432036 1.978435 0.3959189 1.902222 0.395919 1.902222 0.343204 1.978435 0.2377735 1.978435 0.2904886 1.902222 0.2904888 1.902222 0.2377737 1.978435 0.1323433 1.978435 0.1850583 1.902222 0.1850585 1.902222 0.1323435 1.978435 0.02691304 1.978435 0.07962828 1.902222 0.07962846 1.902222 0.02691328 1.978435 -0.07851696 1.978435 -0.02580189 1.902222 -0.02580171 1.902222 -0.07851696 1.978435 -0.1839472 1.978435 -0.131232 1.902222 -0.1312319 1.902222 -0.183947 1.978435 -0.2893774 1.978435 -0.2366622 1.902222 -0.2366622 1.902222 -0.2893772 1.978435 -0.3948075 1.978435 -0.3420925 1.902222 -0.3420925 1.902222 -0.3948075 1.978435 -0.5002377 1.978435 -0.4475226 1.902222 -0.4475225 1.902222 -0.5002377 1.826009 -0.4475225 0.4237871 -0.4475225 0.4237871 -0.5002377 1.826009 -0.5002377 -0.9784346 -0.236662 0.4237871 -0.236662 0.4237871 -0.1839469 -0.9784346 -0.1839469 -0.9784346 -0.3948074 0.4237871 -0.3948074 0.4237871 -0.3420923 -0.9784346 -0.3420923 -0.9784346 -0.5002377 0.4237871 -0.5002369 0.4237871 -0.4475225 -0.9784346 -0.4475225 1.826009 -0.3420923 0.4237871 -0.3420925 0.4237871 -0.3948075 1.826009 -0.3948074 1.826009 -0.236662 0.4237871 -0.2366622 0.4237871 -0.2893774 1.826009 -0.2893772 1.826009 -0.1312317 0.4237871 -0.1312321 0.4237871 -0.1839472 1.826009 -0.1839469 1.826009 -0.02580153 0.4237871 -0.02580189 0.4237871 -0.07851701 1.826009 -0.0785166 1.826009 0.0796287 0.4237871 0.07962828 0.4237871 0.02691328 1.826009 0.02691364 1.826009 0.185059 0.4237871 0.1850585 0.4237871 0.1323435 1.826009 0.1323438 1.826009 0.2904892 0.4237871 0.2904888 0.4237871 0.2377737 1.826009 0.2377741 1.826009 0.3959194 0.4237871 0.3959192 0.4237871 0.343204 1.826009 0.3432042 1.826009 0.5013496 0.4237871 0.5013492 0.4237871 0.4486342 1.826009 0.4486345 1.826009 0.6067797 0.4237871 0.6067793 0.4237871 0.5540643 1.826009 0.5540646 1.826009 0.7122099 0.4237871 0.7122097 0.4237871 0.6594945 1.826009 0.6594946 1.826009 0.8176401 0.4237871 0.8176397 0.4237871 0.7649247 1.826009 0.7649249 1.826009 0.9230701 0.4237871 0.92307 0.4237871 0.8703548 1.826009 0.870355 1.826009 1.0285 0.4237871 1.0285 0.4237871 0.975785 1.826009 0.9757854 1.826009 1.13393 0.4237871 1.13393 0.4237871 1.081215 1.826009 1.081215 1.826009 1.239361 0.4237871 1.239361 0.4237871 1.186645 1.826009 1.186645 1.826009 1.344791 0.4237871 1.344791 0.4237871 1.292076 1.826009 1.292076 1.826009 1.397506 0.4237871 1.397506 0.4237871 1.344791 1.826009 1.344791 1.826009 1.292076 0.4237871 1.292076 0.4237871 1.239361 1.826009 1.239361 1.826009 1.186645 0.4237871 1.186645 0.4237871 1.13393 1.826009 1.13393 1.826009 1.081215 0.4237871 1.081215 0.4237871 1.0285 1.826009 1.0285 1.826009 0.9757854 0.4237871 0.975785 0.4237871 0.92307 1.826009 0.9230701 1.826009 0.870355 0.4237871 0.8703548 0.4237871 0.8176397 1.826009 0.8176401 1.826009 0.7649249 0.4237871 0.7649247 0.4237871 0.7122097 1.826009 0.7122099 1.826009 0.6594946 0.4237871 0.6594945 0.4237871 0.6067793 1.826009 0.6067797 1.826009 0.5540646 0.4237871 0.5540643 0.4237871 0.5013492 1.826009 0.5013496 1.826009 0.4486345 0.4237871 0.4486342 0.4237871 0.3959192 1.826009 0.3959194 1.826009 0.3432042 0.4237871 0.343204 0.4237871 0.2904888 1.826009 0.2904892 1.826009 0.2377741 0.4237871 0.2377737 0.4237871 0.1850585 1.826009 0.185059 1.826009 0.1323438 0.4237871 0.1323435 0.4237871 0.07962828 1.826009 0.0796287 1.826009 0.02691364 0.4237871 0.02691328 0.4237871 -0.02580189 1.826009 -0.02580153 1.826009 -0.0785166 0.4237871 -0.07851701 0.4237871 -0.1312321 1.826009 -0.1312317 1.826009 -0.1839469 0.4237871 -0.1839472 0.4237871 -0.2366622 1.826009 -0.236662 1.826009 -0.2893772 0.4237871 -0.2893774 0.4237871 -0.3420925 1.826009 -0.3420923 1.826009 -0.3948074 0.4237871 -0.3948075 0.4237871 -0.4475225 1.826009 -0.4475225 -0.9784346 -0.4475225 0.4237871 -0.4475225 0.4237871 -0.3948074 -0.9784346 -0.3948074 -0.9784346 -0.3420923 0.4237871 -0.3420923 0.4237871 -0.2893772 -0.9784346 -0.2893772 1.826009 1.502936 0.4237871 1.502936 0.4237871 1.450221 1.826009 1.450221 1.978435 1.344791 1.978435 1.397506 1.902222 1.397506 1.902222 1.344791 1.978435 1.23936 1.978435 1.292075 1.902222 1.292076 1.902222 1.239361 1.978435 1.13393 1.978435 1.186645 1.902222 1.186645 1.902222 1.13393 1.978435 1.0285 1.978435 1.081215 1.902222 1.081215 1.902222 1.0285 1.978435 0.9230698 1.978435 0.9757848 1.902222 0.9757851 1.902222 0.9230701 1.978435 0.8176394 1.978435 0.8703544 1.902222 0.8703549 1.902222 0.8176397 1.978435 0.7122092 1.978435 0.7649243 1.902222 0.7649247 1.902222 0.7122095 1.978435 0.6067791 1.978435 0.6594942 1.902222 0.6594945 1.902222 0.6067793 1.978435 0.5013489 1.978435 0.5540639 1.902222 0.5540643 1.902222 0.5013492 1.978435 0.3959189 1.978435 0.4486338 1.902222 0.4486342 1.902222 0.395919 1.978435 0.2904886 1.978435 0.3432036 1.902222 0.343204 1.902222 0.2904888 1.978435 0.1850583 1.978435 0.2377735 1.902222 0.2377737 1.902222 0.1850585 1.978435 0.07962828 1.978435 0.1323433 1.902222 0.1323435 1.902222 0.07962846 1.978435 -0.02580189 1.978435 0.02691304 1.902222 0.02691328 1.902222 -0.02580171 1.978435 -0.131232 1.978435 -0.07851696 1.902222 -0.07851696 1.902222 -0.1312319 1.978435 -0.2366622 1.978435 -0.1839472 1.902222 -0.183947 1.902222 -0.2366622 1.978435 -0.3420925 1.978435 -0.2893774 1.902222 -0.2893772 1.902222 -0.3420925 1.978435 -0.4475226 1.978435 -0.3948075 1.902222 -0.3948075 1.902222 -0.4475225 1.978435 1.450221 1.978435 1.502935 1.902222 1.502936 1.902222 1.450221 -0.9784346 -0.1839469 0.4237871 -0.1839469 0.4237871 -0.1312317 -0.9784346 -0.1312317 -0.9784346 -0.1312317 0.4237871 -0.1312317 0.4237871 -0.0785166 -0.9784346 -0.0785166 -0.9784346 -0.0785166 0.4237871 -0.0785166 0.4237871 -0.02580153 -0.9784346 -0.02580153 -0.9784346 -0.02580153 0.4237871 -0.02580153 0.4237871 0.02691364 -0.9784346 0.02691364 -0.9784346 0.02691364 0.4237871 0.02691364 0.4237871 0.0796287 -0.9784346 0.0796287 -0.9784346 0.0796287 0.4237871 0.0796287 0.4237871 0.1323438 -0.9784346 0.1323438 -0.9784346 0.1323438 0.4237871 0.1323438 0.4237871 0.185059 -0.9784346 0.185059 -0.9784346 0.185059 0.4237871 0.185059 0.4237871 0.2377741 -0.9784346 0.2377741 -0.9784346 0.2377741 0.4237871 0.2377741 0.4237871 0.2904892 -0.9784346 0.2904892 -0.9784346 0.2904892 0.4237871 0.2904892 0.4237871 0.3432042 -0.9784346 0.3432042 -0.9784346 0.3432042 0.4237871 0.3432042 0.4237871 0.3959194 -0.9784346 0.3959194 -0.9784346 0.3959194 0.4237871 0.3959194 0.4237871 0.4486345 -0.9784346 0.4486345 -0.9784346 0.4486345 0.4237871 0.4486345 0.4237871 0.5013496 -0.9784346 0.5013496 -0.9784346 0.5013496 0.4237871 0.5013496 0.4237871 0.5540646 -0.9784346 0.5540646 -0.9784346 0.5540646 0.4237871 0.5540646 0.4237871 0.6067797 -0.9784346 0.6067797 -0.9784346 0.6067797 0.4237871 0.6067797 0.4237871 0.6594946 -0.9784346 0.6594946 -0.9784346 0.6594946 0.4237871 0.6594946 0.4237871 0.7122099 -0.9784346 0.7122099 -0.9784346 0.7122099 0.4237871 0.7122099 0.4237871 0.7649249 -0.9784346 0.7649249 -0.9784346 0.7649249 0.4237871 0.7649249 0.4237871 0.8176401 -0.9784346 0.8176401 -0.9784346 0.8176401 0.4237871 0.8176401 0.4237871 0.870355 -0.9784346 0.870355 -0.9784346 0.870355 0.4237871 0.870355 0.4237871 0.9230701 -0.9784346 0.9230701 -0.9784346 0.9230701 0.4237871 0.9230701 0.4237871 0.9757854 -0.9784346 0.9757854 -0.9784346 0.9757854 0.4237871 0.9757854 0.4237871 1.0285 -0.9784346 1.0285 -0.9784346 1.0285 0.4237871 1.0285 0.4237871 1.081215 -0.9784346 1.081215 -0.9784346 1.081215 0.4237871 1.081215 0.4237871 1.13393 -0.9784346 1.13393 -0.9784346 1.13393 0.4237871 1.13393 0.4237871 1.186645 -0.9784346 1.186645 -0.9784346 1.186645 0.4237871 1.186645 0.4237871 1.239361 -0.9784346 1.239361 -0.9784346 1.239361 0.4237871 1.239361 0.4237871 1.292076 -0.9784346 1.292076 -0.9784346 1.292076 0.4237871 1.292076 0.4237871 1.344791 -0.9784346 1.344791 -0.9784346 1.344791 0.4237871 1.344791 0.4237871 1.397506 -0.9784346 1.397506 -0.9784346 1.397506 0.4237871 1.397506 0.4237871 1.450221 -0.9784346 1.450221 1.826009 1.502936 1.826009 1.450221 1.902221 1.450221 1.902222 1.502936 1.826009 1.450221 1.826009 1.397506 1.902221 1.397506 1.902221 1.450221 1.826009 1.397506 1.826009 1.344791 1.902221 1.344791 1.902221 1.397506 1.826009 1.344791 1.826009 1.292076 1.902221 1.292076 1.902221 1.344791 1.826009 1.292076 1.826009 1.23936 1.902221 1.23936 1.902221 1.292076 1.826009 1.23936 1.826009 1.186645 1.902221 1.186645 1.902221 1.23936 1.826009 1.186645 1.826009 1.13393 1.902221 1.13393 1.902221 1.186645 1.826009 1.13393 1.826009 1.081215 1.902221 1.081215 1.902221 1.13393 1.826009 1.081215 1.826009 1.0285 1.902221 1.0285 1.902221 1.081215 1.826009 1.0285 1.826009 0.9757848 1.902221 0.9757848 1.902221 1.0285 1.826009 0.9757848 1.826009 0.9230698 1.902221 0.9230698 1.902221 0.9757848 1.826009 0.9230698 1.826009 0.8703545 1.902221 0.8703545 1.902221 0.9230698 1.826009 0.8703545 1.826009 0.8176394 1.902221 0.8176394 1.902221 0.8703545 1.826009 0.8176394 1.826009 0.7649243 1.902221 0.7649243 1.902221 0.8176394 1.826009 0.7649243 1.826009 0.7122092 1.902221 0.7122092 1.902221 0.7649243 1.826009 0.7122092 1.826009 0.6594944 1.902221 0.6594944 1.902221 0.7122092 1.826009 0.6594944 1.826009 0.6067791 1.902221 0.6067791 1.902221 0.6594944 1.826009 0.6067791 1.826009 0.5540639 1.902221 0.5540639 1.902221 0.6067791 1.826009 0.5540639 1.826009 0.5013489 1.902221 0.5013489 1.902221 0.5540639 1.826009 0.5013489 1.826009 0.4486338 1.902221 0.4486338 1.902221 0.5013489 1.826009 0.4486338 1.826009 0.3959189 1.902221 0.3959189 1.902221 0.4486338 1.826009 0.3959189 1.826009 0.3432037 1.902221 0.3432037 1.902221 0.3959189 1.826009 0.3432037 1.826009 0.2904886 1.902221 0.2904886 1.902221 0.3432037 1.826009 0.2904886 1.826009 0.2377735 1.902221 0.2377735 1.902221 0.2904886 1.826009 0.2377735 1.826009 0.1850584 1.902221 0.1850584 1.902221 0.2377735 1.826009 0.1850584 1.826009 0.1323433 1.902221 0.1323433 1.902221 0.1850584 1.826009 0.1323433 1.826009 0.07962828 1.902221 0.07962828 1.902221 0.1323433 1.826009 0.07962828 1.826009 0.02691316 1.902221 0.02691316 1.902221 0.07962828 1.826009 0.02691316 1.826009 -0.02580189 1.902221 -0.02580189 1.902221 0.02691316 1.826009 -0.02580189 1.826009 -0.07851696 1.902221 -0.07851696 1.902221 -0.02580189 1.826009 -0.07851696 1.826009 -0.131232 1.902221 -0.131232 1.902221 -0.07851696 1.826009 -0.131232 1.826009 -0.1839472 1.902221 -0.1839472 1.902221 -0.131232 1.826009 -0.1839472 1.826009 -0.2366622 1.902221 -0.2366622 1.902221 -0.1839472 1.826009 -0.2366622 1.826009 -0.2893773 1.902221 -0.2893773 1.902221 -0.2366622 1.826009 -0.2893773 1.826009 -0.3420923 1.902221 -0.3420923 1.902221 -0.2893773 1.826009 -0.3420923 1.826009 -0.3948074 1.902221 -0.3948074 1.902221 -0.3420923 1.826009 -0.3948074 1.826009 -0.4475226 1.902221 -0.4475226 1.902221 -0.3948074 1.826009 -0.4475226 1.826009 -0.5002377 1.902221 -0.5002377 1.902221 -0.4475226 -0.9784346 -0.2893772 0.4237871 -0.2893772 0.4237871 -0.236662 -0.9784346 -0.236662 1.826009 1.450221 0.4237871 1.450221 0.4237871 1.397506 1.826009 1.397506 -0.9784346 1.450221 0.4237871 1.450221 0.4237871 1.502936 -0.9784346 1.502936 1.978435 1.397506 1.978435 1.450221 1.902222 1.450221 1.902222 1.397506 1.978435 1.292075 1.978435 1.344791 1.902222 1.344791 1.902222 1.292076 1.978435 1.186645 1.978435 1.23936 1.902222 1.239361 1.902222 1.186645 1.978435 1.081215 1.978435 1.13393 1.902222 1.13393 1.902222 1.081215 1.978435 0.9757848 1.978435 1.0285 1.902222 1.0285 1.902222 0.9757851 1.978435 0.8703544 1.978435 0.9230698 1.902222 0.9230701 1.902222 0.8703549 1.978435 0.7649243 1.978435 0.8176394 1.902222 0.8176397 1.902222 0.7649247 1.978435 0.6594942 1.978435 0.7122092 1.902222 0.7122095 1.902222 0.6594945 1.978435 0.5540639 1.978435 0.6067791 1.902222 0.6067793 1.902222 0.5540643 1.978435 0.4486338 1.978435 0.5013489 1.902222 0.5013492 1.902222 0.4486342 1.978435 0.3432036 1.978435 0.3959189 1.902222 0.395919 1.902222 0.343204 1.978435 0.2377735 1.978435 0.2904886 1.902222 0.2904888 1.902222 0.2377737 1.978435 0.1323433 1.978435 0.1850583 1.902222 0.1850585 1.902222 0.1323435 1.978435 0.02691304 1.978435 0.07962828 1.902222 0.07962846 1.902222 0.02691328 1.978435 -0.07851696 1.978435 -0.02580189 1.902222 -0.02580171 1.902222 -0.07851696 1.978435 -0.1839472 1.978435 -0.131232 1.902222 -0.1312319 1.902222 -0.183947 1.978435 -0.2893774 1.978435 -0.2366622 1.902222 -0.2366622 1.902222 -0.2893772 1.978435 -0.3948075 1.978435 -0.3420925 1.902222 -0.3420925 1.902222 -0.3948075 1.978435 -0.5002377 1.978435 -0.4475226 1.902222 -0.4475225 1.902222 -0.5002377 1.826009 -0.4475225 0.4237871 -0.4475225 0.4237871 -0.5002377 1.826009 -0.5002377 -0.9784346 -0.236662 0.4237871 -0.236662 0.4237871 -0.1839469 -0.9784346 -0.1839469 -0.9784346 -0.3948074 0.4237871 -0.3948074 0.4237871 -0.3420923 -0.9784346 -0.3420923 -0.9784346 -0.5002377 0.4237871 -0.5002369 0.4237871 -0.4475225 -0.9784346 -0.4475225 1.826009 -0.3420923 0.4237871 -0.3420925 0.4237871 -0.3948075 1.826009 -0.3948074 1.826009 -0.236662 0.4237871 -0.2366622 0.4237871 -0.2893774 1.826009 -0.2893772 1.826009 -0.1312317 0.4237871 -0.1312321 0.4237871 -0.1839472 1.826009 -0.1839469 1.826009 -0.02580153 0.4237871 -0.02580189 0.4237871 -0.07851701 1.826009 -0.0785166 1.826009 0.0796287 0.4237871 0.07962828 0.4237871 0.02691328 1.826009 0.02691364 1.826009 0.185059 0.4237871 0.1850585 0.4237871 0.1323435 1.826009 0.1323438 1.826009 0.2904892 0.4237871 0.2904888 0.4237871 0.2377737 1.826009 0.2377741 1.826009 0.3959194 0.4237871 0.3959192 0.4237871 0.343204 1.826009 0.3432042 1.826009 0.5013496 0.4237871 0.5013492 0.4237871 0.4486342 1.826009 0.4486345 1.826009 0.6067797 0.4237871 0.6067793 0.4237871 0.5540643 1.826009 0.5540646 1.826009 0.7122099 0.4237871 0.7122097 0.4237871 0.6594945 1.826009 0.6594946 1.826009 0.8176401 0.4237871 0.8176397 0.4237871 0.7649247 1.826009 0.7649249 1.826009 0.9230701 0.4237871 0.92307 0.4237871 0.8703548 1.826009 0.870355 1.826009 1.0285 0.4237871 1.0285 0.4237871 0.975785 1.826009 0.9757854 1.826009 1.13393 0.4237871 1.13393 0.4237871 1.081215 1.826009 1.081215 1.826009 1.239361 0.4237871 1.239361 0.4237871 1.186645 1.826009 1.186645 1.826009 1.344791 0.4237871 1.344791 0.4237871 1.292076 1.826009 1.292076 1.826009 1.397506 0.4237871 1.397506 0.4237871 1.344791 1.826009 1.344791 1.826009 1.292076 0.4237871 1.292076 0.4237871 1.239361 1.826009 1.239361 1.826009 1.186645 0.4237871 1.186645 0.4237871 1.13393 1.826009 1.13393 1.826009 1.081215 0.4237871 1.081215 0.4237871 1.0285 1.826009 1.0285 1.826009 0.9757854 0.4237871 0.975785 0.4237871 0.92307 1.826009 0.9230701 1.826009 0.870355 0.4237871 0.8703548 0.4237871 0.8176397 1.826009 0.8176401 1.826009 0.7649249 0.4237871 0.7649247 0.4237871 0.7122097 1.826009 0.7122099 1.826009 0.6594946 0.4237871 0.6594945 0.4237871 0.6067793 1.826009 0.6067797 1.826009 0.5540646 0.4237871 0.5540643 0.4237871 0.5013492 1.826009 0.5013496 1.826009 0.4486345 0.4237871 0.4486342 0.4237871 0.3959192 1.826009 0.3959194 1.826009 0.3432042 0.4237871 0.343204 0.4237871 0.2904888 1.826009 0.2904892 1.826009 0.2377741 0.4237871 0.2377737 0.4237871 0.1850585 1.826009 0.185059 1.826009 0.1323438 0.4237871 0.1323435 0.4237871 0.07962828 1.826009 0.0796287 1.826009 0.02691364 0.4237871 0.02691328 0.4237871 -0.02580189 1.826009 -0.02580153 1.826009 -0.0785166 0.4237871 -0.07851701 0.4237871 -0.1312321 1.826009 -0.1312317 1.826009 -0.1839469 0.4237871 -0.1839472 0.4237871 -0.2366622 1.826009 -0.236662 1.826009 -0.2893772 0.4237871 -0.2893774 0.4237871 -0.3420925 1.826009 -0.3420923 1.826009 -0.3948074 0.4237871 -0.3948075 0.4237871 -0.4475225 1.826009 -0.4475225 -0.9784346 -0.4475225 0.4237871 -0.4475225 0.4237871 -0.3948074 -0.9784346 -0.3948074 -0.9784346 -0.3420923 0.4237871 -0.3420923 0.4237871 -0.2893772 -0.9784346 -0.2893772 1.826009 1.502936 0.4237871 1.502936 0.4237871 1.450221 1.826009 1.450221 1.978435 1.344791 1.978435 1.397506 1.902222 1.397506 1.902222 1.344791 1.978435 1.23936 1.978435 1.292075 1.902222 1.292076 1.902222 1.239361 1.978435 1.13393 1.978435 1.186645 1.902222 1.186645 1.902222 1.13393 1.978435 1.0285 1.978435 1.081215 1.902222 1.081215 1.902222 1.0285 1.978435 0.9230698 1.978435 0.9757848 1.902222 0.9757851 1.902222 0.9230701 1.978435 0.8176394 1.978435 0.8703544 1.902222 0.8703549 1.902222 0.8176397 1.978435 0.7122092 1.978435 0.7649243 1.902222 0.7649247 1.902222 0.7122095 1.978435 0.6067791 1.978435 0.6594942 1.902222 0.6594945 1.902222 0.6067793 1.978435 0.5013489 1.978435 0.5540639 1.902222 0.5540643 1.902222 0.5013492 1.978435 0.3959189 1.978435 0.4486338 1.902222 0.4486342 1.902222 0.395919 1.978435 0.2904886 1.978435 0.3432036 1.902222 0.343204 1.902222 0.2904888 1.978435 0.1850583 1.978435 0.2377735 1.902222 0.2377737 1.902222 0.1850585 1.978435 0.07962828 1.978435 0.1323433 1.902222 0.1323435 1.902222 0.07962846 1.978435 -0.02580189 1.978435 0.02691304 1.902222 0.02691328 1.902222 -0.02580171 1.978435 -0.131232 1.978435 -0.07851696 1.902222 -0.07851696 1.902222 -0.1312319 1.978435 -0.2366622 1.978435 -0.1839472 1.902222 -0.183947 1.902222 -0.2366622 1.978435 -0.3420925 1.978435 -0.2893774 1.902222 -0.2893772 1.902222 -0.3420925 1.978435 -0.4475226 1.978435 -0.3948075 1.902222 -0.3948075 1.902222 -0.4475225 1.978435 1.450221 1.978435 1.502935 1.902222 1.502936 1.902222 1.450221 -0.9784346 -0.1839469 0.4237871 -0.1839469 0.4237871 -0.1312317 -0.9784346 -0.1312317 -0.9784346 -0.1312317 0.4237871 -0.1312317 0.4237871 -0.0785166 -0.9784346 -0.0785166 -0.9784346 -0.0785166 0.4237871 -0.0785166 0.4237871 -0.02580153 -0.9784346 -0.02580153 -0.9784346 -0.02580153 0.4237871 -0.02580153 0.4237871 0.02691364 -0.9784346 0.02691364 -0.9784346 0.02691364 0.4237871 0.02691364 0.4237871 0.0796287 -0.9784346 0.0796287 -0.9784346 0.0796287 0.4237871 0.0796287 0.4237871 0.1323438 -0.9784346 0.1323438 -0.9784346 0.1323438 0.4237871 0.1323438 0.4237871 0.185059 -0.9784346 0.185059 -0.9784346 0.185059 0.4237871 0.185059 0.4237871 0.2377741 -0.9784346 0.2377741 -0.9784346 0.2377741 0.4237871 0.2377741 0.4237871 0.2904892 -0.9784346 0.2904892 -0.9784346 0.2904892 0.4237871 0.2904892 0.4237871 0.3432042 -0.9784346 0.3432042 -0.9784346 0.3432042 0.4237871 0.3432042 0.4237871 0.3959194 -0.9784346 0.3959194 -0.9784346 0.3959194 0.4237871 0.3959194 0.4237871 0.4486345 -0.9784346 0.4486345 -0.9784346 0.4486345 0.4237871 0.4486345 0.4237871 0.5013496 -0.9784346 0.5013496 -0.9784346 0.5013496 0.4237871 0.5013496 0.4237871 0.5540646 -0.9784346 0.5540646 -0.9784346 0.5540646 0.4237871 0.5540646 0.4237871 0.6067797 -0.9784346 0.6067797 -0.9784346 0.6067797 0.4237871 0.6067797 0.4237871 0.6594946 -0.9784346 0.6594946 -0.9784346 0.6594946 0.4237871 0.6594946 0.4237871 0.7122099 -0.9784346 0.7122099 -0.9784346 0.7122099 0.4237871 0.7122099 0.4237871 0.7649249 -0.9784346 0.7649249 -0.9784346 0.7649249 0.4237871 0.7649249 0.4237871 0.8176401 -0.9784346 0.8176401 -0.9784346 0.8176401 0.4237871 0.8176401 0.4237871 0.870355 -0.9784346 0.870355 -0.9784346 0.870355 0.4237871 0.870355 0.4237871 0.9230701 -0.9784346 0.9230701 -0.9784346 0.9230701 0.4237871 0.9230701 0.4237871 0.9757854 -0.9784346 0.9757854 -0.9784346 0.9757854 0.4237871 0.9757854 0.4237871 1.0285 -0.9784346 1.0285 -0.9784346 1.0285 0.4237871 1.0285 0.4237871 1.081215 -0.9784346 1.081215 -0.9784346 1.081215 0.4237871 1.081215 0.4237871 1.13393 -0.9784346 1.13393 -0.9784346 1.13393 0.4237871 1.13393 0.4237871 1.186645 -0.9784346 1.186645 -0.9784346 1.186645 0.4237871 1.186645 0.4237871 1.239361 -0.9784346 1.239361 -0.9784346 1.239361 0.4237871 1.239361 0.4237871 1.292076 -0.9784346 1.292076 -0.9784346 1.292076 0.4237871 1.292076 0.4237871 1.344791 -0.9784346 1.344791 -0.9784346 1.344791 0.4237871 1.344791 0.4237871 1.397506 -0.9784346 1.397506 -0.9784346 1.397506 0.4237871 1.397506 0.4237871 1.450221 -0.9784346 1.450221 1.826009 1.502936 1.826009 1.450221 1.902221 1.450221 1.902222 1.502936 1.826009 1.450221 1.826009 1.397506 1.902221 1.397506 1.902221 1.450221 1.826009 1.397506 1.826009 1.344791 1.902221 1.344791 1.902221 1.397506 1.826009 1.344791 1.826009 1.292076 1.902221 1.292076 1.902221 1.344791 1.826009 1.292076 1.826009 1.23936 1.902221 1.23936 1.902221 1.292076 1.826009 1.23936 1.826009 1.186645 1.902221 1.186645 1.902221 1.23936 1.826009 1.186645 1.826009 1.13393 1.902221 1.13393 1.902221 1.186645 1.826009 1.13393 1.826009 1.081215 1.902221 1.081215 1.902221 1.13393 1.826009 1.081215 1.826009 1.0285 1.902221 1.0285 1.902221 1.081215 1.826009 1.0285 1.826009 0.9757848 1.902221 0.9757848 1.902221 1.0285 1.826009 0.9757848 1.826009 0.9230698 1.902221 0.9230698 1.902221 0.9757848 1.826009 0.9230698 1.826009 0.8703545 1.902221 0.8703545 1.902221 0.9230698 1.826009 0.8703545 1.826009 0.8176394 1.902221 0.8176394 1.902221 0.8703545 1.826009 0.8176394 1.826009 0.7649243 1.902221 0.7649243 1.902221 0.8176394 1.826009 0.7649243 1.826009 0.7122092 1.902221 0.7122092 1.902221 0.7649243 1.826009 0.7122092 1.826009 0.6594944 1.902221 0.6594944 1.902221 0.7122092 1.826009 0.6594944 1.826009 0.6067791 1.902221 0.6067791 1.902221 0.6594944 1.826009 0.6067791 1.826009 0.5540639 1.902221 0.5540639 1.902221 0.6067791 1.826009 0.5540639 1.826009 0.5013489 1.902221 0.5013489 1.902221 0.5540639 1.826009 0.5013489 1.826009 0.4486338 1.902221 0.4486338 1.902221 0.5013489 1.826009 0.4486338 1.826009 0.3959189 1.902221 0.3959189 1.902221 0.4486338 1.826009 0.3959189 1.826009 0.3432037 1.902221 0.3432037 1.902221 0.3959189 1.826009 0.3432037 1.826009 0.2904886 1.902221 0.2904886 1.902221 0.3432037 1.826009 0.2904886 1.826009 0.2377735 1.902221 0.2377735 1.902221 0.2904886 1.826009 0.2377735 1.826009 0.1850584 1.902221 0.1850584 1.902221 0.2377735 1.826009 0.1850584 1.826009 0.1323433 1.902221 0.1323433 1.902221 0.1850584 1.826009 0.1323433 1.826009 0.07962828 1.902221 0.07962828 1.902221 0.1323433 1.826009 0.07962828 1.826009 0.02691316 1.902221 0.02691316 1.902221 0.07962828 1.826009 0.02691316 1.826009 -0.02580189 1.902221 -0.02580189 1.902221 0.02691316 1.826009 -0.02580189 1.826009 -0.07851696 1.902221 -0.07851696 1.902221 -0.02580189 1.826009 -0.07851696 1.826009 -0.131232 1.902221 -0.131232 1.902221 -0.07851696 1.826009 -0.131232 1.826009 -0.1839472 1.902221 -0.1839472 1.902221 -0.131232 1.826009 -0.1839472 1.826009 -0.2366622 1.902221 -0.2366622 1.902221 -0.1839472 1.826009 -0.2366622 1.826009 -0.2893773 1.902221 -0.2893773 1.902221 -0.2366622 1.826009 -0.2893773 1.826009 -0.3420923 1.902221 -0.3420923 1.902221 -0.2893773 1.826009 -0.3420923 1.826009 -0.3948074 1.902221 -0.3948074 1.902221 -0.3420923 1.826009 -0.3948074 1.826009 -0.4475226 1.902221 -0.4475226 1.902221 -0.3948074 1.826009 -0.4475226 1.826009 -0.5002377 1.902221 -0.5002377 1.902221 -0.4475226 -0.9784346 -0.2893772 0.4237871 -0.2893772 0.4237871 -0.236662 -0.9784346 -0.236662 1.826009 1.450221 0.4237871 1.450221 0.4237871 1.397506 1.826009 1.397506 -0.9784346 1.450221 0.4237871 1.450221 0.4237871 1.502936 -0.9784346 1.502936 1.978435 1.397506 1.978435 1.450221 1.902222 1.450221 1.902222 1.397506 1.978435 1.292075 1.978435 1.344791 1.902222 1.344791 1.902222 1.292076 1.978435 1.186645 1.978435 1.23936 1.902222 1.239361 1.902222 1.186645 1.978435 1.081215 1.978435 1.13393 1.902222 1.13393 1.902222 1.081215 1.978435 0.9757848 1.978435 1.0285 1.902222 1.0285 1.902222 0.9757851 1.978435 0.8703544 1.978435 0.9230698 1.902222 0.9230701 1.902222 0.8703549 1.978435 0.7649243 1.978435 0.8176394 1.902222 0.8176397 1.902222 0.7649247 1.978435 0.6594942 1.978435 0.7122092 1.902222 0.7122095 1.902222 0.6594945 1.978435 0.5540639 1.978435 0.6067791 1.902222 0.6067793 1.902222 0.5540643 1.978435 0.4486338 1.978435 0.5013489 1.902222 0.5013492 1.902222 0.4486342 1.978435 0.3432036 1.978435 0.3959189 1.902222 0.395919 1.902222 0.343204 1.978435 0.2377735 1.978435 0.2904886 1.902222 0.2904888 1.902222 0.2377737 1.978435 0.1323433 1.978435 0.1850583 1.902222 0.1850585 1.902222 0.1323435 1.978435 0.02691304 1.978435 0.07962828 1.902222 0.07962846 1.902222 0.02691328 1.978435 -0.07851696 1.978435 -0.02580189 1.902222 -0.02580171 1.902222 -0.07851696 1.978435 -0.1839472 1.978435 -0.131232 1.902222 -0.1312319 1.902222 -0.183947 1.978435 -0.2893774 1.978435 -0.2366622 1.902222 -0.2366622 1.902222 -0.2893772 1.978435 -0.3948075 1.978435 -0.3420925 1.902222 -0.3420925 1.902222 -0.3948075 1.978435 -0.5002377 1.978435 -0.4475226 1.902222 -0.4475225 1.902222 -0.5002377 1.826009 -0.4475225 0.4237871 -0.4475225 0.4237871 -0.5002377 1.826009 -0.5002377 -0.9784346 -0.236662 0.4237871 -0.236662 0.4237871 -0.1839469 -0.9784346 -0.1839469 -0.9784346 -0.3948074 0.4237871 -0.3948074 0.4237871 -0.3420923 -0.9784346 -0.3420923 -0.9784346 -0.5002377 0.4237871 -0.5002369 0.4237871 -0.4475225 -0.9784346 -0.4475225 1.826009 -0.3420923 0.4237871 -0.3420925 0.4237871 -0.3948075 1.826009 -0.3948074 1.826009 -0.236662 0.4237871 -0.2366622 0.4237871 -0.2893774 1.826009 -0.2893772 1.826009 -0.1312317 0.4237871 -0.1312321 0.4237871 -0.1839472 1.826009 -0.1839469 1.826009 -0.02580153 0.4237871 -0.02580189 0.4237871 -0.07851701 1.826009 -0.0785166 1.826009 0.0796287 0.4237871 0.07962828 0.4237871 0.02691328 1.826009 0.02691364 1.826009 0.185059 0.4237871 0.1850585 0.4237871 0.1323435 1.826009 0.1323438 1.826009 0.2904892 0.4237871 0.2904888 0.4237871 0.2377737 1.826009 0.2377741 1.826009 0.3959194 0.4237871 0.3959192 0.4237871 0.343204 1.826009 0.3432042 1.826009 0.5013496 0.4237871 0.5013492 0.4237871 0.4486342 1.826009 0.4486345 1.826009 0.6067797 0.4237871 0.6067793 0.4237871 0.5540643 1.826009 0.5540646 1.826009 0.7122099 0.4237871 0.7122097 0.4237871 0.6594945 1.826009 0.6594946 1.826009 0.8176401 0.4237871 0.8176397 0.4237871 0.7649247 1.826009 0.7649249 1.826009 0.9230701 0.4237871 0.92307 0.4237871 0.8703548 1.826009 0.870355 1.826009 1.0285 0.4237871 1.0285 0.4237871 0.975785 1.826009 0.9757854 1.826009 1.13393 0.4237871 1.13393 0.4237871 1.081215 1.826009 1.081215 1.826009 1.239361 0.4237871 1.239361 0.4237871 1.186645 1.826009 1.186645 1.826009 1.344791 0.4237871 1.344791 0.4237871 1.292076 1.826009 1.292076 1.826009 1.397506 0.4237871 1.397506 0.4237871 1.344791 1.826009 1.344791 1.826009 1.292076 0.4237871 1.292076 0.4237871 1.239361 1.826009 1.239361 1.826009 1.186645 0.4237871 1.186645 0.4237871 1.13393 1.826009 1.13393 1.826009 1.081215 0.4237871 1.081215 0.4237871 1.0285 1.826009 1.0285 1.826009 0.9757854 0.4237871 0.975785 0.4237871 0.92307 1.826009 0.9230701 1.826009 0.870355 0.4237871 0.8703548 0.4237871 0.8176397 1.826009 0.8176401 1.826009 0.7649249 0.4237871 0.7649247 0.4237871 0.7122097 1.826009 0.7122099 1.826009 0.6594946 0.4237871 0.6594945 0.4237871 0.6067793 1.826009 0.6067797 1.826009 0.5540646 0.4237871 0.5540643 0.4237871 0.5013492 1.826009 0.5013496 1.826009 0.4486345 0.4237871 0.4486342 0.4237871 0.3959192 1.826009 0.3959194 1.826009 0.3432042 0.4237871 0.343204 0.4237871 0.2904888 1.826009 0.2904892 1.826009 0.2377741 0.4237871 0.2377737 0.4237871 0.1850585 1.826009 0.185059 1.826009 0.1323438 0.4237871 0.1323435 0.4237871 0.07962828 1.826009 0.0796287 1.826009 0.02691364 0.4237871 0.02691328 0.4237871 -0.02580189 1.826009 -0.02580153 1.826009 -0.0785166 0.4237871 -0.07851701 0.4237871 -0.1312321 1.826009 -0.1312317 1.826009 -0.1839469 0.4237871 -0.1839472 0.4237871 -0.2366622 1.826009 -0.236662 1.826009 -0.2893772 0.4237871 -0.2893774 0.4237871 -0.3420925 1.826009 -0.3420923 1.826009 -0.3948074 0.4237871 -0.3948075 0.4237871 -0.4475225 1.826009 -0.4475225 -0.9784346 -0.4475225 0.4237871 -0.4475225 0.4237871 -0.3948074 -0.9784346 -0.3948074 -0.9784346 -0.3420923 0.4237871 -0.3420923 0.4237871 -0.2893772 -0.9784346 -0.2893772 1.826009 1.502936 0.4237871 1.502936 0.4237871 1.450221 1.826009 1.450221 1.978435 1.344791 1.978435 1.397506 1.902222 1.397506 1.902222 1.344791 1.978435 1.23936 1.978435 1.292075 1.902222 1.292076 1.902222 1.239361 1.978435 1.13393 1.978435 1.186645 1.902222 1.186645 1.902222 1.13393 1.978435 1.0285 1.978435 1.081215 1.902222 1.081215 1.902222 1.0285 1.978435 0.9230698 1.978435 0.9757848 1.902222 0.9757851 1.902222 0.9230701 1.978435 0.8176394 1.978435 0.8703544 1.902222 0.8703549 1.902222 0.8176397 1.978435 0.7122092 1.978435 0.7649243 1.902222 0.7649247 1.902222 0.7122095 1.978435 0.6067791 1.978435 0.6594942 1.902222 0.6594945 1.902222 0.6067793 1.978435 0.5013489 1.978435 0.5540639 1.902222 0.5540643 1.902222 0.5013492 1.978435 0.3959189 1.978435 0.4486338 1.902222 0.4486342 1.902222 0.395919 1.978435 0.2904886 1.978435 0.3432036 1.902222 0.343204 1.902222 0.2904888 1.978435 0.1850583 1.978435 0.2377735 1.902222 0.2377737 1.902222 0.1850585 1.978435 0.07962828 1.978435 0.1323433 1.902222 0.1323435 1.902222 0.07962846 1.978435 -0.02580189 1.978435 0.02691304 1.902222 0.02691328 1.902222 -0.02580171 1.978435 -0.131232 1.978435 -0.07851696 1.902222 -0.07851696 1.902222 -0.1312319 1.978435 -0.2366622 1.978435 -0.1839472 1.902222 -0.183947 1.902222 -0.2366622 1.978435 -0.3420925 1.978435 -0.2893774 1.902222 -0.2893772 1.902222 -0.3420925 1.978435 -0.4475226 1.978435 -0.3948075 1.902222 -0.3948075 1.902222 -0.4475225 1.978435 1.450221 1.978435 1.502935 1.902222 1.502936 1.902222 1.450221 -0.9784346 -0.1839469 0.4237871 -0.1839469 0.4237871 -0.1312317 -0.9784346 -0.1312317 -0.9784346 -0.1312317 0.4237871 -0.1312317 0.4237871 -0.0785166 -0.9784346 -0.0785166 -0.9784346 -0.0785166 0.4237871 -0.0785166 0.4237871 -0.02580153 -0.9784346 -0.02580153 -0.9784346 -0.02580153 0.4237871 -0.02580153 0.4237871 0.02691364 -0.9784346 0.02691364 -0.9784346 0.02691364 0.4237871 0.02691364 0.4237871 0.0796287 -0.9784346 0.0796287 -0.9784346 0.0796287 0.4237871 0.0796287 0.4237871 0.1323438 -0.9784346 0.1323438 -0.9784346 0.1323438 0.4237871 0.1323438 0.4237871 0.185059 -0.9784346 0.185059 -0.9784346 0.185059 0.4237871 0.185059 0.4237871 0.2377741 -0.9784346 0.2377741 -0.9784346 0.2377741 0.4237871 0.2377741 0.4237871 0.2904892 -0.9784346 0.2904892 -0.9784346 0.2904892 0.4237871 0.2904892 0.4237871 0.3432042 -0.9784346 0.3432042 -0.9784346 0.3432042 0.4237871 0.3432042 0.4237871 0.3959194 -0.9784346 0.3959194 -0.9784346 0.3959194 0.4237871 0.3959194 0.4237871 0.4486345 -0.9784346 0.4486345 -0.9784346 0.4486345 0.4237871 0.4486345 0.4237871 0.5013496 -0.9784346 0.5013496 -0.9784346 0.5013496 0.4237871 0.5013496 0.4237871 0.5540646 -0.9784346 0.5540646 -0.9784346 0.5540646 0.4237871 0.5540646 0.4237871 0.6067797 -0.9784346 0.6067797 -0.9784346 0.6067797 0.4237871 0.6067797 0.4237871 0.6594946 -0.9784346 0.6594946 -0.9784346 0.6594946 0.4237871 0.6594946 0.4237871 0.7122099 -0.9784346 0.7122099 -0.9784346 0.7122099 0.4237871 0.7122099 0.4237871 0.7649249 -0.9784346 0.7649249 -0.9784346 0.7649249 0.4237871 0.7649249 0.4237871 0.8176401 -0.9784346 0.8176401 -0.9784346 0.8176401 0.4237871 0.8176401 0.4237871 0.870355 -0.9784346 0.870355 -0.9784346 0.870355 0.4237871 0.870355 0.4237871 0.9230701 -0.9784346 0.9230701 -0.9784346 0.9230701 0.4237871 0.9230701 0.4237871 0.9757854 -0.9784346 0.9757854 -0.9784346 0.9757854 0.4237871 0.9757854 0.4237871 1.0285 -0.9784346 1.0285 -0.9784346 1.0285 0.4237871 1.0285 0.4237871 1.081215 -0.9784346 1.081215 -0.9784346 1.081215 0.4237871 1.081215 0.4237871 1.13393 -0.9784346 1.13393 -0.9784346 1.13393 0.4237871 1.13393 0.4237871 1.186645 -0.9784346 1.186645 -0.9784346 1.186645 0.4237871 1.186645 0.4237871 1.239361 -0.9784346 1.239361 -0.9784346 1.239361 0.4237871 1.239361 0.4237871 1.292076 -0.9784346 1.292076 -0.9784346 1.292076 0.4237871 1.292076 0.4237871 1.344791 -0.9784346 1.344791 -0.9784346 1.344791 0.4237871 1.344791 0.4237871 1.397506 -0.9784346 1.397506 -0.9784346 1.397506 0.4237871 1.397506 0.4237871 1.450221 -0.9784346 1.450221 1.826009 1.502936 1.826009 1.450221 1.902221 1.450221 1.902222 1.502936 1.826009 1.450221 1.826009 1.397506 1.902221 1.397506 1.902221 1.450221 1.826009 1.397506 1.826009 1.344791 1.902221 1.344791 1.902221 1.397506 1.826009 1.344791 1.826009 1.292076 1.902221 1.292076 1.902221 1.344791 1.826009 1.292076 1.826009 1.23936 1.902221 1.23936 1.902221 1.292076 1.826009 1.23936 1.826009 1.186645 1.902221 1.186645 1.902221 1.23936 1.826009 1.186645 1.826009 1.13393 1.902221 1.13393 1.902221 1.186645 1.826009 1.13393 1.826009 1.081215 1.902221 1.081215 1.902221 1.13393 1.826009 1.081215 1.826009 1.0285 1.902221 1.0285 1.902221 1.081215 1.826009 1.0285 1.826009 0.9757848 1.902221 0.9757848 1.902221 1.0285 1.826009 0.9757848 1.826009 0.9230698 1.902221 0.9230698 1.902221 0.9757848 1.826009 0.9230698 1.826009 0.8703545 1.902221 0.8703545 1.902221 0.9230698 1.826009 0.8703545 1.826009 0.8176394 1.902221 0.8176394 1.902221 0.8703545 1.826009 0.8176394 1.826009 0.7649243 1.902221 0.7649243 1.902221 0.8176394 1.826009 0.7649243 1.826009 0.7122092 1.902221 0.7122092 1.902221 0.7649243 1.826009 0.7122092 1.826009 0.6594944 1.902221 0.6594944 1.902221 0.7122092 1.826009 0.6594944 1.826009 0.6067791 1.902221 0.6067791 1.902221 0.6594944 1.826009 0.6067791 1.826009 0.5540639 1.902221 0.5540639 1.902221 0.6067791 1.826009 0.5540639 1.826009 0.5013489 1.902221 0.5013489 1.902221 0.5540639 1.826009 0.5013489 1.826009 0.4486338 1.902221 0.4486338 1.902221 0.5013489 1.826009 0.4486338 1.826009 0.3959189 1.902221 0.3959189 1.902221 0.4486338 1.826009 0.3959189 1.826009 0.3432037 1.902221 0.3432037 1.902221 0.3959189 1.826009 0.3432037 1.826009 0.2904886 1.902221 0.2904886 1.902221 0.3432037 1.826009 0.2904886 1.826009 0.2377735 1.902221 0.2377735 1.902221 0.2904886 1.826009 0.2377735 1.826009 0.1850584 1.902221 0.1850584 1.902221 0.2377735 1.826009 0.1850584 1.826009 0.1323433 1.902221 0.1323433 1.902221 0.1850584 1.826009 0.1323433 1.826009 0.07962828 1.902221 0.07962828 1.902221 0.1323433 1.826009 0.07962828 1.826009 0.02691316 1.902221 0.02691316 1.902221 0.07962828 1.826009 0.02691316 1.826009 -0.02580189 1.902221 -0.02580189 1.902221 0.02691316 1.826009 -0.02580189 1.826009 -0.07851696 1.902221 -0.07851696 1.902221 -0.02580189 1.826009 -0.07851696 1.826009 -0.131232 1.902221 -0.131232 1.902221 -0.07851696 1.826009 -0.131232 1.826009 -0.1839472 1.902221 -0.1839472 1.902221 -0.131232 1.826009 -0.1839472 1.826009 -0.2366622 1.902221 -0.2366622 1.902221 -0.1839472 1.826009 -0.2366622 1.826009 -0.2893773 1.902221 -0.2893773 1.902221 -0.2366622 1.826009 -0.2893773 1.826009 -0.3420923 1.902221 -0.3420923 1.902221 -0.2893773 1.826009 -0.3420923 1.826009 -0.3948074 1.902221 -0.3948074 1.902221 -0.3420923 1.826009 -0.3948074 1.826009 -0.4475226 1.902221 -0.4475226 1.902221 -0.3948074 0.5 0.5 0 1 0.5 0 0 0.5 0.5 0.5 0 1 0.5 0 0 0.5</float_array>
          <technique_common>
            <accessor source="#Cube-mesh-map-0-array" count="7304" stride="2">
              <param name="S" type="float"/>
              <param name="T" type="float"/>
            </accessor>
          </technique_common>
        </source>
        <vertices id="Cube-mesh-vertices">
          <input semantic="POSITION" source="#Cube-mesh-positions"/>
        </vertices>
        <polylist material="ramp_Material-material" count="1826">
          <input semantic="VERTEX" source="#Cube-mesh-vertices" offset="0"/>
          <input semantic="NORMAL" source="#Cube-mesh-normals" offset="1"/>
          <input semantic="TEXCOORD" source="#Cube-mesh-map-0" offset="2" set="0"/>
          <vcount>4 4 4 4 4 4 4 4 4 4 4 4 4 4 4 4 4 4 4 4 4 4 4 4 4 4 4 4 4 4 4 4 4 4 4 4 4 4 4 4 4 4 4 4 4 4 4 4 4 4 4 4 4 4 4 4 4 4 4 4 4 4 4 4 4 4 4 4 4 4 4 4 4 4 4 4 4 4 4 4 4 4 4 4 4 4 4 4 4 4 4 4 4 4 4 4 4 4 4 4 4 4 4 4 4 4 4 4 4 4 4 4 4 4 4 4 4 4 4 4 4 4 4 4 4 4 4 4 4 4 4 4 4 4 4 4 4 4 4 4 4 4 4 4 4 4 4 4 4 4 4 4 4 4 4 4 4 4 4 4 4 4 4 4 4 4 4 4 4 4 4 4 4 4 4 4 4 4 4 4 4 4 4 4 4 4 4 4 4 4 4 4 4 4 4 4 4 4 4 4 4 4 4 4 4 4 4 4 4 4 4 4 4 4 4 4 4 4 4 4 4 4 4 4 4 4 4 4 4 4 4 4 4 4 4 4 4 4 4 4 4 4 4 4 4 4 4 4 4 4 4 4 4 4 4 4 4 4 4 4 4 4 4 4 4 4 4 4 4 4 4 4 4 4 4 4 4 4 4 4 4 4 4 4 4 4 4 4 4 4 4 4 4 4 4 4 4 4 4 4 4 4 4 4 4 4 4 4 4 4 4 4 4 4 4 4 4 4 4 4 4 4 4 4 4 4 4 4 4 4 4 4 4 4 4 4 4 4 4 4 4 4 4 4 4 4 4 4 4 4 4 4 4 4 4 4 4 4 4 4 4 4 4 4 4 4 4 4 4 4 4 4 4 4 4 4 4 4 4 4 4 4 4 4 4 4 4 4 4 4 4 4 4 4 4 4 4 4 4 4 4 4 4 4 4 4 4 4 4 4 4 4 4 4 4 4 4 4 4 4 4 4 4 4 4 4 4 4 4 4 4 4 4 4 4 4 4 4 4 4 4 4 4 4 4 4 4 4 4 4 4 4 4 4 4 4 4 4 4 4 4 4 4 4 4 4 4 4 4 4 4 4 4 4 4 4 4 4 4 4 4 4 4 4 4 4 4 4 4 4 4 4 4 4 4 4 4 4 4 4 4 4 4 4 4 4 4 4 4 4 4 4 4 4 4 4 4 4 4 4 4 4 4 4 4 4 4 4 4 4 4 4 4 4 4 4 4 4 4 4 4 4 4 4 4 4 4 4 4 4 4 4 4 4 4 4 4 4 4 4 4 4 4 4 4 4 4 4 4 4 4 4 4 4 4 4 4 4 4 4 4 4 4 4 4 4 4 4 4 4 4 4 4 4 4 4 4 4 4 4 4 4 4 4 4 4 4 4 4 4 4 4 4 4 4 4 4 4 4 4 4 4 4 4 4 4 4 4 4 4 4 4 4 4 4 4 4 4 4 4 4 4 4 4 4 4 4 4 4 4 4 4 4 4 4 4 4 4 4 4 4 4 4 4 4 4 4 4 4 4 4 4 4 4 4 4 4 4 4 4 4 4 4 4 4 4 4 4 4 4 4 4 4 4 4 4 4 4 4 4 4 4 4 4 4 4 4 4 4 4 4 4 4 4 4 4 4 4 4 4 4 4 4 4 4 4 4 4 4 4 4 4 4 4 4 4 4 4 4 4 4 4 4 4 4 4 4 4 4 4 4 4 4 4 4 4 4 4 4 4 4 4 4 4 4 4 4 4 4 4 4 4 4 4 4 4 4 4 4 4 4 4 4 4 4 4 4 4 4 4 4 4 4 4 4 4 4 4 4 4 4 4 4 4 4 4 4 4 4 4 4 4 4 4 4 4 4 4 4 4 4 4 4 4 4 4 4 4 4 4 4 4 4 4 4 4 4 4 4 4 4 4 4 4 4 4 4 4 4 4 4 4 4 4 4 4 4 4 4 4 4 4 4 4 4 4 4 4 4 4 4 4 4 4 4 4 4 4 4 4 4 4 4 4 4 4 4 4 4 4 4 4 4 4 4 4 4 4 4 4 4 4 4 4 4 4 4 4 4 4 4 4 4 4 4 4 4 4 4 4 4 4 4 4 4 4 4 4 4 4 4 4 4 4 4 4 4 4 4 4 4 4 4 4 4 4 4 4 4 4 4 4 4 4 4 4 4 4 4 4 4 4 4 4 4 4 4 4 4 4 4 4 4 4 4 4 4 4 4 4 4 4 4 4 4 4 4 4 4 4 4 4 4 4 4 4 4 4 4 4 4 4 4 4 4 4 4 4 4 4 4 4 4 4 4 4 4 4 4 4 4 4 4 4 4 4 4 4 4 4 4 4 4 4 4 4 4 4 4 4 4 4 4 4 4 4 4 4 4 4 4 4 4 4 4 4 4 4 4 4 4 4 4 4 4 4 4 4 4 4 4 4 4 4 4 4 4 4 4 4 4 4 4 4 4 4 4 4 4 4 4 4 4 4 4 4 4 4 4 4 4 4 4 4 4 4 4 4 4 4 4 4 4 4 4 4 4 4 4 4 4 4 4 4 4 4 4 4 4 4 4 4 4 4 4 4 4 4 4 4 4 4 4 4 4 4 4 4 4 4 4 4 4 4 4 4 4 4 4 4 4 4 4 4 4 4 4 4 4 4 4 4 4 4 4 4 4 4 4 4 4 4 4 4 4 4 4 4 4 4 4 4 4 4 4 4 4 4 4 4 4 4 4 4 4 4 4 4 4 4 4 4 4 4 4 4 4 4 4 4 4 4 4 4 4 4 4 4 4 4 4 4 4 4 4 4 4 4 4 4 4 4 4 4 4 4 4 4 4 4 4 4 4 4 4 4 4 4 4 4 4 4 4 4 4 4 4 4 4 4 4 4 4 4 4 4 4 4 4 4 4 4 4 4 4 4 4 4 4 4 4 4 4 4 4 4 4 4 4 4 4 4 4 4 4 4 4 4 4 4 4 4 4 4 4 4 4 4 4 4 4 4 4 4 4 4 4 4 4 4 4 4 4 4 4 4 4 4 4 4 4 4 4 4 4 4 4 4 4 4 4 4 4 4 4 4 4 4 4 4 4 4 4 4 4 4 4 4 4 4 4 4 4 4 4 4 4 4 4 4 4 4 4 4 4 4 4 4 4 4 4 4 4 4 4 4 4 4 4 4 4 4 4 4 4 4 4 4 4 4 4 4 4 4 4 4 4 4 4 4 4 4 4 4 4 4 4 4 4 4 4 4 4 4 4 4 4 4 4 4 4 4 4 4 4 4 4 4 4 4 4 4 4 4 4 4 4 4 4 4 4 4 4 4 4 4 4 4 4 4 4 4 4 4 4 4 4 4 4 4 4 4 4 4 4 4 4 4 4 4 4 4 4 4 4 4 4 4 4 4 4 4 4 4 4 4 4 4 4 4 4 4 4 4 4 4 4 4 4 4 4 4 4 4 4 4 4 4 4 4 4 4 4 4 4 4 4 4 4 4 4 4 4 4 4 4 4 4 4 4 4 4 4 4 4 4 4 4 4 4 4 4 4 4 4 4 4 4 4 4 4 4 4 4 4 4 4 4 4 4 4 4 4 4 4 4 4 4 4 4 4 4 4 4 4 4 4 4 4 4 4 4 4 4 4 4 4 4 4 4 4 4 4 4 4 4 4 4 4 4 4 4 4 4 4 4 4 4 4 4 4 4 4 4 4 4 4 4 4 4 4 4 4 4 4 4 4 4 4 4 4 4 4 4 4 4 4 4 4 4 4 4 4 4 4 4 4 4 4 4 4 4 4 4 4 4 4 4 4 4 4 4 4 4 4 4 4 4 4 4 4 4 4 4 4 4 4 4 4 4 4 4 4 4 4 4 4 4 4 4 4 4 4 4 4 4 4 4 4 4 4 4 4 4 4 4 4 4 4 4 4 4 4 4 4 4 4 4 4 4 4 4 4 4 4 4 4 4 4 4 4 4 4 4 4 4 4 4 4 4 4 4 4 4 4 4 4 4 4 4 4 4 4 4 4 4 4 4 4 4 4 4 4 4 4 4 4 4 4 4 4 4 4 4 4 4 4 4 4 4 4 4 4 4 4 4 4 4 4 4 4 4 4 4 4 4 4 4 4 4 4 4 4 4 4 4 </vcount>
          <p>155 0 0 3 1 1 2 1 2 51 2 3 122 3 4 10 4 5 9 5 6 123 6 7 51 7 8 50 8 9 49 9 10 52 10 11 155 11 12 118 11 13 7 12 14 3 12 15 12 13 16 13 14 17 14 15 18 15 16 19 10 17 20 11 18 21 16 19 22 17 20 23 8 21 24 9 22 25 18 23 26 19 24 27 89 25 28 88 26 29 20 27 30 21 28 31 91 29 32 90 30 33 22 31 34 23 32 35 93 33 36 92 34 37 24 35 38 25 36 39 95 37 40 94 38 41 26 39 42 27 40 43 97 41 44 96 42 45 28 43 46 29 44 47 99 45 48 98 46 49 30 47 50 31 48 51 101 49 52 100 50 53 32 51 54 33 52 55 103 53 56 102 54 57 34 55 58 35 56 59 105 57 60 104 58 61 36 59 62 37 60 63 107 61 64 106 62 65 38 63 66 39 64 67 109 65 68 108 66 69 40 67 70 41 68 71 111 69 72 110 70 73 42 71 74 43 72 75 113 73 76 112 74 77 44 75 78 45 76 79 115 77 80 114 78 81 46 79 82 47 80 83 117 81 84 116 82 85 48 83 86 49 84 87 7 85 88 118 86 89 50 87 90 6 85 91 87 88 92 14 89 93 4 90 94 0 91 95 123 6 96 9 5 97 8 92 98 124 92 99 120 93 100 12 93 101 11 94 102 121 94 103 1 95 104 5 96 105 13 97 106 119 98 107 85 99 108 16 100 109 15 101 110 86 101 111 83 102 112 18 103 113 17 104 114 84 105 115 81 106 116 20 107 117 19 108 118 82 109 119 79 110 120 22 111 121 21 112 122 80 113 123 77 114 124 24 115 125 23 116 126 78 117 127 75 118 128 26 119 129 25 120 130 76 121 131 73 122 132 28 123 133 27 124 134 74 125 135 71 126 136 30 127 137 29 128 138 72 129 139 69 130 140 32 131 141 31 132 142 70 133 143 67 134 144 34 135 145 33 136 146 68 137 147 65 138 148 36 139 149 35 140 150 66 141 151 63 142 152 38 142 153 37 143 154 64 144 155 61 145 156 40 146 157 39 147 158 62 148 159 59 149 160 42 150 161 41 151 162 60 152 163 57 153 164 44 154 165 43 155 166 58 156 167 55 157 168 46 158 169 45 159 170 56 160 171 53 161 172 48 162 173 47 163 174 54 164 175 52 10 176 49 9 177 48 162 178 53 161 179 54 164 180 47 163 181 46 158 182 55 157 183 56 160 184 45 159 185 44 154 186 57 153 187 58 156 188 43 155 189 42 150 190 59 149 191 60 152 192 41 151 193 40 146 194 61 145 195 62 148 196 39 147 197 38 142 198 63 142 199 64 144 200 37 143 201 36 139 202 65 138 203 66 141 204 35 140 205 34 135 206 67 134 207 68 137 208 33 136 209 32 131 210 69 130 211 70 133 212 31 132 213 30 127 214 71 126 215 72 129 216 29 128 217 28 123 218 73 122 219 74 125 220 27 124 221 26 119 222 75 118 223 76 121 224 25 120 225 24 115 226 77 114 227 78 117 228 23 116 229 22 111 230 79 110 231 80 113 232 21 112 233 20 107 234 81 106 235 82 109 236 19 108 237 18 103 238 83 102 239 84 105 240 17 104 241 16 100 242 85 99 243 86 101 244 15 101 245 14 89 246 87 88 247 119 98 248 13 97 249 12 93 250 120 93 251 121 94 252 11 94 253 10 4 254 122 3 255 2 165 256 6 165 257 50 8 258 51 7 259 11 18 260 12 13 261 15 16 262 16 19 263 9 22 264 10 17 265 17 20 266 18 23 267 88 26 268 8 21 269 19 24 270 20 27 271 90 30 272 89 25 273 21 28 274 22 31 275 92 34 276 91 29 277 23 32 278 24 35 279 94 38 280 93 33 281 25 36 282 26 39 283 96 42 284 95 37 285 27 40 286 28 43 287 98 46 288 97 41 289 29 44 290 30 47 291 100 50 292 99 45 293 31 48 294 32 51 295 102 54 296 101 49 297 33 52 298 34 55 299 104 58 300 103 53 301 35 56 302 36 59 303 106 62 304 105 57 305 37 60 306 38 63 307 108 66 308 107 61 309 39 64 310 40 67 311 110 70 312 109 65 313 41 68 314 42 71 315 112 74 316 111 69 317 43 72 318 44 75 319 114 78 320 113 73 321 45 76 322 46 79 323 116 82 324 115 77 325 47 80 326 48 83 327 118 86 328 117 81 329 49 84 330 50 87 331 13 14 332 5 166 333 4 167 334 14 15 335 124 92 336 8 92 337 88 168 338 125 169 339 125 169 340 88 168 341 89 170 342 126 171 343 126 171 344 89 170 345 90 172 346 127 173 347 127 173 348 90 172 349 91 174 350 128 174 351 128 174 352 91 174 353 92 175 354 129 176 355 129 176 356 92 175 357 93 177 358 130 178 359 130 178 360 93 177 361 94 179 362 131 180 363 131 180 364 94 179 365 95 181 366 132 181 367 132 181 368 95 181 369 96 182 370 133 183 371 133 183 372 96 182 373 97 184 374 134 185 375 134 185 376 97 184 377 98 186 378 135 187 379 135 187 380 98 186 381 99 188 382 136 189 383 136 189 384 99 188 385 100 190 386 137 191 387 137 191 388 100 190 389 101 192 390 138 193 391 138 193 392 101 192 393 102 194 394 139 195 395 139 195 396 102 194 397 103 196 398 140 197 399 140 197 400 103 196 401 104 198 402 141 199 403 141 199 404 104 198 405 105 200 406 142 201 407 142 201 408 105 200 409 106 202 410 143 202 411 143 202 412 106 202 413 107 203 414 144 204 415 144 204 416 107 203 417 108 205 418 145 205 419 145 205 420 108 205 421 109 206 422 146 207 423 146 207 424 109 206 425 110 208 426 147 208 427 147 208 428 110 208 429 111 209 430 148 209 431 148 209 432 111 209 433 112 210 434 149 210 435 149 210 436 112 210 437 113 211 438 150 211 439 150 211 440 113 211 441 114 212 442 151 213 443 151 213 444 114 212 445 115 214 446 152 215 447 152 215 448 115 214 449 116 216 450 153 216 451 153 216 452 116 216 453 117 217 454 154 217 455 154 217 456 117 217 457 118 11 458 155 11 459 1 218 460 119 219 461 87 220 462 0 221 463 119 219 464 120 222 465 86 223 466 87 220 467 120 222 468 121 224 469 85 225 470 86 223 471 121 224 472 122 226 473 84 227 474 85 225 475 122 226 476 123 228 477 83 229 478 84 227 479 123 228 480 124 230 481 82 231 482 83 229 483 124 230 484 125 232 485 81 233 486 82 231 487 125 232 488 126 234 489 80 235 490 81 233 491 126 234 492 127 236 493 79 237 494 80 235 495 127 236 496 128 238 497 78 239 498 79 237 499 128 238 500 129 240 501 77 241 502 78 239 503 129 240 504 130 242 505 76 243 506 77 241 507 130 242 508 131 244 509 75 245 510 76 243 511 131 244 512 132 246 513 74 247 514 75 245 515 132 246 516 133 248 517 73 249 518 74 247 519 133 248 520 134 250 521 72 251 522 73 249 523 134 250 524 135 252 525 71 253 526 72 251 527 135 252 528 136 254 529 70 255 530 71 253 531 136 254 532 137 256 533 69 257 534 70 255 535 137 256 536 138 258 537 68 259 538 69 257 539 138 258 540 139 260 541 67 261 542 68 259 543 139 260 544 140 262 545 66 263 546 67 261 547 140 262 548 141 264 549 65 265 550 66 263 551 141 264 552 142 266 553 64 267 554 65 265 555 142 266 556 143 268 557 63 269 558 64 267 559 143 268 560 144 270 561 62 271 562 63 269 563 144 270 564 145 272 565 61 273 566 62 271 567 145 272 568 146 274 569 60 275 570 61 273 571 146 274 572 147 276 573 59 277 574 60 275 575 147 276 576 148 278 577 58 279 578 59 277 579 148 278 580 149 280 581 57 281 582 58 279 583 149 280 584 150 282 585 56 283 586 57 281 587 150 282 588 151 284 589 55 285 590 56 283 591 151 284 592 152 286 593 54 287 594 55 285 595 152 286 596 153 288 597 53 289 598 54 287 599 153 288 600 154 290 601 52 291 602 53 289 603 154 290 604 155 0 605 51 2 606 52 291 607 307 292 608 1 218 609 0 221 610 203 293 611 274 294 612 162 295 613 161 296 614 275 297 615 203 298 616 202 299 617 201 300 618 204 301 619 307 302 620 270 303 621 5 96 622 1 95 623 164 304 624 165 305 625 166 306 626 167 307 627 162 308 628 163 309 629 168 310 630 169 311 631 160 312 632 161 313 633 170 314 634 171 315 635 241 316 636 240 317 637 172 318 638 173 319 639 243 320 640 242 321 641 174 322 642 175 323 643 245 324 644 244 325 645 176 326 646 177 327 647 247 328 648 246 329 649 178 330 650 179 331 651 249 332 652 248 333 653 180 334 654 181 335 655 251 336 656 250 337 657 182 338 658 183 339 659 253 340 660 252 341 661 184 342 662 185 343 663 255 344 664 254 345 665 186 346 666 187 347 667 257 348 668 256 349 669 188 350 670 189 351 671 259 352 672 258 353 673 190 354 674 191 355 675 261 356 676 260 357 677 192 358 678 193 359 679 263 360 680 262 361 681 194 362 682 195 363 683 265 364 684 264 365 685 196 366 686 197 367 687 267 368 688 266 369 689 198 370 690 199 371 691 269 372 692 268 373 693 200 374 694 201 375 695 5 166 696 270 376 697 202 377 698 4 167 699 239 378 700 166 379 701 158 380 702 156 380 703 275 297 704 161 296 705 160 381 706 276 382 707 272 383 708 164 383 709 163 384 710 273 385 711 157 386 712 159 387 713 165 388 714 271 389 715 237 390 716 168 391 717 167 392 718 238 393 719 235 394 720 170 395 721 169 396 722 236 397 723 233 398 724 172 399 725 171 400 726 234 401 727 231 402 728 174 403 729 173 404 730 232 404 731 229 405 732 176 406 733 175 407 734 230 408 735 227 409 736 178 410 737 177 411 738 228 412 739 225 413 740 180 414 741 179 415 742 226 416 743 223 417 744 182 418 745 181 419 746 224 420 747 221 421 748 184 422 749 183 423 750 222 424 751 219 425 752 186 426 753 185 427 754 220 428 755 217 429 756 188 430 757 187 431 758 218 432 759 215 433 760 190 434 761 189 435 762 216 436 763 213 437 764 192 437 765 191 438 766 214 439 767 211 440 768 194 441 769 193 442 770 212 443 771 209 444 772 196 445 773 195 446 774 210 447 775 207 448 776 198 449 777 197 450 778 208 451 779 205 452 780 200 453 781 199 454 782 206 455 783 204 301 784 201 300 785 200 453 786 205 452 787 206 455 788 199 454 789 198 449 790 207 448 791 208 451 792 197 450 793 196 445 794 209 444 795 210 447 796 195 446 797 194 441 798 211 440 799 212 443 800 193 442 801 192 437 802 213 437 803 214 439 804 191 438 805 190 434 806 215 433 807 216 436 808 189 435 809 188 430 810 217 429 811 218 432 812 187 431 813 186 426 814 219 425 815 220 428 816 185 427 817 184 422 818 221 421 819 222 424 820 183 423 821 182 418 822 223 417 823 224 420 824 181 419 825 180 414 826 225 413 827 226 416 828 179 415 829 178 410 830 227 409 831 228 412 832 177 411 833 176 406 834 229 405 835 230 408 836 175 407 837 174 403 838 231 402 839 232 404 840 173 404 841 172 399 842 233 398 843 234 401 844 171 400 845 170 395 846 235 394 847 236 397 848 169 396 849 168 391 850 237 390 851 238 393 852 167 392 853 166 379 854 239 378 855 271 389 856 165 388 857 164 383 858 272 383 859 273 385 860 163 384 861 162 295 862 274 294 863 0 91 864 4 90 865 202 299 866 203 298 867 163 309 868 164 304 869 167 307 870 168 310 871 161 313 872 162 308 873 169 311 874 170 314 875 240 317 876 160 312 877 171 315 878 172 318 879 242 321 880 241 316 881 173 319 882 174 322 883 244 325 884 243 320 885 175 323 886 176 326 887 246 329 888 245 324 889 177 327 890 178 330 891 248 333 892 247 328 893 179 331 894 180 334 895 250 337 896 249 332 897 181 335 898 182 338 899 252 341 900 251 336 901 183 339 902 184 342 903 254 345 904 253 340 905 185 343 906 186 346 907 256 349 908 255 344 909 187 347 910 188 350 911 258 353 912 257 348 913 189 351 914 190 354 915 260 357 916 259 352 917 191 355 918 192 358 919 262 361 920 261 356 921 193 359 922 194 362 923 264 365 924 263 360 925 195 363 926 196 366 927 266 369 928 265 364 929 197 367 930 198 370 931 268 373 932 267 368 933 199 371 934 200 374 935 270 376 936 269 372 937 201 375 938 202 377 939 165 305 940 159 456 941 158 457 942 166 306 943 276 382 944 160 381 945 240 458 946 277 459 947 277 459 948 240 458 949 241 460 950 278 461 951 278 461 952 241 460 953 242 462 954 279 463 955 279 463 956 242 462 957 243 464 958 280 464 959 280 464 960 243 464 961 244 465 962 281 465 963 281 465 964 244 465 965 245 466 966 282 467 967 282 467 968 245 466 969 246 468 970 283 469 971 283 469 972 246 468 973 247 470 974 284 471 975 284 471 976 247 470 977 248 472 978 285 473 979 285 473 980 248 472 981 249 474 982 286 475 983 286 475 984 249 474 985 250 476 986 287 477 987 287 477 988 250 476 989 251 478 990 288 479 991 288 479 992 251 478 993 252 480 994 289 480 995 289 480 996 252 480 997 253 481 998 290 482 999 290 482 1000 253 481 1001 254 483 1002 291 483 1003 291 483 1004 254 483 1005 255 484 1006 292 485 1007 292 485 1008 255 484 1009 256 486 1010 293 487 1011 293 487 1012 256 486 1013 257 488 1014 294 489 1015 294 489 1016 257 488 1017 258 490 1018 295 491 1019 295 491 1020 258 490 1021 259 492 1022 296 493 1023 296 493 1024 259 492 1025 260 494 1026 297 495 1027 297 495 1028 260 494 1029 261 496 1030 298 497 1031 298 497 1032 261 496 1033 262 498 1034 299 499 1035 299 499 1036 262 498 1037 263 500 1038 300 501 1039 300 501 1040 263 500 1041 264 502 1042 301 503 1043 301 503 1044 264 502 1045 265 504 1046 302 505 1047 302 505 1048 265 504 1049 266 506 1050 303 507 1051 303 507 1052 266 506 1053 267 508 1054 304 509 1055 304 509 1056 267 508 1057 268 510 1058 305 510 1059 305 510 1060 268 510 1061 269 511 1062 306 512 1063 306 512 1064 269 511 1065 270 303 1066 307 302 1067 157 513 1068 271 514 1069 239 515 1070 156 516 1071 271 514 1072 272 517 1073 238 518 1074 239 515 1075 272 517 1076 273 519 1077 237 520 1078 238 518 1079 273 519 1080 274 521 1081 236 522 1082 237 520 1083 274 521 1084 275 523 1085 235 524 1086 236 522 1087 275 523 1088 276 525 1089 234 526 1090 235 524 1091 276 525 1092 277 527 1093 233 528 1094 234 526 1095 277 527 1096 278 529 1097 232 530 1098 233 528 1099 278 529 1100 279 531 1101 231 532 1102 232 530 1103 279 531 1104 280 533 1105 230 534 1106 231 532 1107 280 533 1108 281 535 1109 229 536 1110 230 534 1111 281 535 1112 282 537 1113 228 538 1114 229 536 1115 282 537 1116 283 539 1117 227 540 1118 228 538 1119 283 539 1120 284 541 1121 226 542 1122 227 540 1123 284 541 1124 285 543 1125 225 544 1126 226 542 1127 285 543 1128 286 545 1129 224 546 1130 225 544 1131 286 545 1132 287 547 1133 223 548 1134 224 546 1135 287 547 1136 288 549 1137 222 550 1138 223 548 1139 288 549 1140 289 551 1141 221 552 1142 222 550 1143 289 551 1144 290 553 1145 220 554 1146 221 552 1147 290 553 1148 291 555 1149 219 556 1150 220 554 1151 291 555 1152 292 557 1153 218 558 1154 219 556 1155 292 557 1156 293 559 1157 217 560 1158 218 558 1159 293 559 1160 294 561 1161 216 562 1162 217 560 1163 294 561 1164 295 563 1165 215 564 1166 216 562 1167 295 563 1168 296 565 1169 214 566 1170 215 564 1171 296 565 1172 297 567 1173 213 568 1174 214 566 1175 297 567 1176 298 569 1177 212 570 1178 213 568 1179 298 569 1180 299 571 1181 211 572 1182 212 570 1183 299 571 1184 300 573 1185 210 574 1186 211 572 1187 300 573 1188 301 575 1189 209 576 1190 210 574 1191 301 575 1192 302 577 1193 208 578 1194 209 576 1195 302 577 1196 303 579 1197 207 580 1198 208 578 1199 303 579 1200 304 581 1201 206 582 1202 207 580 1203 304 581 1204 305 583 1205 205 584 1206 206 582 1207 305 583 1208 306 585 1209 204 586 1210 205 584 1211 306 585 1212 307 292 1213 203 293 1214 204 586 1215 459 587 1216 157 513 1217 156 516 1218 355 588 1219 426 589 1220 314 589 1221 313 590 1222 427 591 1223 355 592 1224 354 593 1225 353 594 1226 356 595 1227 459 596 1228 422 597 1229 159 387 1230 157 386 1231 316 598 1232 317 599 1233 318 600 1234 319 601 1235 314 602 1236 315 603 1237 320 604 1238 321 605 1239 312 606 1240 313 607 1241 322 608 1242 323 609 1243 393 610 1244 392 611 1245 324 612 1246 325 613 1247 395 614 1248 394 615 1249 326 616 1250 327 617 1251 397 618 1252 396 619 1253 328 620 1254 329 621 1255 399 622 1256 398 623 1257 330 624 1258 331 625 1259 401 626 1260 400 627 1261 332 628 1262 333 629 1263 403 630 1264 402 631 1265 334 632 1266 335 633 1267 405 634 1268 404 635 1269 336 636 1270 337 637 1271 407 638 1272 406 639 1273 338 640 1274 339 641 1275 409 642 1276 408 643 1277 340 644 1278 341 645 1279 411 646 1280 410 647 1281 342 648 1282 343 649 1283 413 650 1284 412 651 1285 344 652 1286 345 653 1287 415 654 1288 414 655 1289 346 656 1290 347 657 1291 417 658 1292 416 659 1293 348 660 1294 349 661 1295 419 662 1296 418 663 1297 350 664 1298 351 665 1299 421 666 1300 420 667 1301 352 668 1302 353 669 1303 159 456 1304 422 670 1305 354 671 1306 158 457 1307 391 672 1308 318 672 1309 310 673 1310 308 674 1311 427 591 1312 313 590 1313 312 675 1314 428 676 1315 424 677 1316 316 678 1317 315 679 1318 425 680 1319 309 681 1320 311 682 1321 317 683 1322 423 684 1323 389 685 1324 320 686 1325 319 687 1326 390 688 1327 387 689 1328 322 690 1329 321 691 1330 388 692 1331 385 693 1332 324 694 1333 323 695 1334 386 696 1335 383 697 1336 326 698 1337 325 699 1338 384 700 1339 381 701 1340 328 702 1341 327 703 1342 382 704 1343 379 705 1344 330 706 1345 329 707 1346 380 708 1347 377 709 1348 332 710 1349 331 711 1350 378 712 1351 375 713 1352 334 714 1353 333 715 1354 376 716 1355 373 717 1356 336 718 1357 335 719 1358 374 720 1359 371 721 1360 338 722 1361 337 723 1362 372 724 1363 369 725 1364 340 726 1365 339 727 1366 370 728 1367 367 729 1368 342 730 1369 341 731 1370 368 732 1371 365 733 1372 344 734 1373 343 735 1374 366 736 1375 363 737 1376 346 738 1377 345 739 1378 364 739 1379 361 740 1380 348 741 1381 347 742 1382 362 743 1383 359 744 1384 350 745 1385 349 746 1386 360 747 1387 357 748 1388 352 748 1389 351 749 1390 358 750 1391 356 595 1392 353 594 1393 352 748 1394 357 748 1395 358 750 1396 351 749 1397 350 745 1398 359 744 1399 360 747 1400 349 746 1401 348 741 1402 361 740 1403 362 743 1404 347 742 1405 346 738 1406 363 737 1407 364 739 1408 345 739 1409 344 734 1410 365 733 1411 366 736 1412 343 735 1413 342 730 1414 367 729 1415 368 732 1416 341 731 1417 340 726 1418 369 725 1419 370 728 1420 339 727 1421 338 722 1422 371 721 1423 372 724 1424 337 723 1425 336 718 1426 373 717 1427 374 720 1428 335 719 1429 334 714 1430 375 713 1431 376 716 1432 333 715 1433 332 710 1434 377 709 1435 378 712 1436 331 711 1437 330 706 1438 379 705 1439 380 708 1440 329 707 1441 328 702 1442 381 701 1443 382 704 1444 327 703 1445 326 698 1446 383 697 1447 384 700 1448 325 699 1449 324 694 1450 385 693 1451 386 696 1452 323 695 1453 322 690 1454 387 689 1455 388 692 1456 321 691 1457 320 686 1458 389 685 1459 390 688 1460 319 687 1461 318 672 1462 391 672 1463 423 684 1464 317 683 1465 316 678 1466 424 677 1467 425 680 1468 315 679 1469 314 589 1470 426 589 1471 156 380 1472 158 380 1473 354 593 1474 355 592 1475 315 603 1476 316 598 1477 319 601 1478 320 604 1479 313 607 1480 314 602 1481 321 605 1482 322 608 1483 392 611 1484 312 606 1485 323 609 1486 324 612 1487 394 615 1488 393 610 1489 325 613 1490 326 616 1491 396 619 1492 395 614 1493 327 617 1494 328 620 1495 398 623 1496 397 618 1497 329 621 1498 330 624 1499 400 627 1500 399 622 1501 331 625 1502 332 628 1503 402 631 1504 401 626 1505 333 629 1506 334 632 1507 404 635 1508 403 630 1509 335 633 1510 336 636 1511 406 639 1512 405 634 1513 337 637 1514 338 640 1515 408 643 1516 407 638 1517 339 641 1518 340 644 1519 410 647 1520 409 642 1521 341 645 1522 342 648 1523 412 651 1524 411 646 1525 343 649 1526 344 652 1527 414 655 1528 413 650 1529 345 653 1530 346 656 1531 416 659 1532 415 654 1533 347 657 1534 348 660 1535 418 663 1536 417 658 1537 349 661 1538 350 664 1539 420 667 1540 419 662 1541 351 665 1542 352 668 1543 422 670 1544 421 666 1545 353 669 1546 354 671 1547 317 599 1548 311 751 1549 310 752 1550 318 600 1551 428 676 1552 312 675 1553 392 753 1554 429 754 1555 429 754 1556 392 753 1557 393 755 1558 430 756 1559 430 756 1560 393 755 1561 394 757 1562 431 758 1563 431 758 1564 394 757 1565 395 759 1566 432 760 1567 432 760 1568 395 759 1569 396 761 1570 433 762 1571 433 762 1572 396 761 1573 397 763 1574 434 764 1575 434 764 1576 397 763 1577 398 765 1578 435 766 1579 435 766 1580 398 765 1581 399 767 1582 436 768 1583 436 768 1584 399 767 1585 400 769 1586 437 770 1587 437 770 1588 400 769 1589 401 771 1590 438 771 1591 438 771 1592 401 771 1593 402 772 1594 439 773 1595 439 773 1596 402 772 1597 403 774 1598 440 775 1599 440 775 1600 403 774 1601 404 776 1602 441 777 1603 441 777 1604 404 776 1605 405 778 1606 442 778 1607 442 778 1608 405 778 1609 406 779 1610 443 779 1611 443 779 1612 406 779 1613 407 780 1614 444 781 1615 444 781 1616 407 780 1617 408 782 1618 445 782 1619 445 782 1620 408 782 1621 409 783 1622 446 784 1623 446 784 1624 409 783 1625 410 785 1626 447 786 1627 447 786 1628 410 785 1629 411 787 1630 448 787 1631 448 787 1632 411 787 1633 412 788 1634 449 788 1635 449 788 1636 412 788 1637 413 789 1638 450 790 1639 450 790 1640 413 789 1641 414 791 1642 451 791 1643 451 791 1644 414 791 1645 415 792 1646 452 793 1647 452 793 1648 415 792 1649 416 794 1650 453 795 1651 453 795 1652 416 794 1653 417 796 1654 454 797 1655 454 797 1656 417 796 1657 418 798 1658 455 799 1659 455 799 1660 418 798 1661 419 800 1662 456 801 1663 456 801 1664 419 800 1665 420 802 1666 457 803 1667 457 803 1668 420 802 1669 421 804 1670 458 805 1671 458 805 1672 421 804 1673 422 597 1674 459 596 1675 309 806 1676 423 807 1677 391 808 1678 308 809 1679 423 807 1680 424 810 1681 390 811 1682 391 808 1683 424 810 1684 425 812 1685 389 813 1686 390 811 1687 425 812 1688 426 814 1689 388 815 1690 389 813 1691 426 814 1692 427 816 1693 387 817 1694 388 815 1695 427 816 1696 428 818 1697 386 819 1698 387 817 1699 428 818 1700 429 820 1701 385 821 1702 386 819 1703 429 820 1704 430 822 1705 384 823 1706 385 821 1707 430 822 1708 431 824 1709 383 825 1710 384 823 1711 431 824 1712 432 826 1713 382 827 1714 383 825 1715 432 826 1716 433 828 1717 381 829 1718 382 827 1719 433 828 1720 434 830 1721 380 831 1722 381 829 1723 434 830 1724 435 832 1725 379 833 1726 380 831 1727 435 832 1728 436 834 1729 378 835 1730 379 833 1731 436 834 1732 437 836 1733 377 837 1734 378 835 1735 437 836 1736 438 838 1737 376 839 1738 377 837 1739 438 838 1740 439 840 1741 375 841 1742 376 839 1743 439 840 1744 440 842 1745 374 843 1746 375 841 1747 440 842 1748 441 844 1749 373 845 1750 374 843 1751 441 844 1752 442 846 1753 372 847 1754 373 845 1755 442 846 1756 443 848 1757 371 849 1758 372 847 1759 443 848 1760 444 850 1761 370 851 1762 371 849 1763 444 850 1764 445 852 1765 369 853 1766 370 851 1767 445 852 1768 446 854 1769 368 855 1770 369 853 1771 446 854 1772 447 856 1773 367 857 1774 368 855 1775 447 856 1776 448 858 1777 366 859 1778 367 857 1779 448 858 1780 449 860 1781 365 861 1782 366 859 1783 449 860 1784 450 862 1785 364 863 1786 365 861 1787 450 862 1788 451 864 1789 363 865 1790 364 863 1791 451 864 1792 452 866 1793 362 867 1794 363 865 1795 452 866 1796 453 868 1797 361 869 1798 362 867 1799 453 868 1800 454 870 1801 360 871 1802 361 869 1803 454 870 1804 455 872 1805 359 873 1806 360 871 1807 455 872 1808 456 874 1809 358 875 1810 359 873 1811 456 874 1812 457 876 1813 357 877 1814 358 875 1815 457 876 1816 458 878 1817 356 879 1818 357 877 1819 458 878 1820 459 587 1821 355 588 1822 356 879 1823 611 880 1824 309 806 1825 308 809 1826 507 881 1827 578 882 1828 466 883 1829 465 884 1830 579 885 1831 507 886 1832 506 887 1833 505 888 1834 508 889 1835 611 890 1836 574 891 1837 311 682 1838 309 681 1839 468 892 1840 469 893 1841 470 894 1842 471 895 1843 466 896 1844 467 897 1845 472 898 1846 473 899 1847 464 900 1848 465 901 1849 474 902 1850 475 903 1851 545 904 1852 544 905 1853 476 906 1854 477 907 1855 547 908 1856 546 909 1857 478 910 1858 479 911 1859 549 912 1860 548 913 1861 480 914 1862 481 915 1863 551 916 1864 550 917 1865 482 918 1866 483 919 1867 553 920 1868 552 921 1869 484 922 1870 485 923 1871 555 924 1872 554 925 1873 486 926 1874 487 927 1875 557 928 1876 556 929 1877 488 930 1878 489 931 1879 559 932 1880 558 933 1881 490 934 1882 491 935 1883 561 936 1884 560 937 1885 492 938 1886 493 939 1887 563 940 1888 562 941 1889 494 942 1890 495 943 1891 565 944 1892 564 945 1893 496 946 1894 497 947 1895 567 948 1896 566 949 1897 498 950 1898 499 951 1899 569 952 1900 568 953 1901 500 954 1902 501 955 1903 571 956 1904 570 957 1905 502 958 1906 503 959 1907 573 960 1908 572 961 1909 504 962 1910 505 963 1911 311 751 1912 574 964 1913 506 965 1914 310 752 1915 543 966 1916 470 967 1917 462 968 1918 460 969 1919 579 885 1920 465 884 1921 464 970 1922 580 971 1923 576 972 1924 468 973 1925 467 974 1926 577 975 1927 461 976 1928 463 977 1929 469 978 1930 575 979 1931 541 980 1932 472 981 1933 471 982 1934 542 983 1935 539 984 1936 474 985 1937 473 986 1938 540 987 1939 537 988 1940 476 989 1941 475 990 1942 538 991 1943 535 992 1944 478 993 1945 477 994 1946 536 995 1947 533 996 1948 480 997 1949 479 998 1950 534 998 1951 531 999 1952 482 1000 1953 481 1001 1954 532 1002 1955 529 1003 1956 484 1004 1957 483 1005 1958 530 1006 1959 527 1007 1960 486 1008 1961 485 1009 1962 528 1010 1963 525 1011 1964 488 1012 1965 487 1013 1966 526 1014 1967 523 1015 1968 490 1016 1969 489 1017 1970 524 1018 1971 521 1019 1972 492 1020 1973 491 1021 1974 522 1022 1975 519 1023 1976 494 1024 1977 493 1025 1978 520 1026 1979 517 1027 1980 496 1028 1981 495 1029 1982 518 1030 1983 515 1031 1984 498 1031 1985 497 1032 1986 516 1033 1987 513 1034 1988 500 1035 1989 499 1036 1990 514 1037 1991 511 1038 1992 502 1039 1993 501 1040 1994 512 1041 1995 509 1042 1996 504 1043 1997 503 1044 1998 510 1044 1999 508 889 2000 505 888 2001 504 1043 2002 509 1042 2003 510 1044 2004 503 1044 2005 502 1039 2006 511 1038 2007 512 1041 2008 501 1040 2009 500 1035 2010 513 1034 2011 514 1037 2012 499 1036 2013 498 1031 2014 515 1031 2015 516 1033 2016 497 1032 2017 496 1028 2018 517 1027 2019 518 1030 2020 495 1029 2021 494 1024 2022 519 1023 2023 520 1026 2024 493 1025 2025 492 1020 2026 521 1019 2027 522 1022 2028 491 1021 2029 490 1016 2030 523 1015 2031 524 1018 2032 489 1017 2033 488 1012 2034 525 1011 2035 526 1014 2036 487 1013 2037 486 1008 2038 527 1007 2039 528 1010 2040 485 1009 2041 484 1004 2042 529 1003 2043 530 1006 2044 483 1005 2045 482 1000 2046 531 999 2047 532 1002 2048 481 1001 2049 480 997 2050 533 996 2051 534 998 2052 479 998 2053 478 993 2054 535 992 2055 536 995 2056 477 994 2057 476 989 2058 537 988 2059 538 991 2060 475 990 2061 474 985 2062 539 984 2063 540 987 2064 473 986 2065 472 981 2066 541 980 2067 542 983 2068 471 982 2069 470 967 2070 543 966 2071 575 979 2072 469 978 2073 468 973 2074 576 972 2075 577 975 2076 467 974 2077 466 883 2078 578 882 2079 308 674 2080 310 673 2081 506 887 2082 507 886 2083 467 897 2084 468 892 2085 471 895 2086 472 898 2087 465 901 2088 466 896 2089 473 899 2090 474 902 2091 544 905 2092 464 900 2093 475 903 2094 476 906 2095 546 909 2096 545 904 2097 477 907 2098 478 910 2099 548 913 2100 547 908 2101 479 911 2102 480 914 2103 550 917 2104 549 912 2105 481 915 2106 482 918 2107 552 921 2108 551 916 2109 483 919 2110 484 922 2111 554 925 2112 553 920 2113 485 923 2114 486 926 2115 556 929 2116 555 924 2117 487 927 2118 488 930 2119 558 933 2120 557 928 2121 489 931 2122 490 934 2123 560 937 2124 559 932 2125 491 935 2126 492 938 2127 562 941 2128 561 936 2129 493 939 2130 494 942 2131 564 945 2132 563 940 2133 495 943 2134 496 946 2135 566 949 2136 565 944 2137 497 947 2138 498 950 2139 568 953 2140 567 948 2141 499 951 2142 500 954 2143 570 957 2144 569 952 2145 501 955 2146 502 958 2147 572 961 2148 571 956 2149 503 959 2150 504 962 2151 574 964 2152 573 960 2153 505 963 2154 506 965 2155 469 893 2156 463 1045 2157 462 1046 2158 470 894 2159 580 971 2160 464 970 2161 544 1047 2162 581 1048 2163 581 1048 2164 544 1047 2165 545 1049 2166 582 1049 2167 582 1049 2168 545 1049 2169 546 1050 2170 583 1051 2171 583 1051 2172 546 1050 2173 547 1052 2174 584 1053 2175 584 1053 2176 547 1052 2177 548 1054 2178 585 1054 2179 585 1054 2180 548 1054 2181 549 1055 2182 586 1056 2183 586 1056 2184 549 1055 2185 550 1057 2186 587 1058 2187 587 1058 2188 550 1057 2189 551 1059 2190 588 1059 2191 588 1059 2192 551 1059 2193 552 1060 2194 589 1061 2195 589 1061 2196 552 1060 2197 553 1062 2198 590 1062 2199 590 1062 2200 553 1062 2201 554 1063 2202 591 1064 2203 591 1064 2204 554 1063 2205 555 1065 2206 592 1066 2207 592 1066 2208 555 1065 2209 556 1067 2210 593 1067 2211 593 1067 2212 556 1067 2213 557 1068 2214 594 1069 2215 594 1069 2216 557 1068 2217 558 1070 2218 595 1071 2219 595 1071 2220 558 1070 2221 559 1072 2222 596 1073 2223 596 1073 2224 559 1072 2225 560 1074 2226 597 1075 2227 597 1075 2228 560 1074 2229 561 1076 2230 598 1077 2231 598 1077 2232 561 1076 2233 562 1078 2234 599 1079 2235 599 1079 2236 562 1078 2237 563 1080 2238 600 1081 2239 600 1081 2240 563 1080 2241 564 1082 2242 601 1083 2243 601 1083 2244 564 1082 2245 565 1084 2246 602 1085 2247 602 1085 2248 565 1084 2249 566 1086 2250 603 1087 2251 603 1087 2252 566 1086 2253 567 1088 2254 604 1089 2255 604 1089 2256 567 1088 2257 568 1090 2258 605 1091 2259 605 1091 2260 568 1090 2261 569 1092 2262 606 1093 2263 606 1093 2264 569 1092 2265 570 1094 2266 607 1095 2267 607 1095 2268 570 1094 2269 571 1096 2270 608 1097 2271 608 1097 2272 571 1096 2273 572 1098 2274 609 1099 2275 609 1099 2276 572 1098 2277 573 1100 2278 610 1101 2279 610 1101 2280 573 1100 2281 574 891 2282 611 890 2283 461 1102 2284 575 1103 2285 543 1104 2286 460 1105 2287 575 1103 2288 576 1106 2289 542 1107 2290 543 1104 2291 576 1106 2292 577 1108 2293 541 1109 2294 542 1107 2295 577 1108 2296 578 1110 2297 540 1111 2298 541 1109 2299 578 1110 2300 579 1112 2301 539 1113 2302 540 1111 2303 579 1112 2304 580 1114 2305 538 1115 2306 539 1113 2307 580 1114 2308 581 1116 2309 537 1117 2310 538 1115 2311 581 1116 2312 582 1118 2313 536 1119 2314 537 1117 2315 582 1118 2316 583 1120 2317 535 1121 2318 536 1119 2319 583 1120 2320 584 1122 2321 534 1123 2322 535 1121 2323 584 1122 2324 585 1124 2325 533 1125 2326 534 1123 2327 585 1124 2328 586 1126 2329 532 1127 2330 533 1125 2331 586 1126 2332 587 1128 2333 531 1129 2334 532 1127 2335 587 1128 2336 588 1130 2337 530 1131 2338 531 1129 2339 588 1130 2340 589 1132 2341 529 1133 2342 530 1131 2343 589 1132 2344 590 1134 2345 528 1135 2346 529 1133 2347 590 1134 2348 591 1136 2349 527 1137 2350 528 1135 2351 591 1136 2352 592 1138 2353 526 1139 2354 527 1137 2355 592 1138 2356 593 1140 2357 525 1141 2358 526 1139 2359 593 1140 2360 594 1142 2361 524 1143 2362 525 1141 2363 594 1142 2364 595 1144 2365 523 1145 2366 524 1143 2367 595 1144 2368 596 1146 2369 522 1147 2370 523 1145 2371 596 1146 2372 597 1148 2373 521 1149 2374 522 1147 2375 597 1148 2376 598 1150 2377 520 1151 2378 521 1149 2379 598 1150 2380 599 1152 2381 519 1153 2382 520 1151 2383 599 1152 2384 600 1154 2385 518 1155 2386 519 1153 2387 600 1154 2388 601 1156 2389 517 1157 2390 518 1155 2391 601 1156 2392 602 1158 2393 516 1159 2394 517 1157 2395 602 1158 2396 603 1160 2397 515 1161 2398 516 1159 2399 603 1160 2400 604 1162 2401 514 1163 2402 515 1161 2403 604 1162 2404 605 1164 2405 513 1165 2406 514 1163 2407 605 1164 2408 606 1166 2409 512 1167 2410 513 1165 2411 606 1166 2412 607 1168 2413 511 1169 2414 512 1167 2415 607 1168 2416 608 1170 2417 510 1171 2418 511 1169 2419 608 1170 2420 609 1172 2421 509 1173 2422 510 1171 2423 609 1172 2424 610 1174 2425 508 1175 2426 509 1173 2427 610 1174 2428 611 880 2429 507 881 2430 508 1175 2431 763 1176 2432 461 1102 2433 460 1105 2434 659 1177 2435 730 1178 2436 618 1179 2437 617 1180 2438 731 1181 2439 659 1182 2440 658 1183 2441 657 1184 2442 660 1185 2443 763 1186 2444 726 1187 2445 463 977 2446 461 976 2447 620 1188 2448 621 1189 2449 622 1190 2450 623 1191 2451 618 1192 2452 619 1193 2453 624 1194 2454 625 1195 2455 616 1196 2456 617 1197 2457 626 1198 2458 627 1199 2459 697 1200 2460 696 1201 2461 628 1202 2462 629 1203 2463 699 1204 2464 698 1205 2465 630 1206 2466 631 1207 2467 701 1208 2468 700 1209 2469 632 1210 2470 633 1211 2471 703 1212 2472 702 1213 2473 634 1214 2474 635 1215 2475 705 1216 2476 704 1217 2477 636 1218 2478 637 1219 2479 707 1220 2480 706 1221 2481 638 1222 2482 639 1223 2483 709 1224 2484 708 1225 2485 640 1226 2486 641 1227 2487 711 1228 2488 710 1229 2489 642 1230 2490 643 1231 2491 713 1232 2492 712 1233 2493 644 1234 2494 645 1235 2495 715 1236 2496 714 1237 2497 646 1238 2498 647 1239 2499 717 1240 2500 716 1241 2501 648 1242 2502 649 1243 2503 719 1244 2504 718 1245 2505 650 1246 2506 651 1247 2507 721 1248 2508 720 1249 2509 652 1250 2510 653 1251 2511 723 1252 2512 722 1253 2513 654 1254 2514 655 1255 2515 725 1256 2516 724 1257 2517 656 1258 2518 657 1259 2519 463 1045 2520 726 1260 2521 658 1261 2522 462 1046 2523 695 1262 2524 622 1263 2525 614 1264 2526 612 1265 2527 731 1181 2528 617 1180 2529 616 1266 2530 732 1267 2531 728 1268 2532 620 1269 2533 619 1270 2534 729 1271 2535 613 1272 2536 615 1273 2537 621 1274 2538 727 1275 2539 693 1276 2540 624 1277 2541 623 1278 2542 694 1279 2543 691 1280 2544 626 1281 2545 625 1282 2546 692 1283 2547 689 1284 2548 628 1285 2549 627 1286 2550 690 1287 2551 687 1288 2552 630 1289 2553 629 1290 2554 688 1291 2555 685 1292 2556 632 1293 2557 631 1294 2558 686 1295 2559 683 1296 2560 634 1297 2561 633 1298 2562 684 1299 2563 681 1300 2564 636 1301 2565 635 1302 2566 682 1303 2567 679 1304 2568 638 1305 2569 637 1306 2570 680 1307 2571 677 1308 2572 640 1309 2573 639 1310 2574 678 1311 2575 675 1312 2576 642 1313 2577 641 1314 2578 676 1315 2579 673 1316 2580 644 1317 2581 643 1318 2582 674 1319 2583 671 1320 2584 646 1321 2585 645 1322 2586 672 1323 2587 669 1324 2588 648 1325 2589 647 1326 2590 670 1327 2591 667 1328 2592 650 1329 2593 649 1330 2594 668 1331 2595 665 1332 2596 652 1332 2597 651 1333 2598 666 1333 2599 663 1334 2600 654 1335 2601 653 1336 2602 664 1337 2603 661 1338 2604 656 1339 2605 655 1340 2606 662 1341 2607 660 1185 2608 657 1184 2609 656 1339 2610 661 1338 2611 662 1341 2612 655 1340 2613 654 1335 2614 663 1334 2615 664 1337 2616 653 1336 2617 652 1332 2618 665 1332 2619 666 1333 2620 651 1333 2621 650 1329 2622 667 1328 2623 668 1331 2624 649 1330 2625 648 1325 2626 669 1324 2627 670 1327 2628 647 1326 2629 646 1321 2630 671 1320 2631 672 1323 2632 645 1322 2633 644 1317 2634 673 1316 2635 674 1319 2636 643 1318 2637 642 1313 2638 675 1312 2639 676 1315 2640 641 1314 2641 640 1309 2642 677 1308 2643 678 1311 2644 639 1310 2645 638 1305 2646 679 1304 2647 680 1307 2648 637 1306 2649 636 1301 2650 681 1300 2651 682 1303 2652 635 1302 2653 634 1297 2654 683 1296 2655 684 1299 2656 633 1298 2657 632 1293 2658 685 1292 2659 686 1295 2660 631 1294 2661 630 1289 2662 687 1288 2663 688 1291 2664 629 1290 2665 628 1285 2666 689 1284 2667 690 1287 2668 627 1286 2669 626 1281 2670 691 1280 2671 692 1283 2672 625 1282 2673 624 1277 2674 693 1276 2675 694 1279 2676 623 1278 2677 622 1263 2678 695 1262 2679 727 1275 2680 621 1274 2681 620 1269 2682 728 1268 2683 729 1271 2684 619 1270 2685 618 1179 2686 730 1178 2687 460 969 2688 462 968 2689 658 1183 2690 659 1182 2691 619 1193 2692 620 1188 2693 623 1191 2694 624 1194 2695 617 1197 2696 618 1192 2697 625 1195 2698 626 1198 2699 696 1201 2700 616 1196 2701 627 1199 2702 628 1202 2703 698 1205 2704 697 1200 2705 629 1203 2706 630 1206 2707 700 1209 2708 699 1204 2709 631 1207 2710 632 1210 2711 702 1213 2712 701 1208 2713 633 1211 2714 634 1214 2715 704 1217 2716 703 1212 2717 635 1215 2718 636 1218 2719 706 1221 2720 705 1216 2721 637 1219 2722 638 1222 2723 708 1225 2724 707 1220 2725 639 1223 2726 640 1226 2727 710 1229 2728 709 1224 2729 641 1227 2730 642 1230 2731 712 1233 2732 711 1228 2733 643 1231 2734 644 1234 2735 714 1237 2736 713 1232 2737 645 1235 2738 646 1238 2739 716 1241 2740 715 1236 2741 647 1239 2742 648 1242 2743 718 1245 2744 717 1240 2745 649 1243 2746 650 1246 2747 720 1249 2748 719 1244 2749 651 1247 2750 652 1250 2751 722 1253 2752 721 1248 2753 653 1251 2754 654 1254 2755 724 1257 2756 723 1252 2757 655 1255 2758 656 1258 2759 726 1260 2760 725 1256 2761 657 1259 2762 658 1261 2763 621 1189 2764 615 1342 2765 614 1343 2766 622 1190 2767 732 1267 2768 616 1266 2769 696 1344 2770 733 1344 2771 733 1344 2772 696 1344 2773 697 1345 2774 734 1346 2775 734 1346 2776 697 1345 2777 698 1347 2778 735 1348 2779 735 1348 2780 698 1347 2781 699 1349 2782 736 1350 2783 736 1350 2784 699 1349 2785 700 1351 2786 737 1351 2787 737 1351 2788 700 1351 2789 701 1352 2790 738 1353 2791 738 1353 2792 701 1352 2793 702 1354 2794 739 1355 2795 739 1355 2796 702 1354 2797 703 1356 2798 740 1357 2799 740 1357 2800 703 1356 2801 704 1358 2802 741 1358 2803 741 1358 2804 704 1358 2805 705 1359 2806 742 1360 2807 742 1360 2808 705 1359 2809 706 1361 2810 743 1362 2811 743 1362 2812 706 1361 2813 707 1363 2814 744 1363 2815 744 1363 2816 707 1363 2817 708 1364 2818 745 1365 2819 745 1365 2820 708 1364 2821 709 1366 2822 746 1367 2823 746 1367 2824 709 1366 2825 710 1368 2826 747 1369 2827 747 1369 2828 710 1368 2829 711 1370 2830 748 1371 2831 748 1371 2832 711 1370 2833 712 1372 2834 749 1373 2835 749 1373 2836 712 1372 2837 713 1374 2838 750 1375 2839 750 1375 2840 713 1374 2841 714 1376 2842 751 1377 2843 751 1377 2844 714 1376 2845 715 1378 2846 752 1379 2847 752 1379 2848 715 1378 2849 716 1380 2850 753 1381 2851 753 1381 2852 716 1380 2853 717 1382 2854 754 1383 2855 754 1383 2856 717 1382 2857 718 1384 2858 755 1385 2859 755 1385 2860 718 1384 2861 719 1386 2862 756 1387 2863 756 1387 2864 719 1386 2865 720 1388 2866 757 1389 2867 757 1389 2868 720 1388 2869 721 1390 2870 758 1391 2871 758 1391 2872 721 1390 2873 722 1392 2874 759 1393 2875 759 1393 2876 722 1392 2877 723 1394 2878 760 1395 2879 760 1395 2880 723 1394 2881 724 1396 2882 761 1397 2883 761 1397 2884 724 1396 2885 725 1398 2886 762 1399 2887 762 1399 2888 725 1398 2889 726 1187 2890 763 1186 2891 613 1400 2892 727 1401 2893 695 1402 2894 612 1403 2895 727 1401 2896 728 1404 2897 694 1405 2898 695 1402 2899 728 1404 2900 729 1406 2901 693 1407 2902 694 1405 2903 729 1406 2904 730 1408 2905 692 1409 2906 693 1407 2907 730 1408 2908 731 1410 2909 691 1411 2910 692 1409 2911 731 1410 2912 732 1412 2913 690 1413 2914 691 1411 2915 732 1412 2916 733 1414 2917 689 1415 2918 690 1413 2919 733 1414 2920 734 1416 2921 688 1417 2922 689 1415 2923 734 1416 2924 735 1418 2925 687 1419 2926 688 1417 2927 735 1418 2928 736 1420 2929 686 1421 2930 687 1419 2931 736 1420 2932 737 1422 2933 685 1423 2934 686 1421 2935 737 1422 2936 738 1424 2937 684 1425 2938 685 1423 2939 738 1424 2940 739 1426 2941 683 1427 2942 684 1425 2943 739 1426 2944 740 1428 2945 682 1429 2946 683 1427 2947 740 1428 2948 741 1430 2949 681 1431 2950 682 1429 2951 741 1430 2952 742 1432 2953 680 1433 2954 681 1431 2955 742 1432 2956 743 1434 2957 679 1435 2958 680 1433 2959 743 1434 2960 744 1436 2961 678 1437 2962 679 1435 2963 744 1436 2964 745 1438 2965 677 1439 2966 678 1437 2967 745 1438 2968 746 1440 2969 676 1441 2970 677 1439 2971 746 1440 2972 747 1442 2973 675 1443 2974 676 1441 2975 747 1442 2976 748 1444 2977 674 1445 2978 675 1443 2979 748 1444 2980 749 1446 2981 673 1447 2982 674 1445 2983 749 1446 2984 750 1448 2985 672 1449 2986 673 1447 2987 750 1448 2988 751 1450 2989 671 1451 2990 672 1449 2991 751 1450 2992 752 1452 2993 670 1453 2994 671 1451 2995 752 1452 2996 753 1454 2997 669 1455 2998 670 1453 2999 753 1454 3000 754 1456 3001 668 1457 3002 669 1455 3003 754 1456 3004 755 1458 3005 667 1459 3006 668 1457 3007 755 1458 3008 756 1460 3009 666 1461 3010 667 1459 3011 756 1460 3012 757 1462 3013 665 1463 3014 666 1461 3015 757 1462 3016 758 1464 3017 664 1465 3018 665 1463 3019 758 1464 3020 759 1466 3021 663 1467 3022 664 1465 3023 759 1466 3024 760 1468 3025 662 1469 3026 663 1467 3027 760 1468 3028 761 1470 3029 661 1471 3030 662 1469 3031 761 1470 3032 762 1472 3033 660 1473 3034 661 1471 3035 762 1472 3036 763 1176 3037 659 1177 3038 660 1473 3039 915 1474 3040 613 1400 3041 612 1403 3042 811 1475 3043 882 1476 3044 770 1477 3045 769 1478 3046 883 1479 3047 811 1480 3048 810 1481 3049 809 1482 3050 812 1483 3051 915 1484 3052 878 1485 3053 615 1273 3054 613 1272 3055 772 1486 3056 773 1487 3057 774 1488 3058 775 1489 3059 770 1490 3060 771 1491 3061 776 1492 3062 777 1493 3063 768 1494 3064 769 1495 3065 778 1496 3066 779 1497 3067 849 1498 3068 848 1499 3069 780 1500 3070 781 1501 3071 851 1502 3072 850 1503 3073 782 1504 3074 783 1505 3075 853 1506 3076 852 1507 3077 784 1508 3078 785 1509 3079 855 1510 3080 854 1511 3081 786 1512 3082 787 1513 3083 857 1514 3084 856 1515 3085 788 1516 3086 789 1517 3087 859 1518 3088 858 1519 3089 790 1520 3090 791 1521 3091 861 1522 3092 860 1523 3093 792 1524 3094 793 1525 3095 863 1526 3096 862 1527 3097 794 1528 3098 795 1529 3099 865 1530 3100 864 1531 3101 796 1532 3102 797 1533 3103 867 1534 3104 866 1535 3105 798 1536 3106 799 1537 3107 869 1538 3108 868 1539 3109 800 1540 3110 801 1541 3111 871 1542 3112 870 1543 3113 802 1544 3114 803 1545 3115 873 1546 3116 872 1547 3117 804 1548 3118 805 1549 3119 875 1550 3120 874 1551 3121 806 1552 3122 807 1553 3123 877 1554 3124 876 1555 3125 808 1556 3126 809 1557 3127 615 1342 3128 878 1558 3129 810 1559 3130 614 1343 3131 847 1560 3132 774 1561 3133 766 1562 3134 764 1563 3135 883 1479 3136 769 1478 3137 768 1564 3138 884 1565 3139 880 1566 3140 772 1566 3141 771 1567 3142 881 1567 3143 765 1568 3144 767 1569 3145 773 1570 3146 879 1571 3147 845 1572 3148 776 1572 3149 775 1573 3150 846 1573 3151 843 1574 3152 778 1575 3153 777 1576 3154 844 1577 3155 841 1578 3156 780 1579 3157 779 1580 3158 842 1580 3159 839 1581 3160 782 1582 3161 781 1583 3162 840 1584 3163 837 1585 3164 784 1586 3165 783 1587 3166 838 1588 3167 835 1589 3168 786 1590 3169 785 1591 3170 836 1592 3171 833 1593 3172 788 1594 3173 787 1595 3174 834 1596 3175 831 1597 3176 790 1598 3177 789 1599 3178 832 1600 3179 829 1601 3180 792 1602 3181 791 1603 3182 830 1604 3183 827 1605 3184 794 1606 3185 793 1607 3186 828 1608 3187 825 1609 3188 796 1610 3189 795 1611 3190 826 1612 3191 823 1613 3192 798 1614 3193 797 1615 3194 824 1616 3195 821 1617 3196 800 1618 3197 799 1619 3198 822 1620 3199 819 1621 3200 802 1622 3201 801 1623 3202 820 1624 3203 817 1625 3204 804 1626 3205 803 1627 3206 818 1628 3207 815 1629 3208 806 1629 3209 805 1630 3210 816 1631 3211 813 1632 3212 808 1633 3213 807 1634 3214 814 1635 3215 812 1483 3216 809 1482 3217 808 1633 3218 813 1632 3219 814 1635 3220 807 1634 3221 806 1629 3222 815 1629 3223 816 1631 3224 805 1630 3225 804 1626 3226 817 1625 3227 818 1628 3228 803 1627 3229 802 1622 3230 819 1621 3231 820 1624 3232 801 1623 3233 800 1618 3234 821 1617 3235 822 1620 3236 799 1619 3237 798 1614 3238 823 1613 3239 824 1616 3240 797 1615 3241 796 1610 3242 825 1609 3243 826 1612 3244 795 1611 3245 794 1606 3246 827 1605 3247 828 1608 3248 793 1607 3249 792 1602 3250 829 1601 3251 830 1604 3252 791 1603 3253 790 1598 3254 831 1597 3255 832 1600 3256 789 1599 3257 788 1594 3258 833 1593 3259 834 1596 3260 787 1595 3261 786 1590 3262 835 1589 3263 836 1592 3264 785 1591 3265 784 1586 3266 837 1585 3267 838 1588 3268 783 1587 3269 782 1582 3270 839 1581 3271 840 1584 3272 781 1583 3273 780 1579 3274 841 1578 3275 842 1580 3276 779 1580 3277 778 1575 3278 843 1574 3279 844 1577 3280 777 1576 3281 776 1572 3282 845 1572 3283 846 1573 3284 775 1573 3285 774 1561 3286 847 1560 3287 879 1571 3288 773 1570 3289 772 1566 3290 880 1566 3291 881 1567 3292 771 1567 3293 770 1477 3294 882 1476 3295 612 1265 3296 614 1264 3297 810 1481 3298 811 1480 3299 771 1491 3300 772 1486 3301 775 1489 3302 776 1492 3303 769 1495 3304 770 1490 3305 777 1493 3306 778 1496 3307 848 1499 3308 768 1494 3309 779 1497 3310 780 1500 3311 850 1503 3312 849 1498 3313 781 1501 3314 782 1504 3315 852 1507 3316 851 1502 3317 783 1505 3318 784 1508 3319 854 1511 3320 853 1506 3321 785 1509 3322 786 1512 3323 856 1515 3324 855 1510 3325 787 1513 3326 788 1516 3327 858 1519 3328 857 1514 3329 789 1517 3330 790 1520 3331 860 1523 3332 859 1518 3333 791 1521 3334 792 1524 3335 862 1527 3336 861 1522 3337 793 1525 3338 794 1528 3339 864 1531 3340 863 1526 3341 795 1529 3342 796 1532 3343 866 1535 3344 865 1530 3345 797 1533 3346 798 1536 3347 868 1539 3348 867 1534 3349 799 1537 3350 800 1540 3351 870 1543 3352 869 1538 3353 801 1541 3354 802 1544 3355 872 1547 3356 871 1542 3357 803 1545 3358 804 1548 3359 874 1551 3360 873 1546 3361 805 1549 3362 806 1552 3363 876 1555 3364 875 1550 3365 807 1553 3366 808 1556 3367 878 1558 3368 877 1554 3369 809 1557 3370 810 1559 3371 773 1487 3372 767 1636 3373 766 1637 3374 774 1488 3375 884 1565 3376 768 1564 3377 848 1638 3378 885 1639 3379 885 1639 3380 848 1638 3381 849 1640 3382 886 1640 3383 886 1640 3384 849 1640 3385 850 1641 3386 887 1642 3387 887 1642 3388 850 1641 3389 851 1643 3390 888 1644 3391 888 1644 3392 851 1643 3393 852 1645 3394 889 1646 3395 889 1646 3396 852 1645 3397 853 1647 3398 890 1648 3399 890 1648 3400 853 1647 3401 854 1649 3402 891 1649 3403 891 1649 3404 854 1649 3405 855 1650 3406 892 1651 3407 892 1651 3408 855 1650 3409 856 1652 3410 893 1653 3411 893 1653 3412 856 1652 3413 857 1654 3414 894 1655 3415 894 1655 3416 857 1654 3417 858 1656 3418 895 1657 3419 895 1657 3420 858 1656 3421 859 1658 3422 896 1659 3423 896 1659 3424 859 1658 3425 860 1660 3426 897 1661 3427 897 1661 3428 860 1660 3429 861 1662 3430 898 1663 3431 898 1663 3432 861 1662 3433 862 1664 3434 899 1665 3435 899 1665 3436 862 1664 3437 863 1666 3438 900 1667 3439 900 1667 3440 863 1666 3441 864 1668 3442 901 1669 3443 901 1669 3444 864 1668 3445 865 1670 3446 902 1671 3447 902 1671 3448 865 1670 3449 866 1672 3450 903 1673 3451 903 1673 3452 866 1672 3453 867 1674 3454 904 1675 3455 904 1675 3456 867 1674 3457 868 1676 3458 905 1677 3459 905 1677 3460 868 1676 3461 869 1678 3462 906 1679 3463 906 1679 3464 869 1678 3465 870 1680 3466 907 1681 3467 907 1681 3468 870 1680 3469 871 1682 3470 908 1683 3471 908 1683 3472 871 1682 3473 872 1684 3474 909 1685 3475 909 1685 3476 872 1684 3477 873 1686 3478 910 1687 3479 910 1687 3480 873 1686 3481 874 1688 3482 911 1689 3483 911 1689 3484 874 1688 3485 875 1690 3486 912 1690 3487 912 1690 3488 875 1690 3489 876 1691 3490 913 1692 3491 913 1692 3492 876 1691 3493 877 1693 3494 914 1694 3495 914 1694 3496 877 1693 3497 878 1485 3498 915 1484 3499 765 1695 3500 879 1696 3501 847 1697 3502 764 1698 3503 879 1696 3504 880 1699 3505 846 1700 3506 847 1697 3507 880 1699 3508 881 1701 3509 845 1702 3510 846 1700 3511 881 1701 3512 882 1703 3513 844 1704 3514 845 1702 3515 882 1703 3516 883 1705 3517 843 1706 3518 844 1704 3519 883 1705 3520 884 1707 3521 842 1708 3522 843 1706 3523 884 1707 3524 885 1709 3525 841 1710 3526 842 1708 3527 885 1709 3528 886 1711 3529 840 1712 3530 841 1710 3531 886 1711 3532 887 1713 3533 839 1714 3534 840 1712 3535 887 1713 3536 888 1715 3537 838 1716 3538 839 1714 3539 888 1715 3540 889 1717 3541 837 1718 3542 838 1716 3543 889 1717 3544 890 1719 3545 836 1720 3546 837 1718 3547 890 1719 3548 891 1721 3549 835 1722 3550 836 1720 3551 891 1721 3552 892 1723 3553 834 1724 3554 835 1722 3555 892 1723 3556 893 1725 3557 833 1726 3558 834 1724 3559 893 1725 3560 894 1727 3561 832 1728 3562 833 1726 3563 894 1727 3564 895 1729 3565 831 1730 3566 832 1728 3567 895 1729 3568 896 1731 3569 830 1732 3570 831 1730 3571 896 1731 3572 897 1733 3573 829 1734 3574 830 1732 3575 897 1733 3576 898 1735 3577 828 1736 3578 829 1734 3579 898 1735 3580 899 1737 3581 827 1738 3582 828 1736 3583 899 1737 3584 900 1739 3585 826 1740 3586 827 1738 3587 900 1739 3588 901 1741 3589 825 1742 3590 826 1740 3591 901 1741 3592 902 1743 3593 824 1744 3594 825 1742 3595 902 1743 3596 903 1745 3597 823 1746 3598 824 1744 3599 903 1745 3600 904 1747 3601 822 1748 3602 823 1746 3603 904 1747 3604 905 1749 3605 821 1750 3606 822 1748 3607 905 1749 3608 906 1751 3609 820 1752 3610 821 1750 3611 906 1751 3612 907 1753 3613 819 1754 3614 820 1752 3615 907 1753 3616 908 1755 3617 818 1756 3618 819 1754 3619 908 1755 3620 909 1757 3621 817 1758 3622 818 1756 3623 909 1757 3624 910 1759 3625 816 1760 3626 817 1758 3627 910 1759 3628 911 1761 3629 815 1762 3630 816 1760 3631 911 1761 3632 912 1763 3633 814 1764 3634 815 1762 3635 912 1763 3636 913 1765 3637 813 1766 3638 814 1764 3639 913 1765 3640 914 1767 3641 812 1768 3642 813 1766 3643 914 1767 3644 915 1474 3645 811 1475 3646 812 1768 3647 1067 1769 3648 765 1695 3649 764 1698 3650 963 1770 3651 1034 1771 3652 922 1772 3653 921 1773 3654 1035 1774 3655 963 1775 3656 962 1776 3657 961 1777 3658 964 1777 3659 1067 1778 3660 1030 1779 3661 767 1569 3662 765 1568 3663 924 1780 3664 925 1781 3665 926 1782 3666 927 1783 3667 922 1784 3668 923 1785 3669 928 1786 3670 929 1787 3671 920 1788 3672 921 1789 3673 930 1790 3674 931 1791 3675 1001 1792 3676 1000 1793 3677 932 1794 3678 933 1795 3679 1003 1796 3680 1002 1797 3681 934 1798 3682 935 1799 3683 1005 1800 3684 1004 1801 3685 936 1802 3686 937 1803 3687 1007 1804 3688 1006 1805 3689 938 1806 3690 939 1807 3691 1009 1808 3692 1008 1809 3693 940 1810 3694 941 1811 3695 1011 1812 3696 1010 1813 3697 942 1814 3698 943 1815 3699 1013 1816 3700 1012 1817 3701 944 1818 3702 945 1819 3703 1015 1820 3704 1014 1821 3705 946 1822 3706 947 1823 3707 1017 1824 3708 1016 1825 3709 948 1826 3710 949 1827 3711 1019 1828 3712 1018 1829 3713 950 1830 3714 951 1831 3715 1021 1832 3716 1020 1833 3717 952 1834 3718 953 1835 3719 1023 1836 3720 1022 1837 3721 954 1838 3722 955 1839 3723 1025 1840 3724 1024 1841 3725 956 1842 3726 957 1843 3727 1027 1844 3728 1026 1845 3729 958 1846 3730 959 1847 3731 1029 1848 3732 1028 1849 3733 960 1850 3734 961 1851 3735 767 1636 3736 1030 1852 3737 962 1853 3738 766 1637 3739 999 1854 3740 926 1855 3741 918 1856 3742 916 1857 3743 1035 1774 3744 921 1773 3745 920 1858 3746 1036 1859 3747 1032 1860 3748 924 1861 3749 923 1862 3750 1033 1863 3751 917 1864 3752 919 1865 3753 925 1866 3754 1031 1867 3755 997 1868 3756 928 1869 3757 927 1870 3758 998 1871 3759 995 1872 3760 930 1873 3761 929 1874 3762 996 1875 3763 993 1876 3764 932 1877 3765 931 1878 3766 994 1879 3767 991 1880 3768 934 1881 3769 933 1882 3770 992 1883 3771 989 1884 3772 936 1885 3773 935 1886 3774 990 1887 3775 987 1888 3776 938 1889 3777 937 1890 3778 988 1891 3779 985 1892 3780 940 1893 3781 939 1894 3782 986 1895 3783 983 1896 3784 942 1897 3785 941 1898 3786 984 1899 3787 981 1900 3788 944 1901 3789 943 1902 3790 982 1903 3791 979 1904 3792 946 1904 3793 945 1905 3794 980 1906 3795 977 1907 3796 948 1908 3797 947 1909 3798 978 1909 3799 975 1910 3800 950 1911 3801 949 1912 3802 976 1913 3803 973 1914 3804 952 1915 3805 951 1916 3806 974 1917 3807 971 1918 3808 954 1919 3809 953 1920 3810 972 1921 3811 969 1922 3812 956 1922 3813 955 1923 3814 970 1924 3815 967 1925 3816 958 1926 3817 957 1927 3818 968 1928 3819 965 1929 3820 960 1930 3821 959 1931 3822 966 1932 3823 964 1777 3824 961 1777 3825 960 1930 3826 965 1929 3827 966 1932 3828 959 1931 3829 958 1926 3830 967 1925 3831 968 1928 3832 957 1927 3833 956 1922 3834 969 1922 3835 970 1924 3836 955 1923 3837 954 1919 3838 971 1918 3839 972 1921 3840 953 1920 3841 952 1915 3842 973 1914 3843 974 1917 3844 951 1916 3845 950 1911 3846 975 1910 3847 976 1913 3848 949 1912 3849 948 1908 3850 977 1907 3851 978 1909 3852 947 1909 3853 946 1904 3854 979 1904 3855 980 1906 3856 945 1905 3857 944 1901 3858 981 1900 3859 982 1903 3860 943 1902 3861 942 1897 3862 983 1896 3863 984 1899 3864 941 1898 3865 940 1893 3866 985 1892 3867 986 1895 3868 939 1894 3869 938 1889 3870 987 1888 3871 988 1891 3872 937 1890 3873 936 1885 3874 989 1884 3875 990 1887 3876 935 1886 3877 934 1881 3878 991 1880 3879 992 1883 3880 933 1882 3881 932 1877 3882 993 1876 3883 994 1879 3884 931 1878 3885 930 1873 3886 995 1872 3887 996 1875 3888 929 1874 3889 928 1869 3890 997 1868 3891 998 1871 3892 927 1870 3893 926 1855 3894 999 1854 3895 1031 1867 3896 925 1866 3897 924 1861 3898 1032 1860 3899 1033 1863 3900 923 1862 3901 922 1772 3902 1034 1771 3903 764 1563 3904 766 1562 3905 962 1776 3906 963 1775 3907 923 1785 3908 924 1780 3909 927 1783 3910 928 1786 3911 921 1789 3912 922 1784 3913 929 1787 3914 930 1790 3915 1000 1793 3916 920 1788 3917 931 1791 3918 932 1794 3919 1002 1797 3920 1001 1792 3921 933 1795 3922 934 1798 3923 1004 1801 3924 1003 1796 3925 935 1799 3926 936 1802 3927 1006 1805 3928 1005 1800 3929 937 1803 3930 938 1806 3931 1008 1809 3932 1007 1804 3933 939 1807 3934 940 1810 3935 1010 1813 3936 1009 1808 3937 941 1811 3938 942 1814 3939 1012 1817 3940 1011 1812 3941 943 1815 3942 944 1818 3943 1014 1821 3944 1013 1816 3945 945 1819 3946 946 1822 3947 1016 1825 3948 1015 1820 3949 947 1823 3950 948 1826 3951 1018 1829 3952 1017 1824 3953 949 1827 3954 950 1830 3955 1020 1833 3956 1019 1828 3957 951 1831 3958 952 1834 3959 1022 1837 3960 1021 1832 3961 953 1835 3962 954 1838 3963 1024 1841 3964 1023 1836 3965 955 1839 3966 956 1842 3967 1026 1845 3968 1025 1840 3969 957 1843 3970 958 1846 3971 1028 1849 3972 1027 1844 3973 959 1847 3974 960 1850 3975 1030 1852 3976 1029 1848 3977 961 1851 3978 962 1853 3979 925 1781 3980 919 1933 3981 918 1934 3982 926 1782 3983 1036 1859 3984 920 1858 3985 1000 1935 3986 1037 1935 3987 1037 1935 3988 1000 1935 3989 1001 1936 3990 1038 1937 3991 1038 1937 3992 1001 1936 3993 1002 1938 3994 1039 1939 3995 1039 1939 3996 1002 1938 3997 1003 1940 3998 1040 1941 3999 1040 1941 4000 1003 1940 4001 1004 1942 4002 1041 1943 4003 1041 1943 4004 1004 1942 4005 1005 1944 4006 1042 1945 4007 1042 1945 4008 1005 1944 4009 1006 1946 4010 1043 1947 4011 1043 1947 4012 1006 1946 4013 1007 1948 4014 1044 1949 4015 1044 1949 4016 1007 1948 4017 1008 1950 4018 1045 1951 4019 1045 1951 4020 1008 1950 4021 1009 1952 4022 1046 1953 4023 1046 1953 4024 1009 1952 4025 1010 1954 4026 1047 1955 4027 1047 1955 4028 1010 1954 4029 1011 1956 4030 1048 1957 4031 1048 1957 4032 1011 1956 4033 1012 1958 4034 1049 1959 4035 1049 1959 4036 1012 1958 4037 1013 1960 4038 1050 1961 4039 1050 1961 4040 1013 1960 4041 1014 1962 4042 1051 1963 4043 1051 1963 4044 1014 1962 4045 1015 1964 4046 1052 1965 4047 1052 1965 4048 1015 1964 4049 1016 1966 4050 1053 1967 4051 1053 1967 4052 1016 1966 4053 1017 1968 4054 1054 1968 4055 1054 1968 4056 1017 1968 4057 1018 1969 4058 1055 1970 4059 1055 1970 4060 1018 1969 4061 1019 1971 4062 1056 1972 4063 1056 1972 4064 1019 1971 4065 1020 1973 4066 1057 1974 4067 1057 1974 4068 1020 1973 4069 1021 1975 4070 1058 1976 4071 1058 1976 4072 1021 1975 4073 1022 1977 4074 1059 1978 4075 1059 1978 4076 1022 1977 4077 1023 1979 4078 1060 1980 4079 1060 1980 4080 1023 1979 4081 1024 1981 4082 1061 1982 4083 1061 1982 4084 1024 1981 4085 1025 1983 4086 1062 1984 4087 1062 1984 4088 1025 1983 4089 1026 1985 4090 1063 1986 4091 1063 1986 4092 1026 1985 4093 1027 1987 4094 1064 1988 4095 1064 1988 4096 1027 1987 4097 1028 1989 4098 1065 1990 4099 1065 1990 4100 1028 1989 4101 1029 1991 4102 1066 1991 4103 1066 1991 4104 1029 1991 4105 1030 1779 4106 1067 1778 4107 917 1992 4108 1031 1993 4109 999 1994 4110 916 1995 4111 1031 1993 4112 1032 1996 4113 998 1997 4114 999 1994 4115 1032 1996 4116 1033 1998 4117 997 1999 4118 998 1997 4119 1033 1998 4120 1034 2000 4121 996 2001 4122 997 1999 4123 1034 2000 4124 1035 2002 4125 995 2003 4126 996 2001 4127 1035 2002 4128 1036 2004 4129 994 2005 4130 995 2003 4131 1036 2004 4132 1037 2006 4133 993 2007 4134 994 2005 4135 1037 2006 4136 1038 2008 4137 992 2009 4138 993 2007 4139 1038 2008 4140 1039 2010 4141 991 2011 4142 992 2009 4143 1039 2010 4144 1040 2012 4145 990 2013 4146 991 2011 4147 1040 2012 4148 1041 2014 4149 989 2014 4150 990 2013 4151 1041 2014 4152 1042 2015 4153 988 2016 4154 989 2014 4155 1042 2015 4156 1043 2017 4157 987 2018 4158 988 2016 4159 1043 2017 4160 1044 2019 4161 986 2020 4162 987 2018 4163 1044 2019 4164 1045 2021 4165 985 2022 4166 986 2020 4167 1045 2021 4168 1046 2023 4169 984 2024 4170 985 2022 4171 1046 2023 4172 1047 2025 4173 983 2026 4174 984 2024 4175 1047 2025 4176 1048 2027 4177 982 2028 4178 983 2026 4179 1048 2027 4180 1049 2029 4181 981 2030 4182 982 2028 4183 1049 2029 4184 1050 2031 4185 980 2032 4186 981 2030 4187 1050 2031 4188 1051 2033 4189 979 2034 4190 980 2032 4191 1051 2033 4192 1052 2035 4193 978 2036 4194 979 2034 4195 1052 2035 4196 1053 2037 4197 977 2038 4198 978 2036 4199 1053 2037 4200 1054 2039 4201 976 2040 4202 977 2038 4203 1054 2039 4204 1055 2041 4205 975 2042 4206 976 2040 4207 1055 2041 4208 1056 2043 4209 974 2044 4210 975 2042 4211 1056 2043 4212 1057 2045 4213 973 2046 4214 974 2044 4215 1057 2045 4216 1058 2047 4217 972 2048 4218 973 2046 4219 1058 2047 4220 1059 2049 4221 971 2050 4222 972 2048 4223 1059 2049 4224 1060 2051 4225 970 2052 4226 971 2050 4227 1060 2051 4228 1061 2053 4229 969 2054 4230 970 2052 4231 1061 2053 4232 1062 2055 4233 968 2056 4234 969 2054 4235 1062 2055 4236 1063 2057 4237 967 2058 4238 968 2056 4239 1063 2057 4240 1064 2059 4241 966 2060 4242 967 2058 4243 1064 2059 4244 1065 2061 4245 965 2062 4246 966 2060 4247 1065 2061 4248 1066 2063 4249 964 2064 4250 965 2062 4251 1066 2063 4252 1067 1769 4253 963 1770 4254 964 2064 4255 1219 2065 4256 917 1992 4257 916 1995 4258 1115 2066 4259 1186 2067 4260 1074 2068 4261 1073 2069 4262 1187 2069 4263 1115 2070 4264 1114 2071 4265 1113 2072 4266 1116 2073 4267 1219 2074 4268 1182 2075 4269 919 1865 4270 917 1864 4271 1076 2076 4272 1077 2077 4273 1078 2078 4274 1079 2079 4275 1074 2080 4276 1075 2081 4277 1080 2082 4278 1081 2083 4279 1072 2084 4280 1073 2085 4281 1082 2086 4282 1083 2087 4283 1153 2088 4284 1152 2089 4285 1084 2090 4286 1085 2091 4287 1155 2092 4288 1154 2093 4289 1086 2094 4290 1087 2095 4291 1157 2096 4292 1156 2097 4293 1088 2098 4294 1089 2099 4295 1159 2100 4296 1158 2101 4297 1090 2102 4298 1091 2103 4299 1161 2104 4300 1160 2105 4301 1092 2106 4302 1093 2107 4303 1163 2108 4304 1162 2109 4305 1094 2110 4306 1095 2111 4307 1165 2112 4308 1164 2113 4309 1096 2114 4310 1097 2115 4311 1167 2116 4312 1166 2117 4313 1098 2118 4314 1099 2119 4315 1169 2120 4316 1168 2121 4317 1100 2122 4318 1101 2123 4319 1171 2124 4320 1170 2125 4321 1102 2126 4322 1103 2127 4323 1173 2128 4324 1172 2129 4325 1104 2130 4326 1105 2131 4327 1175 2132 4328 1174 2133 4329 1106 2134 4330 1107 2135 4331 1177 2136 4332 1176 2137 4333 1108 2138 4334 1109 2139 4335 1179 2140 4336 1178 2141 4337 1110 2142 4338 1111 2143 4339 1181 2144 4340 1180 2145 4341 1112 2146 4342 1113 2147 4343 919 1933 4344 1182 2148 4345 1114 2149 4346 918 1934 4347 1151 2150 4348 1078 2151 4349 1070 2152 4350 1068 2152 4351 1187 2069 4352 1073 2069 4353 1072 2153 4354 1188 2154 4355 1184 2155 4356 1076 2155 4357 1075 2156 4358 1185 2157 4359 1069 2158 4360 1071 2158 4361 1077 2159 4362 1183 2160 4363 1149 2161 4364 1080 2162 4365 1079 2163 4366 1150 2164 4367 1147 2165 4368 1082 2166 4369 1081 2167 4370 1148 2168 4371 1145 2169 4372 1084 2170 4373 1083 2171 4374 1146 2172 4375 1143 2173 4376 1086 2173 4377 1085 2174 4378 1144 2175 4379 1141 2176 4380 1088 2177 4381 1087 2178 4382 1142 2179 4383 1139 2180 4384 1090 2181 4385 1089 2182 4386 1140 2183 4387 1137 2184 4388 1092 2185 4389 1091 2186 4390 1138 2187 4391 1135 2188 4392 1094 2189 4393 1093 2190 4394 1136 2191 4395 1133 2192 4396 1096 2193 4397 1095 2194 4398 1134 2195 4399 1131 2196 4400 1098 2197 4401 1097 2198 4402 1132 2199 4403 1129 2200 4404 1100 2201 4405 1099 2202 4406 1130 2203 4407 1127 2204 4408 1102 2205 4409 1101 2206 4410 1128 2207 4411 1125 2208 4412 1104 2209 4413 1103 2210 4414 1126 2211 4415 1123 2212 4416 1106 2213 4417 1105 2214 4418 1124 2215 4419 1121 2216 4420 1108 2216 4421 1107 2217 4422 1122 2217 4423 1119 2218 4424 1110 2219 4425 1109 2220 4426 1120 2221 4427 1117 2222 4428 1112 2223 4429 1111 2224 4430 1118 2225 4431 1116 2073 4432 1113 2072 4433 1112 2223 4434 1117 2222 4435 1118 2225 4436 1111 2224 4437 1110 2219 4438 1119 2218 4439 1120 2221 4440 1109 2220 4441 1108 2216 4442 1121 2216 4443 1122 2217 4444 1107 2217 4445 1106 2213 4446 1123 2212 4447 1124 2215 4448 1105 2214 4449 1104 2209 4450 1125 2208 4451 1126 2211 4452 1103 2210 4453 1102 2205 4454 1127 2204 4455 1128 2207 4456 1101 2206 4457 1100 2201 4458 1129 2200 4459 1130 2203 4460 1099 2202 4461 1098 2197 4462 1131 2196 4463 1132 2199 4464 1097 2198 4465 1096 2193 4466 1133 2192 4467 1134 2195 4468 1095 2194 4469 1094 2189 4470 1135 2188 4471 1136 2191 4472 1093 2190 4473 1092 2185 4474 1137 2184 4475 1138 2187 4476 1091 2186 4477 1090 2181 4478 1139 2180 4479 1140 2183 4480 1089 2182 4481 1088 2177 4482 1141 2176 4483 1142 2179 4484 1087 2178 4485 1086 2173 4486 1143 2173 4487 1144 2175 4488 1085 2174 4489 1084 2170 4490 1145 2169 4491 1146 2172 4492 1083 2171 4493 1082 2166 4494 1147 2165 4495 1148 2168 4496 1081 2167 4497 1080 2162 4498 1149 2161 4499 1150 2164 4500 1079 2163 4501 1078 2151 4502 1151 2150 4503 1183 2160 4504 1077 2159 4505 1076 2155 4506 1184 2155 4507 1185 2157 4508 1075 2156 4509 1074 2068 4510 1186 2067 4511 916 1857 4512 918 1856 4513 1114 2071 4514 1115 2070 4515 1075 2081 4516 1076 2076 4517 1079 2079 4518 1080 2082 4519 1073 2085 4520 1074 2080 4521 1081 2083 4522 1082 2086 4523 1152 2089 4524 1072 2084 4525 1083 2087 4526 1084 2090 4527 1154 2093 4528 1153 2088 4529 1085 2091 4530 1086 2094 4531 1156 2097 4532 1155 2092 4533 1087 2095 4534 1088 2098 4535 1158 2101 4536 1157 2096 4537 1089 2099 4538 1090 2102 4539 1160 2105 4540 1159 2100 4541 1091 2103 4542 1092 2106 4543 1162 2109 4544 1161 2104 4545 1093 2107 4546 1094 2110 4547 1164 2113 4548 1163 2108 4549 1095 2111 4550 1096 2114 4551 1166 2117 4552 1165 2112 4553 1097 2115 4554 1098 2118 4555 1168 2121 4556 1167 2116 4557 1099 2119 4558 1100 2122 4559 1170 2125 4560 1169 2120 4561 1101 2123 4562 1102 2126 4563 1172 2129 4564 1171 2124 4565 1103 2127 4566 1104 2130 4567 1174 2133 4568 1173 2128 4569 1105 2131 4570 1106 2134 4571 1176 2137 4572 1175 2132 4573 1107 2135 4574 1108 2138 4575 1178 2141 4576 1177 2136 4577 1109 2139 4578 1110 2142 4579 1180 2145 4580 1179 2140 4581 1111 2143 4582 1112 2146 4583 1182 2148 4584 1181 2144 4585 1113 2147 4586 1114 2149 4587 1077 2077 4588 1071 2226 4589 1070 2227 4590 1078 2078 4591 1188 2154 4592 1072 2153 4593 1152 2228 4594 1189 2228 4595 1189 2228 4596 1152 2228 4597 1153 2229 4598 1190 2229 4599 1190 2229 4600 1153 2229 4601 1154 2230 4602 1191 2231 4603 1191 2231 4604 1154 2230 4605 1155 2232 4606 1192 2233 4607 1192 2233 4608 1155 2232 4609 1156 2234 4610 1193 2234 4611 1193 2234 4612 1156 2234 4613 1157 2235 4614 1194 2236 4615 1194 2236 4616 1157 2235 4617 1158 2237 4618 1195 2237 4619 1195 2237 4620 1158 2237 4621 1159 2238 4622 1196 2239 4623 1196 2239 4624 1159 2238 4625 1160 2240 4626 1197 2241 4627 1197 2241 4628 1160 2240 4629 1161 2242 4630 1198 2243 4631 1198 2243 4632 1161 2242 4633 1162 2244 4634 1199 2245 4635 1199 2245 4636 1162 2244 4637 1163 2246 4638 1200 2247 4639 1200 2247 4640 1163 2246 4641 1164 2248 4642 1201 2249 4643 1201 2249 4644 1164 2248 4645 1165 2250 4646 1202 2251 4647 1202 2251 4648 1165 2250 4649 1166 2252 4650 1203 2252 4651 1203 2252 4652 1166 2252 4653 1167 2253 4654 1204 2253 4655 1204 2253 4656 1167 2253 4657 1168 2254 4658 1205 2255 4659 1205 2255 4660 1168 2254 4661 1169 2256 4662 1206 2257 4663 1206 2257 4664 1169 2256 4665 1170 2258 4666 1207 2259 4667 1207 2259 4668 1170 2258 4669 1171 2260 4670 1208 2261 4671 1208 2261 4672 1171 2260 4673 1172 2262 4674 1209 2263 4675 1209 2263 4676 1172 2262 4677 1173 2264 4678 1210 2264 4679 1210 2264 4680 1173 2264 4681 1174 2265 4682 1211 2265 4683 1211 2265 4684 1174 2265 4685 1175 2266 4686 1212 2266 4687 1212 2266 4688 1175 2266 4689 1176 2267 4690 1213 2267 4691 1213 2267 4692 1176 2267 4693 1177 2268 4694 1214 2269 4695 1214 2269 4696 1177 2268 4697 1178 2270 4698 1215 2271 4699 1215 2271 4700 1178 2270 4701 1179 2272 4702 1216 2273 4703 1216 2273 4704 1179 2272 4705 1180 2274 4706 1217 2275 4707 1217 2275 4708 1180 2274 4709 1181 2276 4710 1218 2277 4711 1218 2277 4712 1181 2276 4713 1182 2075 4714 1219 2074 4715 1069 2278 4716 1183 2279 4717 1151 2280 4718 1068 2281 4719 1183 2279 4720 1184 2282 4721 1150 2283 4722 1151 2280 4723 1184 2282 4724 1185 2284 4725 1149 2285 4726 1150 2283 4727 1185 2284 4728 1186 2286 4729 1148 2287 4730 1149 2285 4731 1186 2286 4732 1187 2288 4733 1147 2289 4734 1148 2287 4735 1187 2288 4736 1188 2290 4737 1146 2291 4738 1147 2289 4739 1188 2290 4740 1189 2292 4741 1145 2293 4742 1146 2291 4743 1189 2292 4744 1190 2294 4745 1144 2295 4746 1145 2293 4747 1190 2294 4748 1191 2296 4749 1143 2297 4750 1144 2295 4751 1191 2296 4752 1192 2298 4753 1142 2299 4754 1143 2297 4755 1192 2298 4756 1193 2300 4757 1141 2301 4758 1142 2299 4759 1193 2300 4760 1194 2302 4761 1140 2303 4762 1141 2301 4763 1194 2302 4764 1195 2304 4765 1139 2305 4766 1140 2303 4767 1195 2304 4768 1196 2306 4769 1138 2307 4770 1139 2305 4771 1196 2306 4772 1197 2308 4773 1137 2309 4774 1138 2307 4775 1197 2308 4776 1198 2310 4777 1136 2311 4778 1137 2309 4779 1198 2310 4780 1199 2312 4781 1135 2313 4782 1136 2311 4783 1199 2312 4784 1200 2314 4785 1134 2315 4786 1135 2313 4787 1200 2314 4788 1201 2316 4789 1133 2317 4790 1134 2315 4791 1201 2316 4792 1202 2318 4793 1132 2319 4794 1133 2317 4795 1202 2318 4796 1203 2320 4797 1131 2321 4798 1132 2319 4799 1203 2320 4800 1204 2322 4801 1130 2323 4802 1131 2321 4803 1204 2322 4804 1205 2324 4805 1129 2325 4806 1130 2323 4807 1205 2324 4808 1206 2326 4809 1128 2327 4810 1129 2325 4811 1206 2326 4812 1207 2328 4813 1127 2329 4814 1128 2327 4815 1207 2328 4816 1208 2330 4817 1126 2331 4818 1127 2329 4819 1208 2330 4820 1209 2332 4821 1125 2333 4822 1126 2331 4823 1209 2332 4824 1210 2334 4825 1124 2335 4826 1125 2333 4827 1210 2334 4828 1211 2336 4829 1123 2337 4830 1124 2335 4831 1211 2336 4832 1212 2338 4833 1122 2339 4834 1123 2337 4835 1212 2338 4836 1213 2340 4837 1121 2341 4838 1122 2339 4839 1213 2340 4840 1214 2342 4841 1120 2343 4842 1121 2341 4843 1214 2342 4844 1215 2344 4845 1119 2345 4846 1120 2343 4847 1215 2344 4848 1216 2346 4849 1118 2347 4850 1119 2345 4851 1216 2346 4852 1217 2348 4853 1117 2349 4854 1118 2347 4855 1217 2348 4856 1218 2350 4857 1116 2351 4858 1117 2349 4859 1218 2350 4860 1219 2065 4861 1115 2066 4862 1116 2351 4863 1371 2352 4864 1069 2278 4865 1068 2281 4866 1267 2353 4867 1338 2354 4868 1226 2355 4869 1225 2356 4870 1339 2357 4871 1267 2358 4872 1266 2359 4873 1265 2360 4874 1268 2361 4875 1371 2362 4876 1334 2362 4877 1071 2158 4878 1069 2158 4879 1228 2363 4880 1229 2364 4881 1230 2365 4882 1231 2366 4883 1226 2367 4884 1227 2368 4885 1232 2369 4886 1233 2370 4887 1224 2371 4888 1225 2372 4889 1234 2373 4890 1235 2374 4891 1305 2375 4892 1304 2376 4893 1236 2377 4894 1237 2378 4895 1307 2379 4896 1306 2380 4897 1238 2381 4898 1239 2382 4899 1309 2383 4900 1308 2384 4901 1240 2385 4902 1241 2386 4903 1311 2387 4904 1310 2388 4905 1242 2389 4906 1243 2390 4907 1313 2391 4908 1312 2392 4909 1244 2393 4910 1245 2394 4911 1315 2395 4912 1314 2396 4913 1246 2397 4914 1247 2398 4915 1317 2399 4916 1316 2400 4917 1248 2401 4918 1249 2402 4919 1319 2403 4920 1318 2404 4921 1250 2405 4922 1251 2406 4923 1321 2407 4924 1320 2408 4925 1252 2409 4926 1253 2410 4927 1323 2411 4928 1322 2412 4929 1254 2413 4930 1255 2414 4931 1325 2415 4932 1324 2416 4933 1256 2417 4934 1257 2418 4935 1327 2419 4936 1326 2420 4937 1258 2421 4938 1259 2422 4939 1329 2423 4940 1328 2424 4941 1260 2425 4942 1261 2426 4943 1331 2427 4944 1330 2428 4945 1262 2429 4946 1263 2430 4947 1333 2431 4948 1332 2432 4949 1264 2433 4950 1265 2434 4951 1071 2226 4952 1334 2435 4953 1266 2436 4954 1070 2227 4955 1303 2437 4956 1230 2438 4957 1222 2439 4958 1220 2440 4959 1339 2357 4960 1225 2356 4961 1224 2441 4962 1340 2442 4963 1336 2443 4964 1228 2444 4965 1227 2445 4966 1337 2446 4967 1221 2447 4968 1223 2448 4969 1229 2449 4970 1335 2450 4971 1301 2451 4972 1232 2451 4973 1231 2452 4974 1302 2453 4975 1299 2454 4976 1234 2454 4977 1233 2455 4978 1300 2456 4979 1297 2457 4980 1236 2458 4981 1235 2459 4982 1298 2460 4983 1295 2461 4984 1238 2462 4985 1237 2463 4986 1296 2464 4987 1293 2465 4988 1240 2466 4989 1239 2467 4990 1294 2468 4991 1291 2469 4992 1242 2470 4993 1241 2471 4994 1292 2472 4995 1289 2473 4996 1244 2474 4997 1243 2475 4998 1290 2476 4999 1287 2477 5000 1246 2478 5001 1245 2479 5002 1288 2480 5003 1285 2481 5004 1248 2482 5005 1247 2483 5006 1286 2484 5007 1283 2485 5008 1250 2486 5009 1249 2487 5010 1284 2488 5011 1281 2489 5012 1252 2490 5013 1251 2491 5014 1282 2491 5015 1279 2492 5016 1254 2493 5017 1253 2494 5018 1280 2495 5019 1277 2496 5020 1256 2497 5021 1255 2498 5022 1278 2499 5023 1275 2500 5024 1258 2501 5025 1257 2502 5026 1276 2502 5027 1273 2503 5028 1260 2504 5029 1259 2505 5030 1274 2506 5031 1271 2507 5032 1262 2508 5033 1261 2509 5034 1272 2510 5035 1269 2511 5036 1264 2511 5037 1263 2512 5038 1270 2513 5039 1268 2361 5040 1265 2360 5041 1264 2511 5042 1269 2511 5043 1270 2513 5044 1263 2512 5045 1262 2508 5046 1271 2507 5047 1272 2510 5048 1261 2509 5049 1260 2504 5050 1273 2503 5051 1274 2506 5052 1259 2505 5053 1258 2501 5054 1275 2500 5055 1276 2502 5056 1257 2502 5057 1256 2497 5058 1277 2496 5059 1278 2499 5060 1255 2498 5061 1254 2493 5062 1279 2492 5063 1280 2495 5064 1253 2494 5065 1252 2490 5066 1281 2489 5067 1282 2491 5068 1251 2491 5069 1250 2486 5070 1283 2485 5071 1284 2488 5072 1249 2487 5073 1248 2482 5074 1285 2481 5075 1286 2484 5076 1247 2483 5077 1246 2478 5078 1287 2477 5079 1288 2480 5080 1245 2479 5081 1244 2474 5082 1289 2473 5083 1290 2476 5084 1243 2475 5085 1242 2470 5086 1291 2469 5087 1292 2472 5088 1241 2471 5089 1240 2466 5090 1293 2465 5091 1294 2468 5092 1239 2467 5093 1238 2462 5094 1295 2461 5095 1296 2464 5096 1237 2463 5097 1236 2458 5098 1297 2457 5099 1298 2460 5100 1235 2459 5101 1234 2454 5102 1299 2454 5103 1300 2456 5104 1233 2455 5105 1232 2451 5106 1301 2451 5107 1302 2453 5108 1231 2452 5109 1230 2438 5110 1303 2437 5111 1335 2450 5112 1229 2449 5113 1228 2444 5114 1336 2443 5115 1337 2446 5116 1227 2445 5117 1226 2355 5118 1338 2354 5119 1068 2152 5120 1070 2152 5121 1266 2359 5122 1267 2358 5123 1227 2368 5124 1228 2363 5125 1231 2366 5126 1232 2369 5127 1225 2372 5128 1226 2367 5129 1233 2370 5130 1234 2373 5131 1304 2376 5132 1224 2371 5133 1235 2374 5134 1236 2377 5135 1306 2380 5136 1305 2375 5137 1237 2378 5138 1238 2381 5139 1308 2384 5140 1307 2379 5141 1239 2382 5142 1240 2385 5143 1310 2388 5144 1309 2383 5145 1241 2386 5146 1242 2389 5147 1312 2392 5148 1311 2387 5149 1243 2390 5150 1244 2393 5151 1314 2396 5152 1313 2391 5153 1245 2394 5154 1246 2397 5155 1316 2400 5156 1315 2395 5157 1247 2398 5158 1248 2401 5159 1318 2404 5160 1317 2399 5161 1249 2402 5162 1250 2405 5163 1320 2408 5164 1319 2403 5165 1251 2406 5166 1252 2409 5167 1322 2412 5168 1321 2407 5169 1253 2410 5170 1254 2413 5171 1324 2416 5172 1323 2411 5173 1255 2414 5174 1256 2417 5175 1326 2420 5176 1325 2415 5177 1257 2418 5178 1258 2421 5179 1328 2424 5180 1327 2419 5181 1259 2422 5182 1260 2425 5183 1330 2428 5184 1329 2423 5185 1261 2426 5186 1262 2429 5187 1332 2432 5188 1331 2427 5189 1263 2430 5190 1264 2433 5191 1334 2435 5192 1333 2431 5193 1265 2434 5194 1266 2436 5195 1229 2364 5196 1223 2514 5197 1222 2515 5198 1230 2365 5199 1340 2442 5200 1224 2441 5201 1304 2516 5202 1341 2516 5203 1341 2516 5204 1304 2516 5205 1305 2517 5206 1342 2517 5207 1342 2517 5208 1305 2517 5209 1306 2518 5210 1343 2519 5211 1343 2519 5212 1306 2518 5213 1307 2520 5214 1344 2521 5215 1344 2521 5216 1307 2520 5217 1308 2522 5218 1345 2523 5219 1345 2523 5220 1308 2522 5221 1309 2524 5222 1346 2525 5223 1346 2525 5224 1309 2524 5225 1310 2526 5226 1347 2527 5227 1347 2527 5228 1310 2526 5229 1311 2528 5230 1348 2528 5231 1348 2528 5232 1311 2528 5233 1312 2529 5234 1349 2530 5235 1349 2530 5236 1312 2529 5237 1313 2531 5238 1350 2532 5239 1350 2532 5240 1313 2531 5241 1314 2533 5242 1351 2534 5243 1351 2534 5244 1314 2533 5245 1315 2535 5246 1352 2536 5247 1352 2536 5248 1315 2535 5249 1316 2537 5250 1353 2538 5251 1353 2538 5252 1316 2537 5253 1317 2539 5254 1354 2540 5255 1354 2540 5256 1317 2539 5257 1318 2541 5258 1355 2542 5259 1355 2542 5260 1318 2541 5261 1319 2543 5262 1356 2544 5263 1356 2544 5264 1319 2543 5265 1320 2545 5266 1357 2546 5267 1357 2546 5268 1320 2545 5269 1321 2547 5270 1358 2548 5271 1358 2548 5272 1321 2547 5273 1322 2549 5274 1359 2550 5275 1359 2550 5276 1322 2549 5277 1323 2551 5278 1360 2552 5279 1360 2552 5280 1323 2551 5281 1324 2553 5282 1361 2554 5283 1361 2554 5284 1324 2553 5285 1325 2555 5286 1362 2555 5287 1362 2555 5288 1325 2555 5289 1326 2556 5290 1363 2556 5291 1363 2556 5292 1326 2556 5293 1327 2557 5294 1364 2558 5295 1364 2558 5296 1327 2557 5297 1328 2559 5298 1365 2560 5299 1365 2560 5300 1328 2559 5301 1329 2561 5302 1366 2562 5303 1366 2562 5304 1329 2561 5305 1330 2563 5306 1367 2563 5307 1367 2563 5308 1330 2563 5309 1331 2564 5310 1368 2565 5311 1368 2565 5312 1331 2564 5313 1332 2566 5314 1369 2566 5315 1369 2566 5316 1332 2566 5317 1333 2567 5318 1370 2568 5319 1370 2568 5320 1333 2567 5321 1334 2362 5322 1371 2362 5323 1221 2569 5324 1335 2570 5325 1303 2571 5326 1220 2572 5327 1335 2570 5328 1336 2573 5329 1302 2574 5330 1303 2571 5331 1336 2573 5332 1337 2575 5333 1301 2576 5334 1302 2574 5335 1337 2575 5336 1338 2577 5337 1300 2578 5338 1301 2576 5339 1338 2577 5340 1339 2579 5341 1299 2580 5342 1300 2578 5343 1339 2579 5344 1340 2581 5345 1298 2582 5346 1299 2580 5347 1340 2581 5348 1341 2583 5349 1297 2584 5350 1298 2582 5351 1341 2583 5352 1342 2585 5353 1296 2586 5354 1297 2584 5355 1342 2585 5356 1343 2587 5357 1295 2588 5358 1296 2586 5359 1343 2587 5360 1344 2589 5361 1294 2590 5362 1295 2588 5363 1344 2589 5364 1345 2591 5365 1293 2592 5366 1294 2590 5367 1345 2591 5368 1346 2593 5369 1292 2594 5370 1293 2592 5371 1346 2593 5372 1347 2595 5373 1291 2596 5374 1292 2594 5375 1347 2595 5376 1348 2597 5377 1290 2598 5378 1291 2596 5379 1348 2597 5380 1349 2599 5381 1289 2600 5382 1290 2598 5383 1349 2599 5384 1350 2601 5385 1288 2602 5386 1289 2600 5387 1350 2601 5388 1351 2603 5389 1287 2604 5390 1288 2602 5391 1351 2603 5392 1352 2605 5393 1286 2606 5394 1287 2604 5395 1352 2605 5396 1353 2607 5397 1285 2608 5398 1286 2606 5399 1353 2607 5400 1354 2609 5401 1284 2610 5402 1285 2608 5403 1354 2609 5404 1355 2611 5405 1283 2612 5406 1284 2610 5407 1355 2611 5408 1356 2613 5409 1282 2614 5410 1283 2612 5411 1356 2613 5412 1357 2615 5413 1281 2616 5414 1282 2614 5415 1357 2615 5416 1358 2617 5417 1280 2618 5418 1281 2616 5419 1358 2617 5420 1359 2619 5421 1279 2620 5422 1280 2618 5423 1359 2619 5424 1360 2621 5425 1278 2622 5426 1279 2620 5427 1360 2621 5428 1361 2623 5429 1277 2624 5430 1278 2622 5431 1361 2623 5432 1362 2625 5433 1276 2626 5434 1277 2624 5435 1362 2625 5436 1363 2627 5437 1275 2628 5438 1276 2626 5439 1363 2627 5440 1364 2629 5441 1274 2630 5442 1275 2628 5443 1364 2629 5444 1365 2631 5445 1273 2632 5446 1274 2630 5447 1365 2631 5448 1366 2633 5449 1272 2634 5450 1273 2632 5451 1366 2633 5452 1367 2635 5453 1271 2636 5454 1272 2634 5455 1367 2635 5456 1368 2637 5457 1270 2638 5458 1271 2636 5459 1368 2637 5460 1369 2639 5461 1269 2640 5462 1270 2638 5463 1369 2639 5464 1370 2641 5465 1268 2642 5466 1269 2640 5467 1370 2641 5468 1371 2352 5469 1267 2353 5470 1268 2642 5471 1523 2643 5472 1221 2569 5473 1220 2572 5474 1419 2644 5475 1490 2645 5476 1378 2646 5477 1377 2647 5478 1491 2648 5479 1419 2649 5480 1418 2650 5481 1417 2651 5482 1420 2652 5483 1523 2653 5484 1486 2654 5485 1223 2448 5486 1221 2447 5487 1380 2655 5488 1381 2656 5489 1382 2657 5490 1383 2658 5491 1378 2659 5492 1379 2660 5493 1384 2661 5494 1385 2662 5495 1376 2663 5496 1377 2664 5497 1386 2665 5498 1387 2666 5499 1457 2667 5500 1456 2668 5501 1388 2669 5502 1389 2670 5503 1459 2671 5504 1458 2672 5505 1390 2673 5506 1391 2674 5507 1461 2675 5508 1460 2676 5509 1392 2677 5510 1393 2678 5511 1463 2679 5512 1462 2680 5513 1394 2681 5514 1395 2682 5515 1465 2683 5516 1464 2684 5517 1396 2685 5518 1397 2686 5519 1467 2687 5520 1466 2688 5521 1398 2689 5522 1399 2690 5523 1469 2691 5524 1468 2692 5525 1400 2693 5526 1401 2694 5527 1471 2695 5528 1470 2696 5529 1402 2697 5530 1403 2698 5531 1473 2699 5532 1472 2700 5533 1404 2701 5534 1405 2702 5535 1475 2703 5536 1474 2704 5537 1406 2705 5538 1407 2706 5539 1477 2707 5540 1476 2708 5541 1408 2709 5542 1409 2710 5543 1479 2711 5544 1478 2712 5545 1410 2713 5546 1411 2714 5547 1481 2715 5548 1480 2716 5549 1412 2717 5550 1413 2718 5551 1483 2719 5552 1482 2720 5553 1414 2721 5554 1415 2722 5555 1485 2723 5556 1484 2724 5557 1416 2725 5558 1417 2726 5559 1223 2514 5560 1486 2727 5561 1418 2728 5562 1222 2515 5563 1455 2729 5564 1382 2729 5565 1374 2730 5566 1372 2731 5567 1491 2648 5568 1377 2647 5569 1376 2732 5570 1492 2733 5571 1488 2734 5572 1380 2735 5573 1379 2736 5574 1489 2736 5575 1373 2737 5576 1375 2738 5577 1381 2739 5578 1487 2740 5579 1453 2741 5580 1384 2742 5581 1383 2743 5582 1454 2744 5583 1451 2745 5584 1386 2746 5585 1385 2747 5586 1452 2748 5587 1449 2749 5588 1388 2750 5589 1387 2751 5590 1450 2752 5591 1447 2753 5592 1390 2754 5593 1389 2755 5594 1448 2756 5595 1445 2757 5596 1392 2758 5597 1391 2759 5598 1446 2760 5599 1443 2761 5600 1394 2761 5601 1393 2762 5602 1444 2763 5603 1441 2764 5604 1396 2765 5605 1395 2766 5606 1442 2767 5607 1439 2768 5608 1398 2768 5609 1397 2769 5610 1440 2770 5611 1437 2771 5612 1400 2772 5613 1399 2773 5614 1438 2774 5615 1435 2775 5616 1402 2776 5617 1401 2777 5618 1436 2778 5619 1433 2779 5620 1404 2780 5621 1403 2781 5622 1434 2781 5623 1431 2782 5624 1406 2783 5625 1405 2784 5626 1432 2785 5627 1429 2786 5628 1408 2786 5629 1407 2787 5630 1430 2788 5631 1427 2789 5632 1410 2789 5633 1409 2790 5634 1428 2791 5635 1425 2792 5636 1412 2793 5637 1411 2794 5638 1426 2794 5639 1423 2795 5640 1414 2796 5641 1413 2797 5642 1424 2798 5643 1421 2799 5644 1416 2800 5645 1415 2801 5646 1422 2802 5647 1420 2652 5648 1417 2651 5649 1416 2800 5650 1421 2799 5651 1422 2802 5652 1415 2801 5653 1414 2796 5654 1423 2795 5655 1424 2798 5656 1413 2797 5657 1412 2793 5658 1425 2792 5659 1426 2794 5660 1411 2794 5661 1410 2789 5662 1427 2789 5663 1428 2791 5664 1409 2790 5665 1408 2786 5666 1429 2786 5667 1430 2788 5668 1407 2787 5669 1406 2783 5670 1431 2782 5671 1432 2785 5672 1405 2784 5673 1404 2780 5674 1433 2779 5675 1434 2781 5676 1403 2781 5677 1402 2776 5678 1435 2775 5679 1436 2778 5680 1401 2777 5681 1400 2772 5682 1437 2771 5683 1438 2774 5684 1399 2773 5685 1398 2768 5686 1439 2768 5687 1440 2770 5688 1397 2769 5689 1396 2765 5690 1441 2764 5691 1442 2767 5692 1395 2766 5693 1394 2761 5694 1443 2761 5695 1444 2763 5696 1393 2762 5697 1392 2758 5698 1445 2757 5699 1446 2760 5700 1391 2759 5701 1390 2754 5702 1447 2753 5703 1448 2756 5704 1389 2755 5705 1388 2750 5706 1449 2749 5707 1450 2752 5708 1387 2751 5709 1386 2746 5710 1451 2745 5711 1452 2748 5712 1385 2747 5713 1384 2742 5714 1453 2741 5715 1454 2744 5716 1383 2743 5717 1382 2729 5718 1455 2729 5719 1487 2740 5720 1381 2739 5721 1380 2735 5722 1488 2734 5723 1489 2736 5724 1379 2736 5725 1378 2646 5726 1490 2645 5727 1220 2440 5728 1222 2439 5729 1418 2650 5730 1419 2649 5731 1379 2660 5732 1380 2655 5733 1383 2658 5734 1384 2661 5735 1377 2664 5736 1378 2659 5737 1385 2662 5738 1386 2665 5739 1456 2668 5740 1376 2663 5741 1387 2666 5742 1388 2669 5743 1458 2672 5744 1457 2667 5745 1389 2670 5746 1390 2673 5747 1460 2676 5748 1459 2671 5749 1391 2674 5750 1392 2677 5751 1462 2680 5752 1461 2675 5753 1393 2678 5754 1394 2681 5755 1464 2684 5756 1463 2679 5757 1395 2682 5758 1396 2685 5759 1466 2688 5760 1465 2683 5761 1397 2686 5762 1398 2689 5763 1468 2692 5764 1467 2687 5765 1399 2690 5766 1400 2693 5767 1470 2696 5768 1469 2691 5769 1401 2694 5770 1402 2697 5771 1472 2700 5772 1471 2695 5773 1403 2698 5774 1404 2701 5775 1474 2704 5776 1473 2699 5777 1405 2702 5778 1406 2705 5779 1476 2708 5780 1475 2703 5781 1407 2706 5782 1408 2709 5783 1478 2712 5784 1477 2707 5785 1409 2710 5786 1410 2713 5787 1480 2716 5788 1479 2711 5789 1411 2714 5790 1412 2717 5791 1482 2720 5792 1481 2715 5793 1413 2718 5794 1414 2721 5795 1484 2724 5796 1483 2719 5797 1415 2722 5798 1416 2725 5799 1486 2727 5800 1485 2723 5801 1417 2726 5802 1418 2728 5803 1381 2656 5804 1375 2803 5805 1374 2804 5806 1382 2657 5807 1492 2733 5808 1376 2732 5809 1456 2805 5810 1493 2805 5811 1493 2805 5812 1456 2805 5813 1457 2806 5814 1494 2807 5815 1494 2807 5816 1457 2806 5817 1458 2808 5818 1495 2809 5819 1495 2809 5820 1458 2808 5821 1459 2810 5822 1496 2811 5823 1496 2811 5824 1459 2810 5825 1460 2812 5826 1497 2813 5827 1497 2813 5828 1460 2812 5829 1461 2814 5830 1498 2815 5831 1498 2815 5832 1461 2814 5833 1462 2816 5834 1499 2816 5835 1499 2816 5836 1462 2816 5837 1463 2817 5838 1500 2817 5839 1500 2817 5840 1463 2817 5841 1464 2818 5842 1501 2818 5843 1501 2818 5844 1464 2818 5845 1465 2819 5846 1502 2820 5847 1502 2820 5848 1465 2819 5849 1466 2821 5850 1503 2822 5851 1503 2822 5852 1466 2821 5853 1467 2823 5854 1504 2824 5855 1504 2824 5856 1467 2823 5857 1468 2825 5858 1505 2826 5859 1505 2826 5860 1468 2825 5861 1469 2827 5862 1506 2828 5863 1506 2828 5864 1469 2827 5865 1470 2829 5866 1507 2830 5867 1507 2830 5868 1470 2829 5869 1471 2831 5870 1508 2831 5871 1508 2831 5872 1471 2831 5873 1472 2832 5874 1509 2833 5875 1509 2833 5876 1472 2832 5877 1473 2834 5878 1510 2835 5879 1510 2835 5880 1473 2834 5881 1474 2836 5882 1511 2837 5883 1511 2837 5884 1474 2836 5885 1475 2838 5886 1512 2839 5887 1512 2839 5888 1475 2838 5889 1476 2840 5890 1513 2841 5891 1513 2841 5892 1476 2840 5893 1477 2842 5894 1514 2843 5895 1514 2843 5896 1477 2842 5897 1478 2844 5898 1515 2844 5899 1515 2844 5900 1478 2844 5901 1479 2845 5902 1516 2845 5903 1516 2845 5904 1479 2845 5905 1480 2846 5906 1517 2847 5907 1517 2847 5908 1480 2846 5909 1481 2848 5910 1518 2849 5911 1518 2849 5912 1481 2848 5913 1482 2850 5914 1519 2850 5915 1519 2850 5916 1482 2850 5917 1483 2851 5918 1520 2852 5919 1520 2852 5920 1483 2851 5921 1484 2853 5922 1521 2854 5923 1521 2854 5924 1484 2853 5925 1485 2855 5926 1522 2856 5927 1522 2856 5928 1485 2855 5929 1486 2654 5930 1523 2653 5931 1373 2857 5932 1487 2858 5933 1455 2859 5934 1372 2860 5935 1487 2858 5936 1488 2861 5937 1454 2862 5938 1455 2859 5939 1488 2861 5940 1489 2863 5941 1453 2864 5942 1454 2862 5943 1489 2863 5944 1490 2865 5945 1452 2866 5946 1453 2864 5947 1490 2865 5948 1491 2867 5949 1451 2868 5950 1452 2866 5951 1491 2867 5952 1492 2869 5953 1450 2870 5954 1451 2868 5955 1492 2869 5956 1493 2871 5957 1449 2872 5958 1450 2870 5959 1493 2871 5960 1494 2873 5961 1448 2874 5962 1449 2872 5963 1494 2873 5964 1495 2875 5965 1447 2876 5966 1448 2874 5967 1495 2875 5968 1496 2877 5969 1446 2878 5970 1447 2876 5971 1496 2877 5972 1497 2879 5973 1445 2880 5974 1446 2878 5975 1497 2879 5976 1498 2881 5977 1444 2882 5978 1445 2880 5979 1498 2881 5980 1499 2883 5981 1443 2884 5982 1444 2882 5983 1499 2883 5984 1500 2885 5985 1442 2886 5986 1443 2884 5987 1500 2885 5988 1501 2887 5989 1441 2888 5990 1442 2886 5991 1501 2887 5992 1502 2889 5993 1440 2890 5994 1441 2888 5995 1502 2889 5996 1503 2891 5997 1439 2892 5998 1440 2890 5999 1503 2891 6000 1504 2893 6001 1438 2894 6002 1439 2892 6003 1504 2893 6004 1505 2895 6005 1437 2896 6006 1438 2894 6007 1505 2895 6008 1506 2897 6009 1436 2898 6010 1437 2896 6011 1506 2897 6012 1507 2899 6013 1435 2900 6014 1436 2898 6015 1507 2899 6016 1508 2901 6017 1434 2902 6018 1435 2900 6019 1508 2901 6020 1509 2903 6021 1433 2904 6022 1434 2902 6023 1509 2903 6024 1510 2905 6025 1432 2906 6026 1433 2904 6027 1510 2905 6028 1511 2907 6029 1431 2908 6030 1432 2906 6031 1511 2907 6032 1512 2909 6033 1430 2910 6034 1431 2908 6035 1512 2909 6036 1513 2911 6037 1429 2912 6038 1430 2910 6039 1513 2911 6040 1514 2913 6041 1428 2914 6042 1429 2912 6043 1514 2913 6044 1515 2915 6045 1427 2916 6046 1428 2914 6047 1515 2915 6048 1516 2917 6049 1426 2918 6050 1427 2916 6051 1516 2917 6052 1517 2919 6053 1425 2920 6054 1426 2918 6055 1517 2919 6056 1518 2921 6057 1424 2922 6058 1425 2920 6059 1518 2921 6060 1519 2923 6061 1423 2924 6062 1424 2922 6063 1519 2923 6064 1520 2925 6065 1422 2926 6066 1423 2924 6067 1520 2925 6068 1521 2927 6069 1421 2928 6070 1422 2926 6071 1521 2927 6072 1522 2929 6073 1420 2930 6074 1421 2928 6075 1522 2929 6076 1523 2643 6077 1419 2644 6078 1420 2930 6079 1675 2931 6080 1373 2857 6081 1372 2860 6082 1571 2932 6083 1642 2933 6084 1530 2933 6085 1529 2934 6086 1643 2935 6087 1571 2936 6088 1570 2937 6089 1569 2938 6090 1572 2939 6091 1675 2940 6092 1638 2941 6093 1375 2738 6094 1373 2737 6095 1532 2942 6096 1533 2943 6097 1534 2944 6098 1535 2945 6099 1530 2946 6100 1531 2947 6101 1536 2948 6102 1537 2949 6103 1528 2950 6104 1529 2951 6105 1538 2952 6106 1539 2953 6107 1609 2954 6108 1608 2955 6109 1540 2956 6110 1541 2957 6111 1611 2958 6112 1610 2959 6113 1542 2960 6114 1543 2961 6115 1613 2962 6116 1612 2963 6117 1544 2964 6118 1545 2965 6119 1615 2966 6120 1614 2967 6121 1546 2968 6122 1547 2969 6123 1617 2970 6124 1616 2971 6125 1548 2972 6126 1549 2973 6127 1619 2974 6128 1618 2975 6129 1550 2976 6130 1551 2977 6131 1621 2978 6132 1620 2979 6133 1552 2980 6134 1553 2981 6135 1623 2982 6136 1622 2983 6137 1554 2984 6138 1555 2985 6139 1625 2986 6140 1624 2987 6141 1556 2988 6142 1557 2989 6143 1627 2990 6144 1626 2991 6145 1558 2992 6146 1559 2993 6147 1629 2994 6148 1628 2995 6149 1560 2996 6150 1561 2997 6151 1631 2998 6152 1630 2999 6153 1562 3000 6154 1563 3001 6155 1633 3002 6156 1632 3003 6157 1564 3004 6158 1565 3005 6159 1635 3006 6160 1634 3007 6161 1566 3008 6162 1567 3009 6163 1637 3010 6164 1636 3011 6165 1568 3012 6166 1569 3013 6167 1375 2803 6168 1638 3014 6169 1570 3015 6170 1374 2804 6171 1607 3016 6172 1534 3016 6173 1526 3017 6174 1524 3017 6175 1643 2935 6176 1529 2934 6177 1528 3018 6178 1644 3019 6179 1640 3020 6180 1532 3020 6181 1531 3021 6182 1641 3021 6183 1525 3022 6184 1527 3022 6185 1533 3023 6186 1639 3023 6187 1605 3024 6188 1536 3024 6189 1535 3025 6190 1606 3026 6191 1603 3027 6192 1538 3028 6193 1537 3029 6194 1604 3030 6195 1601 3031 6196 1540 3032 6197 1539 3033 6198 1602 3034 6199 1599 3035 6200 1542 3036 6201 1541 3037 6202 1600 3038 6203 1597 3039 6204 1544 3040 6205 1543 3041 6206 1598 3042 6207 1595 3043 6208 1546 3044 6209 1545 3045 6210 1596 3046 6211 1593 3047 6212 1548 3048 6213 1547 3049 6214 1594 3050 6215 1591 3051 6216 1550 3052 6217 1549 3053 6218 1592 3054 6219 1589 3055 6220 1552 3055 6221 1551 3056 6222 1590 3056 6223 1587 3057 6224 1554 3058 6225 1553 3059 6226 1588 3060 6227 1585 3061 6228 1556 3062 6229 1555 3063 6230 1586 3064 6231 1583 3065 6232 1558 3066 6233 1557 3067 6234 1584 3068 6235 1581 3069 6236 1560 3070 6237 1559 3071 6238 1582 3072 6239 1579 3073 6240 1562 3074 6241 1561 3075 6242 1580 3076 6243 1577 3077 6244 1564 3078 6245 1563 3079 6246 1578 3080 6247 1575 3081 6248 1566 3081 6249 1565 3082 6250 1576 3083 6251 1573 3084 6252 1568 3085 6253 1567 3086 6254 1574 3087 6255 1572 2939 6256 1569 2938 6257 1568 3085 6258 1573 3084 6259 1574 3087 6260 1567 3086 6261 1566 3081 6262 1575 3081 6263 1576 3083 6264 1565 3082 6265 1564 3078 6266 1577 3077 6267 1578 3080 6268 1563 3079 6269 1562 3074 6270 1579 3073 6271 1580 3076 6272 1561 3075 6273 1560 3070 6274 1581 3069 6275 1582 3072 6276 1559 3071 6277 1558 3066 6278 1583 3065 6279 1584 3068 6280 1557 3067 6281 1556 3062 6282 1585 3061 6283 1586 3064 6284 1555 3063 6285 1554 3058 6286 1587 3057 6287 1588 3060 6288 1553 3059 6289 1552 3055 6290 1589 3055 6291 1590 3056 6292 1551 3056 6293 1550 3052 6294 1591 3051 6295 1592 3054 6296 1549 3053 6297 1548 3048 6298 1593 3047 6299 1594 3050 6300 1547 3049 6301 1546 3044 6302 1595 3043 6303 1596 3046 6304 1545 3045 6305 1544 3040 6306 1597 3039 6307 1598 3042 6308 1543 3041 6309 1542 3036 6310 1599 3035 6311 1600 3038 6312 1541 3037 6313 1540 3032 6314 1601 3031 6315 1602 3034 6316 1539 3033 6317 1538 3028 6318 1603 3027 6319 1604 3030 6320 1537 3029 6321 1536 3024 6322 1605 3024 6323 1606 3026 6324 1535 3025 6325 1534 3016 6326 1607 3016 6327 1639 3023 6328 1533 3023 6329 1532 3020 6330 1640 3020 6331 1641 3021 6332 1531 3021 6333 1530 2933 6334 1642 2933 6335 1372 2731 6336 1374 2730 6337 1570 2937 6338 1571 2936 6339 1531 2947 6340 1532 2942 6341 1535 2945 6342 1536 2948 6343 1529 2951 6344 1530 2946 6345 1537 2949 6346 1538 2952 6347 1608 2955 6348 1528 2950 6349 1539 2953 6350 1540 2956 6351 1610 2959 6352 1609 2954 6353 1541 2957 6354 1542 2960 6355 1612 2963 6356 1611 2958 6357 1543 2961 6358 1544 2964 6359 1614 2967 6360 1613 2962 6361 1545 2965 6362 1546 2968 6363 1616 2971 6364 1615 2966 6365 1547 2969 6366 1548 2972 6367 1618 2975 6368 1617 2970 6369 1549 2973 6370 1550 2976 6371 1620 2979 6372 1619 2974 6373 1551 2977 6374 1552 2980 6375 1622 2983 6376 1621 2978 6377 1553 2981 6378 1554 2984 6379 1624 2987 6380 1623 2982 6381 1555 2985 6382 1556 2988 6383 1626 2991 6384 1625 2986 6385 1557 2989 6386 1558 2992 6387 1628 2995 6388 1627 2990 6389 1559 2993 6390 1560 2996 6391 1630 2999 6392 1629 2994 6393 1561 2997 6394 1562 3000 6395 1632 3003 6396 1631 2998 6397 1563 3001 6398 1564 3004 6399 1634 3007 6400 1633 3002 6401 1565 3005 6402 1566 3008 6403 1636 3011 6404 1635 3006 6405 1567 3009 6406 1568 3012 6407 1638 3014 6408 1637 3010 6409 1569 3013 6410 1570 3015 6411 1533 2943 6412 1527 3088 6413 1526 3089 6414 1534 2944 6415 1644 3019 6416 1528 3018 6417 1608 3090 6418 1645 3091 6419 1645 3091 6420 1608 3090 6421 1609 3092 6422 1646 3093 6423 1646 3093 6424 1609 3092 6425 1610 3094 6426 1647 3095 6427 1647 3095 6428 1610 3094 6429 1611 3096 6430 1648 3097 6431 1648 3097 6432 1611 3096 6433 1612 3098 6434 1649 3099 6435 1649 3099 6436 1612 3098 6437 1613 3100 6438 1650 3101 6439 1650 3101 6440 1613 3100 6441 1614 3102 6442 1651 3103 6443 1651 3103 6444 1614 3102 6445 1615 3104 6446 1652 3105 6447 1652 3105 6448 1615 3104 6449 1616 3106 6450 1653 3106 6451 1653 3106 6452 1616 3106 6453 1617 3107 6454 1654 3108 6455 1654 3108 6456 1617 3107 6457 1618 3109 6458 1655 3110 6459 1655 3110 6460 1618 3109 6461 1619 3111 6462 1656 3111 6463 1656 3111 6464 1619 3111 6465 1620 3112 6466 1657 3112 6467 1657 3112 6468 1620 3112 6469 1621 3113 6470 1658 3113 6471 1658 3113 6472 1621 3113 6473 1622 3114 6474 1659 3115 6475 1659 3115 6476 1622 3114 6477 1623 3116 6478 1660 3117 6479 1660 3117 6480 1623 3116 6481 1624 3118 6482 1661 3119 6483 1661 3119 6484 1624 3118 6485 1625 3120 6486 1662 3121 6487 1662 3121 6488 1625 3120 6489 1626 3122 6490 1663 3123 6491 1663 3123 6492 1626 3122 6493 1627 3124 6494 1664 3124 6495 1664 3124 6496 1627 3124 6497 1628 3125 6498 1665 3126 6499 1665 3126 6500 1628 3125 6501 1629 3127 6502 1666 3128 6503 1666 3128 6504 1629 3127 6505 1630 3129 6506 1667 3130 6507 1667 3130 6508 1630 3129 6509 1631 3131 6510 1668 3132 6511 1668 3132 6512 1631 3131 6513 1632 3133 6514 1669 3134 6515 1669 3134 6516 1632 3133 6517 1633 3135 6518 1670 3135 6519 1670 3135 6520 1633 3135 6521 1634 3136 6522 1671 3136 6523 1671 3136 6524 1634 3136 6525 1635 3137 6526 1672 3137 6527 1672 3137 6528 1635 3137 6529 1636 3138 6530 1673 3139 6531 1673 3139 6532 1636 3138 6533 1637 3140 6534 1674 3141 6535 1674 3141 6536 1637 3140 6537 1638 2941 6538 1675 2940 6539 1525 3142 6540 1639 3143 6541 1607 3144 6542 1524 3145 6543 1639 3143 6544 1640 3146 6545 1606 3147 6546 1607 3144 6547 1640 3146 6548 1641 3148 6549 1605 3149 6550 1606 3147 6551 1641 3148 6552 1642 3150 6553 1604 3151 6554 1605 3149 6555 1642 3150 6556 1643 3152 6557 1603 3153 6558 1604 3151 6559 1643 3152 6560 1644 3154 6561 1602 3155 6562 1603 3153 6563 1644 3154 6564 1645 3156 6565 1601 3157 6566 1602 3155 6567 1645 3156 6568 1646 3158 6569 1600 3159 6570 1601 3157 6571 1646 3158 6572 1647 3160 6573 1599 3161 6574 1600 3159 6575 1647 3160 6576 1648 3162 6577 1598 3163 6578 1599 3161 6579 1648 3162 6580 1649 3164 6581 1597 3165 6582 1598 3163 6583 1649 3164 6584 1650 3166 6585 1596 3167 6586 1597 3165 6587 1650 3166 6588 1651 3168 6589 1595 3169 6590 1596 3167 6591 1651 3168 6592 1652 3170 6593 1594 3171 6594 1595 3169 6595 1652 3170 6596 1653 3172 6597 1593 3173 6598 1594 3171 6599 1653 3172 6600 1654 3174 6601 1592 3175 6602 1593 3173 6603 1654 3174 6604 1655 3176 6605 1591 3177 6606 1592 3175 6607 1655 3176 6608 1656 3178 6609 1590 3179 6610 1591 3177 6611 1656 3178 6612 1657 3180 6613 1589 3181 6614 1590 3179 6615 1657 3180 6616 1658 3182 6617 1588 3183 6618 1589 3181 6619 1658 3182 6620 1659 3184 6621 1587 3185 6622 1588 3183 6623 1659 3184 6624 1660 3186 6625 1586 3187 6626 1587 3185 6627 1660 3186 6628 1661 3188 6629 1585 3189 6630 1586 3187 6631 1661 3188 6632 1662 3190 6633 1584 3191 6634 1585 3189 6635 1662 3190 6636 1663 3192 6637 1583 3193 6638 1584 3191 6639 1663 3192 6640 1664 3194 6641 1582 3195 6642 1583 3193 6643 1664 3194 6644 1665 3196 6645 1581 3197 6646 1582 3195 6647 1665 3196 6648 1666 3198 6649 1580 3199 6650 1581 3197 6651 1666 3198 6652 1667 3200 6653 1579 3201 6654 1580 3199 6655 1667 3200 6656 1668 3202 6657 1578 3203 6658 1579 3201 6659 1668 3202 6660 1669 3204 6661 1577 3205 6662 1578 3203 6663 1669 3204 6664 1670 3206 6665 1576 3207 6666 1577 3205 6667 1670 3206 6668 1671 3208 6669 1575 3209 6670 1576 3207 6671 1671 3208 6672 1672 3210 6673 1574 3211 6674 1575 3209 6675 1672 3210 6676 1673 3212 6677 1573 3213 6678 1574 3211 6679 1673 3212 6680 1674 3214 6681 1572 3215 6682 1573 3213 6683 1674 3214 6684 1675 2931 6685 1571 2932 6686 1572 3215 6687 1827 3216 6688 1525 3142 6689 1524 3145 6690 1723 3217 6691 1794 3218 6692 1682 3218 6693 1681 3219 6694 1795 3219 6695 1723 3220 6696 1722 3221 6697 1721 3222 6698 1724 3222 6699 1827 3223 6700 1790 3224 6701 1527 3022 6702 1525 3022 6703 1684 3225 6704 1685 3225 6705 1686 3225 6706 1687 3225 6707 1682 3225 6708 1683 3225 6709 1688 3225 6710 1689 3225 6711 1680 3225 6712 1681 3225 6713 1690 3225 6714 1691 3225 6715 1761 3225 6716 1760 3225 6717 1692 3225 6718 1693 3225 6719 1763 3225 6720 1762 3225 6721 1694 3225 6722 1695 3225 6723 1765 3225 6724 1764 3225 6725 1696 3225 6726 1697 3225 6727 1767 3225 6728 1766 3225 6729 1698 3225 6730 1699 3225 6731 1769 3225 6732 1768 3225 6733 1700 3225 6734 1701 3225 6735 1771 3225 6736 1770 3225 6737 1702 3225 6738 1703 3225 6739 1773 3225 6740 1772 3225 6741 1704 3225 6742 1705 3225 6743 1775 3225 6744 1774 3225 6745 1706 3225 6746 1707 3225 6747 1777 3225 6748 1776 3225 6749 1708 3225 6750 1709 3225 6751 1779 3226 6752 1778 3225 6753 1710 3225 6754 1711 3227 6755 1781 3228 6756 1780 3229 6757 1712 3230 6758 1713 3231 6759 1783 3232 6760 1782 3233 6761 1714 3234 6762 1715 3235 6763 1785 3236 6764 1784 3237 6765 1716 3238 6766 1717 3239 6767 1787 3240 6768 1786 3241 6769 1718 3242 6770 1719 3243 6771 1789 3244 6772 1788 3245 6773 1720 3246 6774 1721 3247 6775 1527 3088 6776 1790 3248 6777 1722 3249 6778 1526 3089 6779 1759 3250 6780 1686 3250 6781 1678 3250 6782 1676 3250 6783 1795 3219 6784 1681 3219 6785 1680 3219 6786 1796 3219 6787 1792 3251 6788 1684 3251 6789 1683 3252 6790 1793 3252 6791 1677 3219 6792 1679 3219 6793 1685 3219 6794 1791 3219 6795 1757 3253 6796 1688 3254 6797 1687 3255 6798 1758 3255 6799 1755 3250 6800 1690 3250 6801 1689 3256 6802 1756 3256 6803 1753 3257 6804 1692 3258 6805 1691 3259 6806 1754 3259 6807 1751 3250 6808 1694 3250 6809 1693 3260 6810 1752 3260 6811 1749 3261 6812 1696 3262 6813 1695 3250 6814 1750 3250 6815 1747 3250 6816 1698 3250 6817 1697 3263 6818 1748 3263 6819 1745 3264 6820 1700 3265 6821 1699 3266 6822 1746 3266 6823 1743 3250 6824 1702 3250 6825 1701 3263 6826 1744 3263 6827 1741 3267 6828 1704 3267 6829 1703 3250 6830 1742 3250 6831 1739 3263 6832 1706 3263 6833 1705 3268 6834 1740 3269 6835 1737 3250 6836 1708 3250 6837 1707 3250 6838 1738 3250 6839 1735 3260 6840 1710 3260 6841 1709 3270 6842 1736 3271 6843 1733 3272 6844 1712 3273 6845 1711 3274 6846 1734 3275 6847 1731 3276 6848 1714 3277 6849 1713 3278 6850 1732 3279 6851 1729 3280 6852 1716 3281 6853 1715 3282 6854 1730 3283 6855 1727 3284 6856 1718 3285 6857 1717 3286 6858 1728 3287 6859 1725 3288 6860 1720 3288 6861 1719 3289 6862 1726 3289 6863 1724 3222 6864 1721 3222 6865 1720 3288 6866 1725 3288 6867 1726 3289 6868 1719 3289 6869 1718 3285 6870 1727 3284 6871 1728 3287 6872 1717 3286 6873 1716 3281 6874 1729 3280 6875 1730 3283 6876 1715 3282 6877 1714 3277 6878 1731 3276 6879 1732 3279 6880 1713 3278 6881 1712 3273 6882 1733 3272 6883 1734 3275 6884 1711 3274 6885 1710 3260 6886 1735 3260 6887 1736 3271 6888 1709 3270 6889 1708 3250 6890 1737 3250 6891 1738 3250 6892 1707 3250 6893 1706 3263 6894 1739 3263 6895 1740 3269 6896 1705 3268 6897 1704 3267 6898 1741 3267 6899 1742 3250 6900 1703 3250 6901 1702 3250 6902 1743 3250 6903 1744 3263 6904 1701 3263 6905 1700 3265 6906 1745 3264 6907 1746 3266 6908 1699 3266 6909 1698 3250 6910 1747 3250 6911 1748 3263 6912 1697 3263 6913 1696 3262 6914 1749 3261 6915 1750 3250 6916 1695 3250 6917 1694 3250 6918 1751 3250 6919 1752 3260 6920 1693 3260 6921 1692 3258 6922 1753 3257 6923 1754 3259 6924 1691 3259 6925 1690 3250 6926 1755 3250 6927 1756 3256 6928 1689 3256 6929 1688 3254 6930 1757 3253 6931 1758 3255 6932 1687 3255 6933 1686 3250 6934 1759 3250 6935 1791 3219 6936 1685 3219 6937 1684 3251 6938 1792 3251 6939 1793 3252 6940 1683 3252 6941 1682 3218 6942 1794 3218 6943 1524 3017 6944 1526 3017 6945 1722 3221 6946 1723 3220 6947 1683 3225 6948 1684 3225 6949 1687 3225 6950 1688 3225 6951 1681 3225 6952 1682 3225 6953 1689 3225 6954 1690 3225 6955 1760 3225 6956 1680 3225 6957 1691 3225 6958 1692 3225 6959 1762 3225 6960 1761 3225 6961 1693 3225 6962 1694 3225 6963 1764 3225 6964 1763 3225 6965 1695 3225 6966 1696 3225 6967 1766 3225 6968 1765 3225 6969 1697 3225 6970 1698 3225 6971 1768 3225 6972 1767 3225 6973 1699 3225 6974 1700 3225 6975 1770 3225 6976 1769 3225 6977 1701 3225 6978 1702 3225 6979 1772 3225 6980 1771 3225 6981 1703 3225 6982 1704 3225 6983 1774 3225 6984 1773 3225 6985 1705 3225 6986 1706 3225 6987 1776 3225 6988 1775 3225 6989 1707 3225 6990 1708 3225 6991 1778 3225 6992 1777 3225 6993 1709 3225 6994 1710 3225 6995 1780 3229 6996 1779 3226 6997 1711 3227 6998 1712 3230 6999 1782 3233 7000 1781 3228 7001 1713 3231 7002 1714 3234 7003 1784 3237 7004 1783 3232 7005 1715 3235 7006 1716 3238 7007 1786 3241 7008 1785 3236 7009 1717 3239 7010 1718 3242 7011 1788 3245 7012 1787 3240 7013 1719 3243 7014 1720 3246 7015 1790 3248 7016 1789 3244 7017 1721 3247 7018 1722 3249 7019 1685 3225 7020 1679 3225 7021 1678 3225 7022 1686 3225 7023 1796 3219 7024 1680 3219 7025 1760 3219 7026 1797 3219 7027 1797 3219 7028 1760 3219 7029 1761 3219 7030 1798 3219 7031 1798 3219 7032 1761 3219 7033 1762 3219 7034 1799 3219 7035 1799 3219 7036 1762 3219 7037 1763 3219 7038 1800 3219 7039 1800 3219 7040 1763 3219 7041 1764 3219 7042 1801 3219 7043 1801 3219 7044 1764 3219 7045 1765 3219 7046 1802 3219 7047 1802 3219 7048 1765 3219 7049 1766 3219 7050 1803 3219 7051 1803 3219 7052 1766 3219 7053 1767 3219 7054 1804 3219 7055 1804 3219 7056 1767 3219 7057 1768 3219 7058 1805 3219 7059 1805 3219 7060 1768 3219 7061 1769 3219 7062 1806 3219 7063 1806 3219 7064 1769 3219 7065 1770 3219 7066 1807 3219 7067 1807 3219 7068 1770 3219 7069 1771 3219 7070 1808 3219 7071 1808 3219 7072 1771 3219 7073 1772 3219 7074 1809 3219 7075 1809 3219 7076 1772 3219 7077 1773 3219 7078 1810 3219 7079 1810 3219 7080 1773 3219 7081 1774 3219 7082 1811 3219 7083 1811 3219 7084 1774 3219 7085 1775 3219 7086 1812 3219 7087 1812 3219 7088 1775 3219 7089 1776 3219 7090 1813 3219 7091 1813 3219 7092 1776 3219 7093 1777 3219 7094 1814 3219 7095 1814 3219 7096 1777 3219 7097 1778 3219 7098 1815 3219 7099 1815 3219 7100 1778 3219 7101 1779 3290 7102 1816 3291 7103 1816 3291 7104 1779 3290 7105 1780 3292 7106 1817 3293 7107 1817 3293 7108 1780 3292 7109 1781 3294 7110 1818 3295 7111 1818 3295 7112 1781 3294 7113 1782 3296 7114 1819 3297 7115 1819 3297 7116 1782 3296 7117 1783 3298 7118 1820 3298 7119 1820 3298 7120 1783 3298 7121 1784 3299 7122 1821 3300 7123 1821 3300 7124 1784 3299 7125 1785 3301 7126 1822 3302 7127 1822 3302 7128 1785 3301 7129 1786 3303 7130 1823 3304 7131 1823 3304 7132 1786 3303 7133 1787 3305 7134 1824 3305 7135 1824 3305 7136 1787 3305 7137 1788 3306 7138 1825 3307 7139 1825 3307 7140 1788 3306 7141 1789 3308 7142 1826 3309 7143 1826 3309 7144 1789 3308 7145 1790 3224 7146 1827 3223 7147 1677 2014 7148 1791 2014 7149 1759 2014 7150 1676 2014 7151 1791 2014 7152 1792 3310 7153 1758 3311 7154 1759 2014 7155 1792 3310 7156 1793 2014 7157 1757 2014 7158 1758 3311 7159 1793 2014 7160 1794 3312 7161 1756 3313 7162 1757 2014 7163 1794 3312 7164 1795 2014 7165 1755 2014 7166 1756 3313 7167 1795 2014 7168 1796 2014 7169 1754 2014 7170 1755 2014 7171 1796 2014 7172 1797 2014 7173 1753 2014 7174 1754 2014 7175 1797 2014 7176 1798 2014 7177 1752 2014 7178 1753 2014 7179 1798 2014 7180 1799 2014 7181 1751 2014 7182 1752 2014 7183 1799 2014 7184 1800 2014 7185 1750 2014 7186 1751 2014 7187 1800 2014 7188 1801 2014 7189 1749 2014 7190 1750 2014 7191 1801 2014 7192 1802 2014 7193 1748 2014 7194 1749 2014 7195 1802 2014 7196 1803 2014 7197 1747 2014 7198 1748 2014 7199 1803 2014 7200 1804 2014 7201 1746 2014 7202 1747 2014 7203 1804 2014 7204 1805 2014 7205 1745 2014 7206 1746 2014 7207 1805 2014 7208 1806 2014 7209 1744 2014 7210 1745 2014 7211 1806 2014 7212 1807 2014 7213 1743 2014 7214 1744 2014 7215 1807 2014 7216 1808 2014 7217 1742 2014 7218 1743 2014 7219 1808 2014 7220 1809 2014 7221 1741 2014 7222 1742 2014 7223 1809 2014 7224 1810 2014 7225 1740 2014 7226 1741 2014 7227 1810 2014 7228 1811 2014 7229 1739 2014 7230 1740 2014 7231 1811 2014 7232 1812 2014 7233 1738 2014 7234 1739 2014 7235 1812 2014 7236 1813 2014 7237 1737 2014 7238 1738 2014 7239 1813 2014 7240 1814 2014 7241 1736 2014 7242 1737 2014 7243 1814 2014 7244 1815 2014 7245 1735 2014 7246 1736 2014 7247 1815 2014 7248 1816 3314 7249 1734 3315 7250 1735 2014 7251 1816 3314 7252 1817 3316 7253 1733 3317 7254 1734 3315 7255 1817 3316 7256 1818 3318 7257 1732 3319 7258 1733 3317 7259 1818 3318 7260 1819 3320 7261 1731 3321 7262 1732 3319 7263 1819 3320 7264 1820 3322 7265 1730 3323 7266 1731 3321 7267 1820 3322 7268 1821 3324 7269 1729 3325 7270 1730 3323 7271 1821 3324 7272 1822 3326 7273 1728 3327 7274 1729 3325 7275 1822 3326 7276 1823 3328 7277 1727 3329 7278 1728 3327 7279 1823 3328 7280 1824 3330 7281 1726 3331 7282 1727 3329 7283 1824 3330 7284 1825 3332 7285 1725 3333 7286 1726 3331 7287 1825 3332 7288 1826 3334 7289 1724 3335 7290 1725 3333 7291 1826 3334 7292 1827 3216 7293 1723 3217 7294 1724 3335 7295 7 3336 7296 6 3336 7297 2 3336 7298 3 3336 7299 1677 3337 7300 1676 3337 7301 1678 3337 7302 1679 3337 7303</p>
        </polylist>
      </mesh>
    </geometry>
  </library_geometries>
  <library_visual_scenes>
    <visual_scene id="Scene" name="Scene">
      <node id="Cube" name="Cube" type="NODE">
        <matrix sid="transform">1 0 0 0 0 1 0 -13.1379 0 0 1 0 0 0 0 1</matrix>
        <instance_geometry url="#Cube-mesh" name="Cube">
          <bind_material>
            <technique_common>
              <instance_material symbol="ramp_Material-material" target="#ramp_Material-material">
                <bind_vertex_input semantic="UVMap" input_semantic="TEXCOORD" input_set="0"/>
              </instance_material>
            </technique_common>
          </bind_material>
        </instance_geometry>
      </node>
    </visual_scene>
  </library_visual_scenes>
  <scene>
    <instance_visual_scene url="#Scene"/>
  </scene>
</COLLADA>